,lluvia_mm,fecha
0,0.0,1981-01-01
1,0.0,1981-01-02
2,5.746550906844154,1981-01-03
3,0.0,1981-01-04
4,5.8204243994738,1981-01-05
5,0.0,1981-01-06
6,0.0,1981-01-07
7,0.0,1981-01-08
8,0.0,1981-01-09
9,1.7299295635167453,1981-01-10
10,0.0,1981-01-11
11,8.079077630728223,1981-01-12
12,0.0,1981-01-13
13,0.0,1981-01-14
14,0.0,1981-01-15
15,0.0,1981-01-16
16,0.0,1981-01-17
17,9.123377246940594,1981-01-18
18,2.6851885854883286,1981-01-19
19,0.0,1981-01-20
20,1.2772572215910882,1981-01-21
21,0.09461502105959001,1981-01-22
22,9.46454551808645,1981-01-23
23,7.644394545121627,1981-01-24
24,0.0,1981-01-25
25,0.0,1981-01-26
26,0.0,1981-01-27
27,0.32212955877578153,1981-01-28
28,5.1206388092041015,1981-01-29
29,0.0,1981-01-30
30,0.0,1981-01-31
31,0.0,1981-02-01
32,0.0,1981-02-02
33,10.276628730527818,1981-02-03
34,2.690048300290038,1981-02-04
35,0.01595694828592787,1981-02-05
36,1.073895333813083,1981-02-06
37,0.7385885724154386,1981-02-07
38,0.059907734219279814,1981-02-08
39,0.0,1981-02-09
40,0.0,1981-02-10
41,0.0,1981-02-11
42,28.045562288446508,1981-02-12
43,9.59981049143324,1981-02-13
44,5.52219210753343,1981-02-14
45,1.330196949128182,1981-02-15
46,0.7704089380079701,1981-02-16
47,0.19833393179426448,1981-02-17
48,0.0,1981-02-18
49,0.5557068043510236,1981-02-19
50,9.32331033734632,1981-02-20
51,4.85085091121036,1981-02-21
52,0.0,1981-02-22
53,11.50632931818361,1981-02-23
54,16.571552231892113,1981-02-24
55,0.0,1981-02-25
56,0.0,1981-02-26
57,0.0,1981-02-27
58,0.0,1981-02-28
59,0.0,1981-03-01
60,0.00040454486947604987,1981-03-02
61,0.0,1981-03-03
62,1.874634392324431,1981-03-04
63,0.0,1981-03-05
64,0.7113132659431077,1981-03-06
65,0.0,1981-03-07
66,38.89128143839123,1981-03-08
67,0.827465614167826,1981-03-09
68,0.0,1981-03-10
69,0.0,1981-03-11
70,0.0,1981-03-12
71,0.0,1981-03-13
72,0.335768461143516,1981-03-14
73,0.17659215829239563,1981-03-15
74,2.8569593672039226,1981-03-16
75,19.82736759641652,1981-03-17
76,0.0,1981-03-18
77,4.986829374514716,1981-03-19
78,0.0,1981-03-20
79,0.768355394598326,1981-03-21
80,0.0,1981-03-22
81,4.7921815576021976,1981-03-23
82,0.3509656753707841,1981-03-24
83,0.0,1981-03-25
84,1.6388889773360442,1981-03-26
85,0.3391739249579019,1981-03-27
86,0.0,1981-03-28
87,0.0,1981-03-29
88,0.0,1981-03-30
89,0.3661928786560238,1981-03-31
90,0.0,1981-04-01
91,0.0,1981-04-02
92,0.0,1981-04-03
93,0.0,1981-04-04
94,0.0,1981-04-05
95,0.0,1981-04-06
96,0.0,1981-04-07
97,0.0,1981-04-08
98,0.0,1981-04-09
99,0.0,1981-04-10
100,0.0,1981-04-11
101,0.0,1981-04-12
102,0.0,1981-04-13
103,0.14003919886703717,1981-04-14
104,0.0,1981-04-15
105,15.629854172261922,1981-04-16
106,0.0,1981-04-17
107,0.0,1981-04-18
108,6.89950650047347,1981-04-19
109,16.31551737192439,1981-04-20
110,0.0,1981-04-21
111,0.0,1981-04-22
112,0.0,1981-04-23
113,0.0,1981-04-24
114,21.864990069090094,1981-04-25
115,6.4752940937500885,1981-04-26
116,0.0,1981-04-27
117,0.0,1981-04-28
118,0.0,1981-04-29
119,0.0,1981-04-30
120,1.414913243744031,1981-05-01
121,3.9658878205878305,1981-05-02
122,1.2027976250159078,1981-05-03
123,7.50372706989389,1981-05-04
124,8.41259758217943,1981-05-05
125,9.0673778852899,1981-05-06
126,1.551086774389765,1981-05-07
127,0.0,1981-05-08
128,0.0,1981-05-09
129,0.0,1981-05-10
130,7.848794861566987,1981-05-11
131,0.74864565108179,1981-05-12
132,0.0,1981-05-13
133,0.0,1981-05-14
134,0.0,1981-05-15
135,0.0,1981-05-16
136,0.0,1981-05-17
137,10.192161110768918,1981-05-18
138,6.788580670874141,1981-05-19
139,7.21983984748639,1981-05-20
140,1.0116915570815639,1981-05-21
141,1.3656350295914235,1981-05-22
142,0.0,1981-05-23
143,3.064508139499822,1981-05-24
144,4.11136976093141,1981-05-25
145,7.1632421977918534,1981-05-26
146,8.802933437271898,1981-05-27
147,7.3031362364788555,1981-05-28
148,37.17636073898358,1981-05-29
149,7.028327220751742,1981-05-30
150,12.964714390287646,1981-05-31
151,27.000003521295593,1981-06-01
152,11.52689690581515,1981-06-02
153,11.463881376747514,1981-06-03
154,9.760087899378668,1981-06-04
155,19.767243515081777,1981-06-05
156,23.758324236939725,1981-06-06
157,13.360009821670841,1981-06-07
158,12.580848902817,1981-06-08
159,23.138898042360008,1981-06-09
160,21.064905813222765,1981-06-10
161,23.74347405654594,1981-06-11
162,26.53416853415303,1981-06-12
163,23.425273729391456,1981-06-13
164,20.05902103312204,1981-06-14
165,21.956775000060407,1981-06-15
166,30.466525388365273,1981-06-16
167,17.401218385109107,1981-06-17
168,7.07207556374961,1981-06-18
169,13.097274002091977,1981-06-19
170,20.714147953973136,1981-06-20
171,5.738138176590817,1981-06-21
172,29.001167788463604,1981-06-22
173,44.11623813047438,1981-06-23
174,8.604245251127006,1981-06-24
175,6.851694121011191,1981-06-25
176,31.148359163905173,1981-06-26
177,10.222640939807613,1981-06-27
178,3.021620084617145,1981-06-28
179,6.457631417970854,1981-06-29
180,5.608124309243345,1981-06-30
181,5.468435409299788,1981-07-01
182,5.885359577950845,1981-07-02
183,5.961219503313216,1981-07-03
184,1.4240044471315627,1981-07-04
185,10.59059462989181,1981-07-05
186,1.158808895094304,1981-07-06
187,20.57626986243508,1981-07-07
188,21.034285965189557,1981-07-08
189,23.486458954601332,1981-07-09
190,0.7124393239958196,1981-07-10
191,0.1215592844675014,1981-07-11
192,22.050849890666974,1981-07-12
193,24.001800966122985,1981-07-13
194,36.929225954072564,1981-07-14
195,1.5752874232317344,1981-07-15
196,19.483921902508335,1981-07-16
197,3.1779063401264183,1981-07-17
198,3.0363791513582825,1981-07-18
199,3.5805992791240167,1981-07-19
200,0.2673917915254744,1981-07-20
201,8.202245443741248,1981-07-21
202,5.117880736683822,1981-07-22
203,2.707301959180413,1981-07-23
204,7.028220373905999,1981-07-24
205,20.973330611343606,1981-07-25
206,26.763704006469148,1981-07-26
207,21.07995963563668,1981-07-27
208,3.3466865635197895,1981-07-28
209,3.1602643779855324,1981-07-29
210,10.755720686898552,1981-07-30
211,4.42475779964078,1981-07-31
212,0.0,1981-08-01
213,0.0,1981-08-02
214,4.116627678577502,1981-08-03
215,25.36740447363196,1981-08-04
216,23.707870884612856,1981-08-05
217,1.1480006038408472,1981-08-06
218,20.79803920997552,1981-08-07
219,0.5167229770425478,1981-08-08
220,5.742097697104178,1981-08-09
221,24.400598268145334,1981-08-10
222,5.177686048043438,1981-08-11
223,0.37879326862324025,1981-08-12
224,6.061075696637554,1981-08-13
225,10.169640326234257,1981-08-14
226,25.229464994973114,1981-08-15
227,5.635052812302217,1981-08-16
228,0.9258778378550958,1981-08-17
229,23.01350780727576,1981-08-18
230,0.0,1981-08-19
231,10.2875124112462,1981-08-20
232,17.692288892919365,1981-08-21
233,20.85303997023015,1981-08-22
234,2.9892592942749654,1981-08-23
235,13.918870681359971,1981-08-24
236,8.148730102969754,1981-08-25
237,33.24729269475183,1981-08-26
238,21.571329489173785,1981-08-27
239,22.443077226034713,1981-08-28
240,16.344630779534842,1981-08-29
241,1.2958614244209359,1981-08-30
242,4.452404419739576,1981-08-31
243,10.490622659107109,1981-09-01
244,7.4042876941088,1981-09-02
245,12.234825977090523,1981-09-03
246,15.452166125333902,1981-09-04
247,3.124672563544467,1981-09-05
248,7.947561613877149,1981-09-06
249,4.720928097778052,1981-09-07
250,2.3387079467102234,1981-09-08
251,18.513294949825205,1981-09-09
252,1.5520391672867135,1981-09-10
253,10.005233831153939,1981-09-11
254,18.4930760647055,1981-09-12
255,17.185269801288058,1981-09-13
256,0.5581269819086249,1981-09-14
257,0.0,1981-09-15
258,0.07981826133392424,1981-09-16
259,23.93766134345986,1981-09-17
260,0.37032710732602653,1981-09-18
261,4.026354894749931,1981-09-19
262,0.0,1981-09-20
263,0.0,1981-09-21
264,13.768773573822283,1981-09-22
265,4.905457758693751,1981-09-23
266,16.411900864989875,1981-09-24
267,0.6266729908604776,1981-09-25
268,0.0,1981-09-26
269,3.570756814794457,1981-09-27
270,18.5783192037767,1981-09-28
271,7.915592054523679,1981-09-29
272,10.282468100125492,1981-09-30
273,5.205858637007103,1981-10-01
274,5.292090296871153,1981-10-02
275,6.073005123753703,1981-10-03
276,11.210402643589681,1981-10-04
277,14.3015774668137,1981-10-05
278,15.145892593518033,1981-10-06
279,0.8049808703279915,1981-10-07
280,0.9142789610250256,1981-10-08
281,0.4030479880302183,1981-10-09
282,2.5524908697849846,1981-10-10
283,11.945834728364021,1981-10-11
284,40.188620319869855,1981-10-12
285,4.4077251457818445,1981-10-13
286,0.27557170157558414,1981-10-14
287,0.0,1981-10-15
288,0.0,1981-10-16
289,0.0,1981-10-17
290,0.0,1981-10-18
291,4.6767256075056425,1981-10-19
292,0.0,1981-10-20
293,0.0,1981-10-21
294,0.0,1981-10-22
295,16.995546758601396,1981-10-23
296,14.370423266950592,1981-10-24
297,2.747859461775972,1981-10-25
298,0.0,1981-10-26
299,2.540230653544675,1981-10-27
300,49.41911845031021,1981-10-28
301,18.76341384266828,1981-10-29
302,5.760271462694993,1981-10-30
303,0.0,1981-10-31
304,0.06602790250806165,1981-11-01
305,0.0,1981-11-02
306,0.0,1981-11-03
307,0.0,1981-11-04
308,0.0,1981-11-05
309,0.0,1981-11-06
310,15.479210984657938,1981-11-07
311,0.0,1981-11-08
312,0.0,1981-11-09
313,55.70693718051631,1981-11-10
314,0.05116808071863617,1981-11-11
315,0.0,1981-11-12
316,0.0,1981-11-13
317,0.0,1981-11-14
318,0.0,1981-11-15
319,0.0,1981-11-16
320,0.0,1981-11-17
321,5.477595094026359,1981-11-18
322,0.0,1981-11-19
323,0.05381864228905821,1981-11-20
324,0.0855148709764229,1981-11-21
325,0.0,1981-11-22
326,0.0,1981-11-23
327,0.0,1981-11-24
328,0.0,1981-11-25
329,0.03742138353610668,1981-11-26
330,0.0,1981-11-27
331,0.03876067452416742,1981-11-28
332,0.0,1981-11-29
333,0.0,1981-11-30
334,5.641508263262137,1981-12-01
335,4.92302382880292,1981-12-02
336,12.24483161006156,1981-12-03
337,40.334495816552405,1981-12-04
338,9.979369575005476,1981-12-05
339,0.0,1981-12-06
340,0.0,1981-12-07
341,0.0,1981-12-08
342,12.712395576437899,1981-12-09
343,0.3627113758993289,1981-12-10
344,0.0,1981-12-11
345,0.0,1981-12-12
346,0.0,1981-12-13
347,0.0,1981-12-14
348,0.0,1981-12-15
349,0.0,1981-12-16
350,0.0,1981-12-17
351,0.0,1981-12-18
352,0.0,1981-12-19
353,0.0,1981-12-20
354,0.0,1981-12-21
355,0.0,1981-12-22
356,4.363644043259606,1981-12-23
357,0.0,1981-12-24
358,0.0,1981-12-25
359,0.0,1981-12-26
360,0.0,1981-12-27
361,0.0,1981-12-28
362,0.0,1981-12-29
363,38.41252998396798,1981-12-30
364,0.0,1981-12-31
365,0.0,1982-01-01
366,0.0,1982-01-02
367,0.0,1982-01-03
368,13.245580182481023,1982-01-04
369,21.66200910713665,1982-01-05
370,0.0,1982-01-06
371,0.0,1982-01-07
372,3.454513742049769,1982-01-08
373,30.54982097799127,1982-01-09
374,0.0,1982-01-10
375,3.7290309659057357,1982-01-11
376,3.9176876892162564,1982-01-12
377,0.0,1982-01-13
378,1.8907977672476226,1982-01-14
379,1.2320443040954054,1982-01-15
380,0.0,1982-01-16
381,2.942553701009219,1982-01-17
382,7.953670712398298,1982-01-18
383,0.635385463999863,1982-01-19
384,0.0,1982-01-20
385,5.76587344807264,1982-01-21
386,0.0,1982-01-22
387,0.0,1982-01-23
388,0.32493376006129204,1982-01-24
389,5.79659279166079,1982-01-25
390,0.0,1982-01-26
391,4.84470264536894,1982-01-27
392,4.846720681008705,1982-01-28
393,4.434667903516997,1982-01-29
394,0.03680450222708963,1982-01-30
395,4.184188336095502,1982-01-31
396,5.607961104468519,1982-02-01
397,0.0,1982-02-02
398,0.0,1982-02-03
399,1.771883646372127,1982-02-04
400,0.0,1982-02-05
401,1.306583613859943,1982-02-06
402,5.020453790345849,1982-02-07
403,0.05637460761755443,1982-02-08
404,28.143018752291052,1982-02-09
405,0.0,1982-02-10
406,0.0,1982-02-11
407,0.0,1982-02-12
408,0.857848949320505,1982-02-13
409,0.8093342294720961,1982-02-14
410,0.0,1982-02-15
411,0.2507795386719913,1982-02-16
412,0.0,1982-02-17
413,7.181927398530619,1982-02-18
414,4.290700878439761,1982-02-19
415,0.7014055946215856,1982-02-20
416,0.0,1982-02-21
417,7.31869489054526,1982-02-22
418,0.0,1982-02-23
419,0.0,1982-02-24
420,0.0,1982-02-25
421,0.0,1982-02-26
422,0.0,1982-02-27
423,1.9329632825376002,1982-02-28
424,1.0576132356805887,1982-03-01
425,1.1884986546172427,1982-03-02
426,0.0,1982-03-03
427,0.0,1982-03-04
428,0.0,1982-03-05
429,0.0,1982-03-06
430,0.0,1982-03-07
431,1.8443879810176635,1982-03-08
432,0.42899489335650226,1982-03-09
433,0.0,1982-03-10
434,0.10188329779157891,1982-03-11
435,0.0,1982-03-12
436,0.0,1982-03-13
437,0.0,1982-03-14
438,0.0,1982-03-15
439,0.0,1982-03-16
440,0.13538723173728787,1982-03-17
441,0.0,1982-03-18
442,0.0,1982-03-19
443,0.0,1982-03-20
444,0.0,1982-03-21
445,0.0,1982-03-22
446,0.0,1982-03-23
447,0.0,1982-03-24
448,0.0,1982-03-25
449,24.270094951730318,1982-03-26
450,13.24895968599404,1982-03-27
451,0.8310793943768723,1982-03-28
452,0.0,1982-03-29
453,0.0,1982-03-30
454,0.0,1982-03-31
455,0.0,1982-04-01
456,0.0,1982-04-02
457,0.0,1982-04-03
458,0.0,1982-04-04
459,0.0,1982-04-05
460,0.0,1982-04-06
461,0.0,1982-04-07
462,0.0,1982-04-08
463,0.0,1982-04-09
464,0.0,1982-04-10
465,0.2577012703635476,1982-04-11
466,0.9629646173740063,1982-04-12
467,0.31245232954053237,1982-04-13
468,0.0,1982-04-14
469,0.0,1982-04-15
470,0.0,1982-04-16
471,0.0,1982-04-17
472,1.9953913247899924,1982-04-18
473,0.0,1982-04-19
474,0.0,1982-04-20
475,0.0,1982-04-21
476,24.200867522455024,1982-04-22
477,0.0,1982-04-23
478,0.49795451793502854,1982-04-24
479,3.20900447417564,1982-04-25
480,0.0,1982-04-26
481,0.0,1982-04-27
482,0.0,1982-04-28
483,4.00042899520516,1982-04-29
484,12.16520099550398,1982-04-30
485,7.920272116115719,1982-05-01
486,11.851242752802337,1982-05-02
487,0.0,1982-05-03
488,0.0,1982-05-04
489,0.0,1982-05-05
490,0.0,1982-05-06
491,0.0,1982-05-07
492,0.0,1982-05-08
493,0.0,1982-05-09
494,0.0,1982-05-10
495,0.0,1982-05-11
496,0.0,1982-05-12
497,0.0,1982-05-13
498,0.0,1982-05-14
499,5.170814990549841,1982-05-15
500,0.0,1982-05-16
501,3.6325227538861147,1982-05-17
502,2.601375406284836,1982-05-18
503,2.122542636023938,1982-05-19
504,8.41931961795102,1982-05-20
505,19.31622369950817,1982-05-21
506,17.040184251835612,1982-05-22
507,25.53201923873768,1982-05-23
508,13.149255353698281,1982-05-24
509,20.211577554182576,1982-05-25
510,12.699317815450629,1982-05-26
511,23.601724501411237,1982-05-27
512,15.587198647641726,1982-05-28
513,32.35873816515344,1982-05-29
514,19.41081113750984,1982-05-30
515,23.465703113281833,1982-05-31
516,9.075248599891442,1982-06-01
517,3.7855504798329824,1982-06-02
518,0.6484020555194171,1982-06-03
519,10.844994119856716,1982-06-04
520,5.826959774067674,1982-06-05
521,3.245979827981541,1982-06-06
522,3.053217970325101,1982-06-07
523,2.651212443690146,1982-06-08
524,0.626295675686028,1982-06-09
525,0.0,1982-06-10
526,0.12220251804922333,1982-06-11
527,2.8061367511469597,1982-06-12
528,18.97096242915849,1982-06-13
529,32.17555250324463,1982-06-14
530,11.263798516852415,1982-06-15
531,6.886887849181278,1982-06-16
532,6.583053021570805,1982-06-17
533,10.818712127397486,1982-06-18
534,1.8733175646175038,1982-06-19
535,16.65781719179797,1982-06-20
536,0.0,1982-06-21
537,9.833132626653766,1982-06-22
538,21.69180266942447,1982-06-23
539,3.475662566154234,1982-06-24
540,2.222947524957293,1982-06-25
541,0.1260699316343604,1982-06-26
542,15.637887565914832,1982-06-27
543,17.647450308254385,1982-06-28
544,8.264384037476482,1982-06-29
545,0.008914160071230356,1982-06-30
546,0.0,1982-07-01
547,3.371822124240685,1982-07-02
548,4.530484729778031,1982-07-03
549,1.7713263341618422,1982-07-04
550,25.357855018157064,1982-07-05
551,0.0,1982-07-06
552,0.0,1982-07-07
553,2.753760493745552,1982-07-08
554,24.902138631211002,1982-07-09
555,0.10015595987045871,1982-07-10
556,1.8013531763742394,1982-07-11
557,41.0256120450196,1982-07-12
558,6.081349077252699,1982-07-13
559,11.756349214850285,1982-07-14
560,11.673094046360585,1982-07-15
561,12.448537027269513,1982-07-16
562,18.388012232794438,1982-07-17
563,7.248465528669946,1982-07-18
564,6.53306810629333,1982-07-19
565,4.776686738285501,1982-07-20
566,12.97546997652026,1982-07-21
567,30.15650008584747,1982-07-22
568,1.125687646502274,1982-07-23
569,50.84715945615797,1982-07-24
570,1.9401401580184088,1982-07-25
571,0.04012137074624338,1982-07-26
572,11.160402284493543,1982-07-27
573,0.9149258924020002,1982-07-28
574,1.3228425740776175,1982-07-29
575,24.96429927842708,1982-07-30
576,30.9019813101872,1982-07-31
577,4.50482331312297,1982-08-01
578,0.3625469695507955,1982-08-02
579,9.631607972869425,1982-08-03
580,3.7979740849268397,1982-08-04
581,3.610391247097698,1982-08-05
582,0.0,1982-08-06
583,0.0,1982-08-07
584,3.14301886936087,1982-08-08
585,0.49170023031598314,1982-08-09
586,11.829240567243692,1982-08-10
587,2.113639257045086,1982-08-11
588,7.873485516634854,1982-08-12
589,17.699329588462184,1982-08-13
590,0.0,1982-08-14
591,2.432967572673675,1982-08-15
592,0.0,1982-08-16
593,17.574903359007624,1982-08-17
594,9.464623101142145,1982-08-18
595,5.455941670157692,1982-08-19
596,17.932329667726222,1982-08-20
597,13.404467883571503,1982-08-21
598,7.538933402590039,1982-08-22
599,0.4681385482161625,1982-08-23
600,0.0,1982-08-24
601,17.32783586815306,1982-08-25
602,7.057950260016925,1982-08-26
603,10.931021851570375,1982-08-27
604,22.98267910227398,1982-08-28
605,14.719312962395007,1982-08-29
606,1.1222143156437583,1982-08-30
607,3.791228473585023,1982-08-31
608,27.99922197901259,1982-09-01
609,5.172720525299699,1982-09-02
610,0.0,1982-09-03
611,0.0,1982-09-04
612,3.1271579478982603,1982-09-05
613,1.145207091943959,1982-09-06
614,6.0123223855977885,1982-09-07
615,10.096568932770985,1982-09-08
616,15.03239905125235,1982-09-09
617,8.648686284068042,1982-09-10
618,8.27989870974745,1982-09-11
619,1.8381223688377315,1982-09-12
620,3.0428106599399425,1982-09-13
621,2.3554822050860906,1982-09-14
622,4.826426454023882,1982-09-15
623,3.298070057927688,1982-09-16
624,4.30755779436956,1982-09-17
625,1.7143815896378236,1982-09-18
626,31.383476043992022,1982-09-19
627,34.429655349205674,1982-09-20
628,1.1083852467578876,1982-09-21
629,10.645766516207251,1982-09-22
630,26.284913494468082,1982-09-23
631,10.264052686509498,1982-09-24
632,13.66141374411821,1982-09-25
633,20.586853889677883,1982-09-26
634,1.2580191982806253,1982-09-27
635,0.916430665013378,1982-09-28
636,22.94101321816095,1982-09-29
637,12.765251883369734,1982-09-30
638,9.38665086130942,1982-10-01
639,9.584504225834374,1982-10-02
640,31.542444287800738,1982-10-03
641,15.48907238605085,1982-10-04
642,29.368181837367178,1982-10-05
643,2.423772954073819,1982-10-06
644,12.812581448736776,1982-10-07
645,2.263726877481008,1982-10-08
646,0.0,1982-10-09
647,0.0,1982-10-10
648,5.746686171450571,1982-10-11
649,0.2300233467303413,1982-10-12
650,0.0,1982-10-13
651,1.5292070505695958,1982-10-14
652,20.536593196091413,1982-10-15
653,14.7685020413217,1982-10-16
654,3.493285814688003,1982-10-17
655,6.867021978523724,1982-10-18
656,4.04506269850689,1982-10-19
657,9.559053043969566,1982-10-20
658,0.0,1982-10-21
659,0.0,1982-10-22
660,0.0,1982-10-23
661,0.0,1982-10-24
662,0.0,1982-10-25
663,0.0,1982-10-26
664,0.0,1982-10-27
665,0.0,1982-10-28
666,0.0,1982-10-29
667,0.0,1982-10-30
668,0.0,1982-10-31
669,11.250782171596184,1982-11-01
670,1.1976689238562264,1982-11-02
671,17.09120380837897,1982-11-03
672,38.80562158618155,1982-11-04
673,8.473141251141726,1982-11-05
674,0.0,1982-11-06
675,0.0,1982-11-07
676,0.0,1982-11-08
677,0.0,1982-11-09
678,0.0,1982-11-10
679,0.0,1982-11-11
680,0.0,1982-11-12
681,0.0,1982-11-13
682,0.0,1982-11-14
683,0.0,1982-11-15
684,0.0,1982-11-16
685,0.0,1982-11-17
686,0.0,1982-11-18
687,0.0,1982-11-19
688,0.0,1982-11-20
689,0.0,1982-11-21
690,0.0,1982-11-22
691,0.0,1982-11-23
692,0.0,1982-11-24
693,0.0,1982-11-25
694,0.0,1982-11-26
695,0.0,1982-11-27
696,0.0,1982-11-28
697,0.0,1982-11-29
698,0.0,1982-11-30
699,0.0,1982-12-01
700,0.0,1982-12-02
701,0.0,1982-12-03
702,0.0,1982-12-04
703,61.39364173273888,1982-12-05
704,0.0,1982-12-06
705,0.0,1982-12-07
706,0.0,1982-12-08
707,0.0,1982-12-09
708,0.0,1982-12-10
709,0.0,1982-12-11
710,0.0,1982-12-12
711,8.54654714240357,1982-12-13
712,0.0,1982-12-14
713,0.0,1982-12-15
714,0.23604139065113236,1982-12-16
715,22.328229889855713,1982-12-17
716,0.0,1982-12-18
717,0.0,1982-12-19
718,1.3073413248985049,1982-12-20
719,0.0,1982-12-21
720,0.0,1982-12-22
721,0.0,1982-12-23
722,0.0,1982-12-24
723,0.0,1982-12-25
724,2.7138715108608573,1982-12-26
725,4.006464219750547,1982-12-27
726,0.0,1982-12-28
727,0.0,1982-12-29
728,0.0,1982-12-30
729,0.0,1982-12-31
730,0.0,1983-01-01
731,0.0,1983-01-02
732,12.25568253427657,1983-01-03
733,7.544769325116514,1983-01-04
734,0.0,1983-01-05
735,0.0,1983-01-06
736,0.0,1983-01-07
737,0.0,1983-01-08
738,0.0,1983-01-09
739,0.0,1983-01-10
740,15.879403136105134,1983-01-11
741,16.904400785200057,1983-01-12
742,0.0,1983-01-13
743,0.0,1983-01-14
744,0.0,1983-01-15
745,0.0,1983-01-16
746,3.84383584802801,1983-01-17
747,0.0,1983-01-18
748,0.0,1983-01-19
749,0.0,1983-01-20
750,0.0,1983-01-21
751,0.0,1983-01-22
752,0.0,1983-01-23
753,0.0,1983-01-24
754,0.0,1983-01-25
755,0.547567711869293,1983-01-26
756,10.425519212487854,1983-01-27
757,4.068122526893167,1983-01-28
758,0.0,1983-01-29
759,0.0,1983-01-30
760,0.0,1983-01-31
761,0.0,1983-02-01
762,0.0,1983-02-02
763,0.0,1983-02-03
764,4.21645111190259,1983-02-04
765,0.0,1983-02-05
766,0.0,1983-02-06
767,0.0,1983-02-07
768,7.028029641741533,1983-02-08
769,0.30862730977821906,1983-02-09
770,0.0,1983-02-10
771,0.0,1983-02-11
772,0.0,1983-02-12
773,3.442843066464421,1983-02-13
774,0.0,1983-02-14
775,0.0,1983-02-15
776,0.0,1983-02-16
777,0.0,1983-02-17
778,5.373759481200724,1983-02-18
779,0.0,1983-02-19
780,0.0,1983-02-20
781,5.929141799529626,1983-02-21
782,8.681005465613781,1983-02-22
783,3.567200670570922,1983-02-23
784,0.34067034002622903,1983-02-24
785,0.3712632164857256,1983-02-25
786,3.43686795345849,1983-02-26
787,6.4073503567536205,1983-02-27
788,0.8557634171292929,1983-02-28
789,1.5897060545308848,1983-03-01
790,0.0,1983-03-02
791,0.0,1983-03-03
792,0.0,1983-03-04
793,0.0,1983-03-05
794,0.0,1983-03-06
795,0.0,1983-03-07
796,0.0,1983-03-08
797,0.0,1983-03-09
798,14.177972360300526,1983-03-10
799,0.4506079086600161,1983-03-11
800,0.0,1983-03-12
801,0.0,1983-03-13
802,0.7002667860551315,1983-03-14
803,1.3614561594406531,1983-03-15
804,0.0,1983-03-16
805,0.0,1983-03-17
806,0.0,1983-03-18
807,0.0,1983-03-19
808,0.0,1983-03-20
809,0.0,1983-03-21
810,0.0,1983-03-22
811,0.0,1983-03-23
812,0.0,1983-03-24
813,6.733655723868228,1983-03-25
814,0.0,1983-03-26
815,0.0,1983-03-27
816,5.168858154917744,1983-03-28
817,0.0,1983-03-29
818,0.0,1983-03-30
819,0.20288347336553758,1983-03-31
820,9.056527431584525,1983-04-01
821,0.9445401044220519,1983-04-02
822,0.13911417581468735,1983-04-03
823,0.0,1983-04-04
824,0.7938140666729544,1983-04-05
825,9.166633758894509,1983-04-06
826,12.61378132810341,1983-04-07
827,0.0,1983-04-08
828,0.0,1983-04-09
829,10.898075273295651,1983-04-10
830,4.047122647825223,1983-04-11
831,0.0,1983-04-12
832,0.0,1983-04-13
833,0.0,1983-04-14
834,0.0,1983-04-15
835,0.0,1983-04-16
836,0.0,1983-04-17
837,0.0,1983-04-18
838,0.0,1983-04-19
839,0.0,1983-04-20
840,0.0,1983-04-21
841,0.0,1983-04-22
842,0.0,1983-04-23
843,5.777359268322719,1983-04-24
844,0.0,1983-04-25
845,0.0,1983-04-26
846,0.09823763363522169,1983-04-27
847,6.190435388682525,1983-04-28
848,0.0,1983-04-29
849,15.17249217947907,1983-04-30
850,0.0,1983-05-01
851,0.0,1983-05-02
852,0.0,1983-05-03
853,0.7691731464128692,1983-05-04
854,13.509128520775402,1983-05-05
855,0.0,1983-05-06
856,0.0,1983-05-07
857,0.0,1983-05-08
858,0.0,1983-05-09
859,0.0,1983-05-10
860,0.0,1983-05-11
861,0.0,1983-05-12
862,0.0,1983-05-13
863,0.0,1983-05-14
864,0.0,1983-05-15
865,0.0,1983-05-16
866,0.0,1983-05-17
867,0.0,1983-05-18
868,0.0,1983-05-19
869,0.0,1983-05-20
870,0.0,1983-05-21
871,0.0,1983-05-22
872,0.0,1983-05-23
873,0.0,1983-05-24
874,0.7651914290039421,1983-05-25
875,0.0,1983-05-26
876,0.0,1983-05-27
877,11.394590065612121,1983-05-28
878,5.9209109652287095,1983-05-29
879,16.922498181362656,1983-05-30
880,1.6675284539779263,1983-05-31
881,9.398938064715031,1983-06-01
882,3.6628227973893246,1983-06-02
883,4.3201630304006535,1983-06-03
884,4.241594942322226,1983-06-04
885,1.6219102082434291,1983-06-05
886,0.9945142061619464,1983-06-06
887,3.6968486163623173,1983-06-07
888,15.385313511006645,1983-06-08
889,15.965125157588387,1983-06-09
890,10.948929970956616,1983-06-10
891,3.9786755791437582,1983-06-11
892,1.756399246590578,1983-06-12
893,8.789328390216546,1983-06-13
894,13.384482929280082,1983-06-14
895,4.53887049135225,1983-06-15
896,1.0759260277174785,1983-06-16
897,0.988579474390427,1983-06-17
898,26.850817763700526,1983-06-18
899,19.895340593511406,1983-06-19
900,11.097471997968611,1983-06-20
901,2.022046294701763,1983-06-21
902,16.625877197075454,1983-06-22
903,22.48486083738266,1983-06-23
904,3.497550307970243,1983-06-24
905,4.043943215619086,1983-06-25
906,6.3031213447145715,1983-06-26
907,18.259453743909468,1983-06-27
908,20.454567914834122,1983-06-28
909,2.877928429544846,1983-06-29
910,7.9692747579501875,1983-06-30
911,2.1305236923799487,1983-07-01
912,8.258481981439672,1983-07-02
913,6.421054213347674,1983-07-03
914,3.1600755702155774,1983-07-04
915,13.73934840560309,1983-07-05
916,12.428430528836516,1983-07-06
917,0.0,1983-07-07
918,26.205653530803243,1983-07-08
919,0.49636125950519644,1983-07-09
920,0.5440576679755516,1983-07-10
921,8.665709762838926,1983-07-11
922,14.393444891563258,1983-07-12
923,13.145468155421815,1983-07-13
924,5.685762678688921,1983-07-14
925,4.476303557454664,1983-07-15
926,11.721020080057407,1983-07-16
927,40.617600445789314,1983-07-17
928,17.486968013254433,1983-07-18
929,24.953706375944297,1983-07-19
930,10.582723904243313,1983-07-20
931,19.014573537820944,1983-07-21
932,8.41402924999114,1983-07-22
933,39.38745222455247,1983-07-23
934,31.368977700398457,1983-07-24
935,15.111649933252862,1983-07-25
936,0.47664487248641657,1983-07-26
937,9.023326668193965,1983-07-27
938,33.236968526812255,1983-07-28
939,3.5758285464848942,1983-07-29
940,0.0,1983-07-30
941,0.0029755528022117283,1983-07-31
942,1.1506330260783,1983-08-01
943,0.9408502918254597,1983-08-02
944,11.948266695811254,1983-08-03
945,11.703750624279122,1983-08-04
946,9.083983773933477,1983-08-05
947,0.5234254013687984,1983-08-06
948,0.06178044059059836,1983-08-07
949,3.5420943398909137,1983-08-08
950,4.814843636090456,1983-08-09
951,19.952979785885642,1983-08-10
952,2.1413716600647423,1983-08-11
953,2.32202233678085,1983-08-12
954,17.419870853480006,1983-08-13
955,4.280165269689476,1983-08-14
956,0.0,1983-08-15
957,0.0,1983-08-16
958,0.028721792607013782,1983-08-17
959,1.7497421549352385,1983-08-18
960,8.548995732701766,1983-08-19
961,11.635219804590403,1983-08-20
962,23.875523449626485,1983-08-21
963,14.098921637549074,1983-08-22
964,0.0,1983-08-23
965,15.910066330705572,1983-08-24
966,5.532578388672771,1983-08-25
967,2.871346161861923,1983-08-26
968,8.042498601314959,1983-08-27
969,0.0,1983-08-28
970,9.86128688504619,1983-08-29
971,38.582489047567876,1983-08-30
972,5.151622955009035,1983-08-31
973,13.145609085189284,1983-09-01
974,19.37804107973653,1983-09-02
975,18.59860639012804,1983-09-03
976,8.973104355887584,1983-09-04
977,16.78615739148383,1983-09-05
978,19.17965592524173,1983-09-06
979,22.426009819780266,1983-09-07
980,9.373985051018055,1983-09-08
981,10.815747603531106,1983-09-09
982,9.401801835616663,1983-09-10
983,0.41375630742294,1983-09-11
984,0.4032743718826876,1983-09-12
985,7.488982949131044,1983-09-13
986,29.713082700712594,1983-09-14
987,19.27039308606704,1983-09-15
988,6.880691962759518,1983-09-16
989,2.3580681699042447,1983-09-17
990,5.490301719117375,1983-09-18
991,1.4365373108603736,1983-09-19
992,18.27870468704582,1983-09-20
993,0.0,1983-09-21
994,17.545941567630713,1983-09-22
995,0.13122278554698238,1983-09-23
996,1.6193579823110813,1983-09-24
997,22.652004774770433,1983-09-25
998,7.003723209190928,1983-09-26
999,11.243628879110837,1983-09-27
1000,4.019333219668033,1983-09-28
1001,0.0,1983-09-29
1002,7.441328965799548,1983-09-30
1003,3.4396074005305945,1983-10-01
1004,1.734578047050409,1983-10-02
1005,4.3667954616602564,1983-10-03
1006,0.0,1983-10-04
1007,0.8902517145330257,1983-10-05
1008,20.67295082243307,1983-10-06
1009,23.351013864869596,1983-10-07
1010,0.0,1983-10-08
1011,0.0,1983-10-09
1012,0.0,1983-10-10
1013,0.6070671522302713,1983-10-11
1014,0.6598979331880721,1983-10-12
1015,33.87619397345177,1983-10-13
1016,17.392063537105443,1983-10-14
1017,1.1896883491896464,1983-10-15
1018,6.904585447842774,1983-10-16
1019,7.1225032744869115,1983-10-17
1020,0.09408500839188652,1983-10-18
1021,1.7626904287366225,1983-10-19
1022,0.0,1983-10-20
1023,0.02135943247775528,1983-10-21
1024,0.0,1983-10-22
1025,0.0,1983-10-23
1026,0.13882833044549936,1983-10-24
1027,13.980581010052186,1983-10-25
1028,48.62522237492446,1983-10-26
1029,5.507378566216164,1983-10-27
1030,0.0,1983-10-28
1031,0.0,1983-10-29
1032,0.0,1983-10-30
1033,0.0,1983-10-31
1034,21.592798145998966,1983-11-01
1035,14.513114610878958,1983-11-02
1036,0.0,1983-11-03
1037,0.0,1983-11-04
1038,0.0,1983-11-05
1039,0.0,1983-11-06
1040,0.0,1983-11-07
1041,0.0,1983-11-08
1042,0.8777398789033862,1983-11-09
1043,7.8907330370928195,1983-11-10
1044,29.462236317945013,1983-11-11
1045,3.8343919035276715,1983-11-12
1046,0.0,1983-11-13
1047,0.0,1983-11-14
1048,2.8491423347898244,1983-11-15
1049,1.3527063247255564,1983-11-16
1050,0.0,1983-11-17
1051,0.0,1983-11-18
1052,0.0,1983-11-19
1053,0.0,1983-11-20
1054,0.24070795970927938,1983-11-21
1055,0.0,1983-11-22
1056,0.18755924493336606,1983-11-23
1057,4.118651046221557,1983-11-24
1058,32.660300167117306,1983-11-25
1059,0.0,1983-11-26
1060,0.0,1983-11-27
1061,0.05865816004465053,1983-11-28
1062,1.4745190166238464,1983-11-29
1063,0.6868202455582157,1983-11-30
1064,0.0,1983-12-01
1065,23.709185283079176,1983-12-02
1066,0.0,1983-12-03
1067,0.0,1983-12-04
1068,0.0,1983-12-05
1069,0.0,1983-12-06
1070,0.030184955820659738,1983-12-07
1071,0.0,1983-12-08
1072,0.0,1983-12-09
1073,0.0,1983-12-10
1074,3.199433872720713,1983-12-11
1075,0.0042002177308381825,1983-12-12
1076,0.0,1983-12-13
1077,0.0,1983-12-14
1078,0.0,1983-12-15
1079,0.0,1983-12-16
1080,0.028152759753364273,1983-12-17
1081,76.23076584581058,1983-12-18
1082,0.0,1983-12-19
1083,0.00442824209890058,1983-12-20
1084,0.0,1983-12-21
1085,0.0,1983-12-22
1086,0.0,1983-12-23
1087,0.0,1983-12-24
1088,0.13698870913374112,1983-12-25
1089,0.005731474129685209,1983-12-26
1090,0.0,1983-12-27
1091,0.0,1983-12-28
1092,0.036660935186570695,1983-12-29
1093,0.23749806720140745,1983-12-30
1094,0.0,1983-12-31
1095,0.0,1984-01-01
1096,0.0,1984-01-02
1097,0.028439470218423524,1984-01-03
1098,0.0,1984-01-04
1099,2.0862375768678283,1984-01-05
1100,7.770243044207175,1984-01-06
1101,0.0,1984-01-07
1102,0.0,1984-01-08
1103,0.0,1984-01-09
1104,0.0,1984-01-10
1105,5.573126843611865,1984-01-11
1106,0.0,1984-01-12
1107,0.0,1984-01-13
1108,17.780812761357094,1984-01-14
1109,3.806147484457738,1984-01-15
1110,7.9348370000973505,1984-01-16
1111,0.0,1984-01-17
1112,0.0,1984-01-18
1113,5.343676647314929,1984-01-19
1114,0.1221052857787728,1984-01-20
1115,7.525648419276711,1984-01-21
1116,12.057158663293837,1984-01-22
1117,0.0,1984-01-23
1118,0.0,1984-01-24
1119,0.0,1984-01-25
1120,1.6238676416838973,1984-01-26
1121,2.7304202191640905,1984-01-27
1122,6.935801270308734,1984-01-28
1123,0.0,1984-01-29
1124,0.0,1984-01-30
1125,1.9409292740136648,1984-01-31
1126,0.0,1984-02-01
1127,0.0,1984-02-02
1128,0.0,1984-02-03
1129,1.2801194934341564,1984-02-04
1130,22.629930638959337,1984-02-05
1131,1.1217864566254825,1984-02-06
1132,0.0,1984-02-07
1133,0.0,1984-02-08
1134,1.0161223535733488,1984-02-09
1135,0.0,1984-02-10
1136,0.0,1984-02-11
1137,0.0,1984-02-12
1138,0.0,1984-02-13
1139,4.840795994280373,1984-02-14
1140,0.31197733971380415,1984-02-15
1141,0.05564106888085866,1984-02-16
1142,8.98453176165606,1984-02-17
1143,0.005813178456773507,1984-02-18
1144,7.29263629932907,1984-02-19
1145,0.0,1984-02-20
1146,6.597213775125767,1984-02-21
1147,4.114445489760368,1984-02-22
1148,0.0,1984-02-23
1149,0.0,1984-02-24
1150,0.0,1984-02-25
1151,0.0,1984-02-26
1152,0.0,1984-02-27
1153,1.1501048282444302,1984-02-28
1154,0.0,1984-02-29
1155,0.0,1984-03-01
1156,0.009254860640271319,1984-03-02
1157,0.0,1984-03-03
1158,0.0,1984-03-04
1159,0.0,1984-03-05
1160,0.0,1984-03-06
1161,0.0,1984-03-07
1162,0.0,1984-03-08
1163,0.0,1984-03-09
1164,0.0,1984-03-10
1165,0.0,1984-03-11
1166,0.0,1984-03-12
1167,0.0,1984-03-13
1168,0.0,1984-03-14
1169,0.0,1984-03-15
1170,0.0,1984-03-16
1171,0.0,1984-03-17
1172,0.0,1984-03-18
1173,0.0,1984-03-19
1174,1.8519059891015555,1984-03-20
1175,0.0,1984-03-21
1176,13.976316410830997,1984-03-22
1177,15.767613207489857,1984-03-23
1178,18.667820075669944,1984-03-24
1179,2.3545644078576324,1984-03-25
1180,3.110728898929361,1984-03-26
1181,7.903126450647705,1984-03-27
1182,0.0,1984-03-28
1183,0.0,1984-03-29
1184,0.0,1984-03-30
1185,0.0,1984-03-31
1186,0.25608709475162095,1984-04-01
1187,0.39860362765726104,1984-04-02
1188,0.0,1984-04-03
1189,0.0,1984-04-04
1190,1.756850800821858,1984-04-05
1191,0.0,1984-04-06
1192,2.4520180013312625,1984-04-07
1193,0.0,1984-04-08
1194,0.0,1984-04-09
1195,0.0,1984-04-10
1196,0.29169155204750574,1984-04-11
1197,11.552776409286208,1984-04-12
1198,0.9075561130920814,1984-04-13
1199,9.044524766986322,1984-04-14
1200,9.11587173624123,1984-04-15
1201,1.654636139457177,1984-04-16
1202,4.452972607647571,1984-04-17
1203,0.0,1984-04-18
1204,0.0,1984-04-19
1205,0.0,1984-04-20
1206,0.5477928058143235,1984-04-21
1207,0.0,1984-04-22
1208,1.6797834362102742,1984-04-23
1209,0.0,1984-04-24
1210,0.0,1984-04-25
1211,0.0,1984-04-26
1212,0.0,1984-04-27
1213,0.0,1984-04-28
1214,0.0,1984-04-29
1215,0.0,1984-04-30
1216,1.717026464288885,1984-05-01
1217,0.0,1984-05-02
1218,0.0,1984-05-03
1219,0.0,1984-05-04
1220,0.0,1984-05-05
1221,0.0,1984-05-06
1222,12.946465854225268,1984-05-07
1223,11.084975587335853,1984-05-08
1224,15.757714700614951,1984-05-09
1225,0.2873072361316848,1984-05-10
1226,0.0,1984-05-11
1227,26.285639748391507,1984-05-12
1228,4.400392862694704,1984-05-13
1229,0.6906782130691663,1984-05-14
1230,0.2758690816985547,1984-05-15
1231,27.32281881282057,1984-05-16
1232,16.922237165540544,1984-05-17
1233,11.358819097759437,1984-05-18
1234,0.0,1984-05-19
1235,1.1009974725225458,1984-05-20
1236,4.826973401262615,1984-05-21
1237,11.522526694322961,1984-05-22
1238,15.951424418474577,1984-05-23
1239,20.54475151948565,1984-05-24
1240,3.786064227739038,1984-05-25
1241,0.0,1984-05-26
1242,10.015116007544776,1984-05-27
1243,12.51498154883511,1984-05-28
1244,17.653229400153727,1984-05-29
1245,12.07377423384322,1984-05-30
1246,15.854527572229117,1984-05-31
1247,5.141903286259895,1984-06-01
1248,4.370769557617278,1984-06-02
1249,7.107267829218219,1984-06-03
1250,11.967252902649014,1984-06-04
1251,19.30173842751735,1984-06-05
1252,15.476364035928006,1984-06-06
1253,13.059566769865603,1984-06-07
1254,20.422127967649896,1984-06-08
1255,9.841353230602229,1984-06-09
1256,1.4241565151997677,1984-06-10
1257,27.689005706820673,1984-06-11
1258,8.366844969942425,1984-06-12
1259,43.10368174041121,1984-06-13
1260,6.903356155468222,1984-06-14
1261,9.06766562872968,1984-06-15
1262,7.579610501146737,1984-06-16
1263,13.16948900977887,1984-06-17
1264,17.49766069971571,1984-06-18
1265,4.493914388309826,1984-06-19
1266,2.311690281213554,1984-06-20
1267,5.369714873948754,1984-06-21
1268,6.935105915405185,1984-06-22
1269,4.561899842432868,1984-06-23
1270,0.01863593300067085,1984-06-24
1271,0.218306335354131,1984-06-25
1272,2.770262933910068,1984-06-26
1273,7.279210827525413,1984-06-27
1274,0.5572350215632196,1984-06-28
1275,3.6205760867015364,1984-06-29
1276,0.5935355779222729,1984-06-30
1277,8.598684204862264,1984-07-01
1278,11.968464934748985,1984-07-02
1279,16.04450082605535,1984-07-03
1280,0.0,1984-07-04
1281,17.33320329327736,1984-07-05
1282,17.384137706616762,1984-07-06
1283,12.123624142369918,1984-07-07
1284,16.84600127597707,1984-07-08
1285,25.890134619715628,1984-07-09
1286,20.29074937456864,1984-07-10
1287,4.72842370984142,1984-07-11
1288,14.607347873620622,1984-07-12
1289,17.787544111604216,1984-07-13
1290,0.0,1984-07-14
1291,0.0,1984-07-15
1292,0.0,1984-07-16
1293,1.2100560407694487,1984-07-17
1294,7.983383903727155,1984-07-18
1295,10.937885652077863,1984-07-19
1296,8.001046583939155,1984-07-20
1297,2.916077700472298,1984-07-21
1298,22.179267447742895,1984-07-22
1299,13.102781306851293,1984-07-23
1300,6.34786579227168,1984-07-24
1301,26.429827020874473,1984-07-25
1302,4.221259855566835,1984-07-26
1303,16.80570855400779,1984-07-27
1304,28.886224921777455,1984-07-28
1305,42.4585878537757,1984-07-29
1306,14.288019288474166,1984-07-30
1307,36.62737814766222,1984-07-31
1308,30.244364118715886,1984-08-01
1309,31.182007473808586,1984-08-02
1310,20.34382941019501,1984-08-03
1311,0.0,1984-08-04
1312,6.598385646182421,1984-08-05
1313,7.098325994902694,1984-08-06
1314,9.098005184190367,1984-08-07
1315,0.11493814383084473,1984-08-08
1316,0.0,1984-08-09
1317,0.0,1984-08-10
1318,0.0,1984-08-11
1319,0.5736969274929192,1984-08-12
1320,35.15868227301454,1984-08-13
1321,5.24232760599981,1984-08-14
1322,0.0,1984-08-15
1323,6.271959697158455,1984-08-16
1324,10.229823267844413,1984-08-17
1325,3.9561530627533137,1984-08-18
1326,10.619666634920405,1984-08-19
1327,6.038518151453863,1984-08-20
1328,10.862614690775043,1984-08-21
1329,22.22211656170507,1984-08-22
1330,15.100599902927701,1984-08-23
1331,2.3294371565206307,1984-08-24
1332,5.801976207022791,1984-08-25
1333,13.460446867313552,1984-08-26
1334,9.621532570595617,1984-08-27
1335,9.86501060717966,1984-08-28
1336,12.263471782633982,1984-08-29
1337,11.050695270079675,1984-08-30
1338,22.86457662442563,1984-08-31
1339,12.497807239521283,1984-09-01
1340,14.695184737314582,1984-09-02
1341,4.641998478268598,1984-09-03
1342,5.092764216224468,1984-09-04
1343,19.68071143622972,1984-09-05
1344,21.843087066918873,1984-09-06
1345,18.018232118992508,1984-09-07
1346,11.178379537828503,1984-09-08
1347,5.324306339588333,1984-09-09
1348,24.22567526929189,1984-09-10
1349,12.20852696357235,1984-09-11
1350,22.452647241804964,1984-09-12
1351,18.735421777708446,1984-09-13
1352,19.764419309218958,1984-09-14
1353,23.78959027002284,1984-09-15
1354,9.66143886596926,1984-09-16
1355,18.494623903990497,1984-09-17
1356,28.739387619264658,1984-09-18
1357,16.988731847242875,1984-09-19
1358,17.436753928668338,1984-09-20
1359,11.121807121964839,1984-09-21
1360,5.161008466653461,1984-09-22
1361,13.285288849268493,1984-09-23
1362,9.85257621289698,1984-09-24
1363,11.314130601351565,1984-09-25
1364,8.902099029898991,1984-09-26
1365,43.515921598865155,1984-09-27
1366,0.8936602371529051,1984-09-28
1367,0.0,1984-09-29
1368,1.0687218731519414,1984-09-30
1369,7.0806861115620645,1984-10-01
1370,30.317926439637663,1984-10-02
1371,18.87110913844403,1984-10-03
1372,1.536072503143042,1984-10-04
1373,1.3314226578966966,1984-10-05
1374,0.0,1984-10-06
1375,0.0,1984-10-07
1376,0.0,1984-10-08
1377,0.0,1984-10-09
1378,0.0,1984-10-10
1379,0.0,1984-10-11
1380,0.0,1984-10-12
1381,0.0,1984-10-13
1382,0.0,1984-10-14
1383,6.671063700449428,1984-10-15
1384,3.29137408673239,1984-10-16
1385,2.1402624458861146,1984-10-17
1386,2.3908857105344627,1984-10-18
1387,0.0,1984-10-19
1388,0.0,1984-10-20
1389,0.006896297868745418,1984-10-21
1390,3.4267265665496205,1984-10-22
1391,0.0,1984-10-23
1392,0.0,1984-10-24
1393,0.47519511354284205,1984-10-25
1394,0.0,1984-10-26
1395,0.0,1984-10-27
1396,3.9760059249296216,1984-10-28
1397,24.053515665384335,1984-10-29
1398,74.25773057887284,1984-10-30
1399,0.14683722219159526,1984-10-31
1400,0.0,1984-11-01
1401,0.0,1984-11-02
1402,0.0,1984-11-03
1403,0.0,1984-11-04
1404,0.0,1984-11-05
1405,13.972587008294473,1984-11-06
1406,3.952133573395067,1984-11-07
1407,0.0,1984-11-08
1408,0.0,1984-11-09
1409,0.0,1984-11-10
1410,0.0,1984-11-11
1411,1.3135253645178162,1984-11-12
1412,0.0,1984-11-13
1413,0.0,1984-11-14
1414,0.0,1984-11-15
1415,0.0,1984-11-16
1416,0.857954028135171,1984-11-17
1417,0.0,1984-11-18
1418,0.0,1984-11-19
1419,1.9968353157658731,1984-11-20
1420,41.9040639941084,1984-11-21
1421,11.049885456778785,1984-11-22
1422,0.0,1984-11-23
1423,0.0,1984-11-24
1424,0.0,1984-11-25
1425,0.0,1984-11-26
1426,0.0,1984-11-27
1427,0.0,1984-11-28
1428,0.030132644183474902,1984-11-29
1429,0.0,1984-11-30
1430,0.0,1984-12-01
1431,0.0,1984-12-02
1432,0.0,1984-12-03
1433,2.6904925924452168,1984-12-04
1434,0.0,1984-12-05
1435,7.569994382215036,1984-12-06
1436,7.565882055249031,1984-12-07
1437,5.745191816962009,1984-12-08
1438,0.0,1984-12-09
1439,0.0,1984-12-10
1440,3.246859384659798,1984-12-11
1441,0.0,1984-12-12
1442,0.0,1984-12-13
1443,0.0,1984-12-14
1444,0.0,1984-12-15
1445,0.0,1984-12-16
1446,0.0,1984-12-17
1447,0.6813043486687446,1984-12-18
1448,3.3998263778854323,1984-12-19
1449,0.0,1984-12-20
1450,0.0,1984-12-21
1451,0.0,1984-12-22
1452,0.0,1984-12-23
1453,0.0,1984-12-24
1454,8.225917321845582,1984-12-25
1455,0.07502625512936947,1984-12-26
1456,5.17513028094496,1984-12-27
1457,13.021471168065004,1984-12-28
1458,24.26281723676889,1984-12-29
1459,0.10574366242305275,1984-12-30
1460,0.0,1984-12-31
1461,0.0,1985-01-01
1462,0.0,1985-01-02
1463,0.0,1985-01-03
1464,12.529793604070493,1985-01-04
1465,1.0436739753068718,1985-01-05
1466,4.597931639903451,1985-01-06
1467,0.0,1985-01-07
1468,0.008391206467256518,1985-01-08
1469,0.0,1985-01-09
1470,0.0,1985-01-10
1471,0.0,1985-01-11
1472,6.492265549600999,1985-01-12
1473,0.13244647315520344,1985-01-13
1474,0.0,1985-01-14
1475,0.0,1985-01-15
1476,0.0,1985-01-16
1477,0.0,1985-01-17
1478,8.076464193713282,1985-01-18
1479,0.0,1985-01-19
1480,0.0,1985-01-20
1481,11.052268075831122,1985-01-21
1482,11.322156568622315,1985-01-22
1483,2.6727426555639133,1985-01-23
1484,0.0,1985-01-24
1485,0.0,1985-01-25
1486,0.0,1985-01-26
1487,9.484739418533195,1985-01-27
1488,0.0,1985-01-28
1489,0.0,1985-01-29
1490,0.0,1985-01-30
1491,0.0,1985-01-31
1492,0.0,1985-02-01
1493,0.0,1985-02-02
1494,0.0,1985-02-03
1495,0.0,1985-02-04
1496,0.0,1985-02-05
1497,0.0,1985-02-06
1498,0.0,1985-02-07
1499,7.684539472854033,1985-02-08
1500,1.3222394973441653,1985-02-09
1501,0.0,1985-02-10
1502,0.0,1985-02-11
1503,0.0,1985-02-12
1504,0.0,1985-02-13
1505,0.0,1985-02-14
1506,0.0,1985-02-15
1507,15.210407269497422,1985-02-16
1508,0.0,1985-02-17
1509,0.0,1985-02-18
1510,62.355589512128645,1985-02-19
1511,11.64840339050964,1985-02-20
1512,0.0,1985-02-21
1513,0.0,1985-02-22
1514,0.0,1985-02-23
1515,0.0,1985-02-24
1516,0.0,1985-02-25
1517,0.0,1985-02-26
1518,0.0,1985-02-27
1519,0.0,1985-02-28
1520,0.0,1985-03-01
1521,0.0,1985-03-02
1522,0.0,1985-03-03
1523,0.0,1985-03-04
1524,0.0,1985-03-05
1525,0.29802080137638753,1985-03-06
1526,0.0,1985-03-07
1527,0.0,1985-03-08
1528,17.16445606805013,1985-03-09
1529,48.23656469445773,1985-03-10
1530,8.169359314938097,1985-03-11
1531,0.0,1985-03-12
1532,0.0,1985-03-13
1533,1.321355311150425,1985-03-14
1534,19.15938481932162,1985-03-15
1535,0.0,1985-03-16
1536,0.0,1985-03-17
1537,0.0,1985-03-18
1538,0.07672863509997595,1985-03-19
1539,0.0,1985-03-20
1540,2.5960959247969457,1985-03-21
1541,9.369274149304616,1985-03-22
1542,0.5874916915669819,1985-03-23
1543,3.021333902560371,1985-03-24
1544,0.0,1985-03-25
1545,0.0,1985-03-26
1546,0.0,1985-03-27
1547,0.0,1985-03-28
1548,0.0,1985-03-29
1549,0.0,1985-03-30
1550,1.135431853207675,1985-03-31
1551,0.35685844969539693,1985-04-01
1552,8.434026775863515,1985-04-02
1553,0.0,1985-04-03
1554,0.059119660274024585,1985-04-04
1555,0.0,1985-04-05
1556,0.0,1985-04-06
1557,0.0,1985-04-07
1558,0.0,1985-04-08
1559,0.0,1985-04-09
1560,0.0,1985-04-10
1561,0.0,1985-04-11
1562,0.0,1985-04-12
1563,0.0,1985-04-13
1564,2.195634251368011,1985-04-14
1565,0.020272203484588355,1985-04-15
1566,0.8913962579262922,1985-04-16
1567,14.971151037929348,1985-04-17
1568,2.366422906299491,1985-04-18
1569,0.0,1985-04-19
1570,0.0022182349934955496,1985-04-20
1571,8.988608355997597,1985-04-21
1572,2.9235765890361987,1985-04-22
1573,0.0,1985-04-23
1574,1.8071391131800991,1985-04-24
1575,1.6454803030232181,1985-04-25
1576,2.1450348539715987,1985-04-26
1577,13.929394794671063,1985-04-27
1578,0.0,1985-04-28
1579,0.0,1985-04-29
1580,7.919333844254791,1985-04-30
1581,0.0,1985-05-01
1582,0.0,1985-05-02
1583,1.3760236107708774,1985-05-03
1584,1.277930251880825,1985-05-04
1585,3.151578909973246,1985-05-05
1586,0.0,1985-05-06
1587,1.0638765621744641,1985-05-07
1588,18.91396349339191,1985-05-08
1589,0.0,1985-05-09
1590,0.34560550412824076,1985-05-10
1591,0.0,1985-05-11
1592,0.5667890045579926,1985-05-12
1593,0.07101213105612836,1985-05-13
1594,0.0,1985-05-14
1595,0.10686611950222696,1985-05-15
1596,0.0,1985-05-16
1597,0.0,1985-05-17
1598,0.0,1985-05-18
1599,0.0,1985-05-19
1600,8.815956900867898,1985-05-20
1601,0.04330752452447618,1985-05-21
1602,3.622222621363978,1985-05-22
1603,8.760151033625226,1985-05-23
1604,3.0310927597308788,1985-05-24
1605,0.0,1985-05-25
1606,2.8344652898570315,1985-05-26
1607,3.9086755103589508,1985-05-27
1608,1.9231765679390203,1985-05-28
1609,5.872104177978382,1985-05-29
1610,7.166413846812991,1985-05-30
1611,1.7052257699910496,1985-05-31
1612,28.396747403969858,1985-06-01
1613,0.824110179576706,1985-06-02
1614,29.22082467937749,1985-06-03
1615,3.0980598450266363,1985-06-04
1616,0.0,1985-06-05
1617,0.0,1985-06-06
1618,0.0,1985-06-07
1619,12.742978484190102,1985-06-08
1620,15.189249709288749,1985-06-09
1621,34.53177626601413,1985-06-10
1622,39.66180162245229,1985-06-11
1623,13.404791052949749,1985-06-12
1624,13.728633170029983,1985-06-13
1625,11.28409249459544,1985-06-14
1626,13.175951547426916,1985-06-15
1627,17.133793652414234,1985-06-16
1628,13.392698486809156,1985-06-17
1629,2.7778848417063964,1985-06-18
1630,0.47412853548603673,1985-06-19
1631,0.5063506527730097,1985-06-20
1632,0.0,1985-06-21
1633,0.0,1985-06-22
1634,7.969156197522743,1985-06-23
1635,6.376562482212996,1985-06-24
1636,13.472258698527762,1985-06-25
1637,7.2319467385703184,1985-06-26
1638,7.07311965766191,1985-06-27
1639,15.132245567243476,1985-06-28
1640,12.037022811408617,1985-06-29
1641,14.582819130693366,1985-06-30
1642,11.05189290259241,1985-07-01
1643,0.0,1985-07-02
1644,4.996558786627135,1985-07-03
1645,9.769650745531681,1985-07-04
1646,0.1890135558119967,1985-07-05
1647,17.201334800440545,1985-07-06
1648,9.474594259318021,1985-07-07
1649,6.115056517033284,1985-07-08
1650,15.849681799656492,1985-07-09
1651,1.162899338171279,1985-07-10
1652,2.75336973167934,1985-07-11
1653,4.4765436597583586,1985-07-12
1654,23.06794294318145,1985-07-13
1655,7.993088881752708,1985-07-14
1656,12.846792697822595,1985-07-15
1657,5.938746909200272,1985-07-16
1658,0.0,1985-07-17
1659,10.379937611409296,1985-07-18
1660,0.029459982953113546,1985-07-19
1661,25.86693888840438,1985-07-20
1662,12.17640449000943,1985-07-21
1663,0.3817011088430008,1985-07-22
1664,12.903503250614289,1985-07-23
1665,1.641412041236229,1985-07-24
1666,5.682574620260872,1985-07-25
1667,6.888166801475011,1985-07-26
1668,19.412508736383884,1985-07-27
1669,26.168330305216944,1985-07-28
1670,15.005128101729229,1985-07-29
1671,14.209414762849338,1985-07-30
1672,18.817837841615642,1985-07-31
1673,17.632194567258065,1985-08-01
1674,0.6568483389018218,1985-08-02
1675,19.5535246931283,1985-08-03
1676,1.261517188052628,1985-08-04
1677,21.86828849647052,1985-08-05
1678,12.575815063935222,1985-08-06
1679,0.0,1985-08-07
1680,0.6244426599765454,1985-08-08
1681,0.0,1985-08-09
1682,0.15518585951796726,1985-08-10
1683,0.17833810442703563,1985-08-11
1684,0.0,1985-08-12
1685,0.0,1985-08-13
1686,18.90599737816193,1985-08-14
1687,7.071968594604225,1985-08-15
1688,2.0806411080905773,1985-08-16
1689,0.0,1985-08-17
1690,8.663962960760616,1985-08-18
1691,0.0,1985-08-19
1692,1.772174139749969,1985-08-20
1693,3.889240800796017,1985-08-21
1694,8.460601470421485,1985-08-22
1695,3.1616256036227055,1985-08-23
1696,19.77860685359697,1985-08-24
1697,10.169563675877637,1985-08-25
1698,20.025856554221544,1985-08-26
1699,5.912099375403171,1985-08-27
1700,3.4977511786016198,1985-08-28
1701,7.747247319375314,1985-08-29
1702,1.155344296005115,1985-08-30
1703,19.178659987855163,1985-08-31
1704,1.857104787504918,1985-09-01
1705,0.0,1985-09-02
1706,3.2826056070131995,1985-09-03
1707,17.019636301672705,1985-09-04
1708,19.17557154154847,1985-09-05
1709,18.761214468751835,1985-09-06
1710,0.0,1985-09-07
1711,2.3851636882121965,1985-09-08
1712,3.5447414668074804,1985-09-09
1713,0.912318237338248,1985-09-10
1714,0.0,1985-09-11
1715,0.0,1985-09-12
1716,17.926012252348958,1985-09-13
1717,13.645228816840657,1985-09-14
1718,1.3867671162222137,1985-09-15
1719,5.812458232001477,1985-09-16
1720,3.843512945203138,1985-09-17
1721,7.989342330669729,1985-09-18
1722,9.22763027370151,1985-09-19
1723,29.448942113300227,1985-09-20
1724,0.0,1985-09-21
1725,5.4895042807056065,1985-09-22
1726,23.40007202003008,1985-09-23
1727,27.9429585754417,1985-09-24
1728,7.684487323201647,1985-09-25
1729,19.64861593906481,1985-09-26
1730,23.294002984010582,1985-09-27
1731,4.5255469931325605,1985-09-28
1732,5.421042061355456,1985-09-29
1733,0.15114187402809123,1985-09-30
1734,19.748087148302815,1985-10-01
1735,4.359928923296438,1985-10-02
1736,5.348338934207592,1985-10-03
1737,14.55065878507329,1985-10-04
1738,22.188734204076948,1985-10-05
1739,3.508327297786814,1985-10-06
1740,7.621876529318846,1985-10-07
1741,1.0354714236720917,1985-10-08
1742,0.003890019302144428,1985-10-09
1743,0.003725739811872108,1985-10-10
1744,6.853238861973334,1985-10-11
1745,8.955903868884986,1985-10-12
1746,1.75913871642082,1985-10-13
1747,5.4598579417645405,1985-10-14
1748,0.0,1985-10-15
1749,1.0467713716792222,1985-10-16
1750,20.148016105047773,1985-10-17
1751,0.9163764946901206,1985-10-18
1752,0.5911756500960097,1985-10-19
1753,37.976806371582576,1985-10-20
1754,0.04177227808932755,1985-10-21
1755,0.4131301889251754,1985-10-22
1756,3.548986002755655,1985-10-23
1757,8.553840358292256,1985-10-24
1758,13.003334299741953,1985-10-25
1759,20.77545637360066,1985-10-26
1760,0.02302116774394016,1985-10-27
1761,0.0,1985-10-28
1762,0.0,1985-10-29
1763,0.330199287951517,1985-10-30
1764,0.0,1985-10-31
1765,0.2177219983769302,1985-11-01
1766,20.83305121304353,1985-11-02
1767,49.52862457264204,1985-11-03
1768,1.3676710593036194,1985-11-04
1769,0.0,1985-11-05
1770,0.0,1985-11-06
1771,0.0,1985-11-07
1772,0.0,1985-11-08
1773,0.09795034615525053,1985-11-09
1774,0.0,1985-11-10
1775,21.69029088353132,1985-11-11
1776,0.0,1985-11-12
1777,0.0,1985-11-13
1778,0.4779163704030325,1985-11-14
1779,0.0,1985-11-15
1780,0.0,1985-11-16
1781,0.0,1985-11-17
1782,0.43782329137024645,1985-11-18
1783,0.0,1985-11-19
1784,0.0,1985-11-20
1785,0.0,1985-11-21
1786,0.0,1985-11-22
1787,0.0,1985-11-23
1788,0.0,1985-11-24
1789,0.402406784180672,1985-11-25
1790,0.2747131723532579,1985-11-26
1791,0.0,1985-11-27
1792,4.811896319235524,1985-11-28
1793,0.0,1985-11-29
1794,0.0,1985-11-30
1795,3.2654118002614667,1985-12-01
1796,63.15194221284031,1985-12-02
1797,0.0,1985-12-03
1798,0.0,1985-12-04
1799,0.0,1985-12-05
1800,3.9920274256541233,1985-12-06
1801,0.35091929432933283,1985-12-07
1802,0.0,1985-12-08
1803,2.1847757502245413,1985-12-09
1804,0.26346823871310504,1985-12-10
1805,0.0,1985-12-11
1806,0.0,1985-12-12
1807,0.0,1985-12-13
1808,26.35601867810022,1985-12-14
1809,7.730465319736964,1985-12-15
1810,0.1309194196214424,1985-12-16
1811,0.0,1985-12-17
1812,0.0,1985-12-18
1813,6.47689806728419,1985-12-19
1814,1.1242793489271596,1985-12-20
1815,0.0,1985-12-21
1816,0.0,1985-12-22
1817,0.0,1985-12-23
1818,0.0,1985-12-24
1819,0.0,1985-12-25
1820,0.0,1985-12-26
1821,0.0,1985-12-27
1822,0.0,1985-12-28
1823,0.0,1985-12-29
1824,0.0,1985-12-30
1825,0.0,1985-12-31
1826,0.0,1986-01-01
1827,0.12079457055089061,1986-01-02
1828,0.0,1986-01-03
1829,0.0,1986-01-04
1830,0.060541092517438874,1986-01-05
1831,0.7040123089038033,1986-01-06
1832,0.0,1986-01-07
1833,0.0,1986-01-08
1834,1.1755395181997084,1986-01-09
1835,0.09340737574960481,1986-01-10
1836,3.5324404365226316,1986-01-11
1837,0.0,1986-01-12
1838,0.0,1986-01-13
1839,0.0,1986-01-14
1840,0.0,1986-01-15
1841,0.0,1986-01-16
1842,0.0,1986-01-17
1843,0.32879684708335183,1986-01-18
1844,3.603063771032518,1986-01-19
1845,3.240741275999903,1986-01-20
1846,0.0,1986-01-21
1847,0.0,1986-01-22
1848,0.0,1986-01-23
1849,3.5666208872976894,1986-01-24
1850,0.0,1986-01-25
1851,1.6194007258261403,1986-01-26
1852,63.74675997155155,1986-01-27
1853,0.0,1986-01-28
1854,0.0,1986-01-29
1855,0.0,1986-01-30
1856,0.0,1986-01-31
1857,0.0,1986-02-01
1858,0.0,1986-02-02
1859,0.0,1986-02-03
1860,0.0,1986-02-04
1861,0.0,1986-02-05
1862,0.0,1986-02-06
1863,0.0,1986-02-07
1864,0.0,1986-02-08
1865,0.0,1986-02-09
1866,0.0,1986-02-10
1867,0.0,1986-02-11
1868,0.0,1986-02-12
1869,35.82702168436694,1986-02-13
1870,0.0,1986-02-14
1871,0.0,1986-02-15
1872,0.0,1986-02-16
1873,0.0,1986-02-17
1874,0.0,1986-02-18
1875,0.0,1986-02-19
1876,0.0,1986-02-20
1877,0.0,1986-02-21
1878,0.0,1986-02-22
1879,0.0,1986-02-23
1880,0.0,1986-02-24
1881,0.0018460253466608938,1986-02-25
1882,0.0,1986-02-26
1883,0.0,1986-02-27
1884,0.0,1986-02-28
1885,7.425106355102182,1986-03-01
1886,0.0,1986-03-02
1887,0.0,1986-03-03
1888,0.0,1986-03-04
1889,0.0,1986-03-05
1890,0.0,1986-03-06
1891,0.0,1986-03-07
1892,0.0,1986-03-08
1893,0.02047301079870319,1986-03-09
1894,0.04091604718714515,1986-03-10
1895,0.0,1986-03-11
1896,0.0,1986-03-12
1897,0.0,1986-03-13
1898,0.0,1986-03-14
1899,0.0,1986-03-15
1900,0.0,1986-03-16
1901,0.0,1986-03-17
1902,0.0,1986-03-18
1903,0.0,1986-03-19
1904,2.886824297387579,1986-03-20
1905,17.687687284072464,1986-03-21
1906,0.0,1986-03-22
1907,0.0,1986-03-23
1908,0.26263262928406167,1986-03-24
1909,0.0,1986-03-25
1910,0.0,1986-03-26
1911,7.694940110651277,1986-03-27
1912,8.827053078010984,1986-03-28
1913,2.037755457341147,1986-03-29
1914,0.23993269614809767,1986-03-30
1915,0.0,1986-03-31
1916,0.0,1986-04-01
1917,0.0,1986-04-02
1918,0.0,1986-04-03
1919,0.0,1986-04-04
1920,0.0,1986-04-05
1921,1.2174067740845889,1986-04-06
1922,0.0,1986-04-07
1923,0.0,1986-04-08
1924,0.0,1986-04-09
1925,0.0,1986-04-10
1926,0.0,1986-04-11
1927,0.0,1986-04-12
1928,0.0,1986-04-13
1929,0.0,1986-04-14
1930,0.0,1986-04-15
1931,0.0,1986-04-16
1932,0.0,1986-04-17
1933,0.0,1986-04-18
1934,0.0,1986-04-19
1935,0.0,1986-04-20
1936,0.0,1986-04-21
1937,11.406725346014298,1986-04-22
1938,0.0,1986-04-23
1939,0.0,1986-04-24
1940,0.0,1986-04-25
1941,6.019610744123937,1986-04-26
1942,0.0,1986-04-27
1943,1.9963928745079604,1986-04-28
1944,1.9861069643742175,1986-04-29
1945,0.0,1986-04-30
1946,0.0,1986-05-01
1947,0.0,1986-05-02
1948,13.729032697272096,1986-05-03
1949,5.3281292420188695,1986-05-04
1950,0.0,1986-05-05
1951,0.0,1986-05-06
1952,0.0,1986-05-07
1953,0.0,1986-05-08
1954,0.0,1986-05-09
1955,3.3275765624423883,1986-05-10
1956,0.0,1986-05-11
1957,0.0,1986-05-12
1958,0.0,1986-05-13
1959,2.3703632451641945,1986-05-14
1960,5.920639260297647,1986-05-15
1961,5.142406582930221,1986-05-16
1962,0.0,1986-05-17
1963,3.8910539088291163,1986-05-18
1964,4.095952767668581,1986-05-19
1965,3.498275990709881,1986-05-20
1966,0.0,1986-05-21
1967,0.0,1986-05-22
1968,16.934727529206935,1986-05-23
1969,19.684556596370037,1986-05-24
1970,18.538009627781303,1986-05-25
1971,2.3061678260512366,1986-05-26
1972,0.0,1986-05-27
1973,10.311545998861362,1986-05-28
1974,51.91120878359441,1986-05-29
1975,8.410447057712815,1986-05-30
1976,0.745314571402989,1986-05-31
1977,3.523025969242421,1986-06-01
1978,9.614459217552563,1986-06-02
1979,7.209773504922818,1986-06-03
1980,7.469709869871393,1986-06-04
1981,1.249633475412721,1986-06-05
1982,6.618290608397676,1986-06-06
1983,6.398863588120579,1986-06-07
1984,4.535191380872753,1986-06-08
1985,12.129702836872895,1986-06-09
1986,13.534859335611293,1986-06-10
1987,13.49129574812053,1986-06-11
1988,0.0,1986-06-12
1989,16.040205610057125,1986-06-13
1990,8.201309429515494,1986-06-14
1991,18.19836841113407,1986-06-15
1992,0.5186576255395615,1986-06-16
1993,35.22287352587121,1986-06-17
1994,12.243262136632746,1986-06-18
1995,0.5949473746850693,1986-06-19
1996,6.326969166193541,1986-06-20
1997,1.2223307804488015,1986-06-21
1998,8.246694246107532,1986-06-22
1999,21.651112001312796,1986-06-23
2000,6.433684958334892,1986-06-24
2001,7.592010552023162,1986-06-25
2002,12.043809839847155,1986-06-26
2003,26.014150447565797,1986-06-27
2004,25.247736309644417,1986-06-28
2005,33.214672130014186,1986-06-29
2006,7.873636944175115,1986-06-30
2007,19.585944609208536,1986-07-01
2008,26.152498787351373,1986-07-02
2009,7.272859431236022,1986-07-03
2010,9.86329668956768,1986-07-04
2011,14.137095257375945,1986-07-05
2012,28.339024341113408,1986-07-06
2013,0.0,1986-07-07
2014,0.7748266546747202,1986-07-08
2015,11.488007193926142,1986-07-09
2016,20.311911478518045,1986-07-10
2017,2.255170240290354,1986-07-11
2018,12.567800969937679,1986-07-12
2019,20.420699541785503,1986-07-13
2020,10.912620646121564,1986-07-14
2021,0.7823452106598885,1986-07-15
2022,1.6816180171015676,1986-07-16
2023,0.0,1986-07-17
2024,16.184696027246737,1986-07-18
2025,0.0,1986-07-19
2026,6.042607769225,1986-07-20
2027,6.678764047930317,1986-07-21
2028,0.7432066719413153,1986-07-22
2029,37.49434988318301,1986-07-23
2030,36.73185973282084,1986-07-24
2031,0.4009212984996807,1986-07-25
2032,0.7502479539239162,1986-07-26
2033,5.184366313117691,1986-07-27
2034,4.141499316503575,1986-07-28
2035,8.276709926918455,1986-07-29
2036,0.0,1986-07-30
2037,4.551756496317574,1986-07-31
2038,15.17503480189707,1986-08-01
2039,0.8409179554377134,1986-08-02
2040,2.457005102767273,1986-08-03
2041,0.3892696245255009,1986-08-04
2042,5.543616158046331,1986-08-05
2043,0.0,1986-08-06
2044,0.0,1986-08-07
2045,8.108303076836371,1986-08-08
2046,42.40909964474766,1986-08-09
2047,12.266329768228395,1986-08-10
2048,6.749413330603904,1986-08-11
2049,9.847425883172892,1986-08-12
2050,13.04509554686784,1986-08-13
2051,16.878799511078864,1986-08-14
2052,1.5433854863231131,1986-08-15
2053,3.2903329562861203,1986-08-16
2054,25.82668117685402,1986-08-17
2055,0.0,1986-08-18
2056,1.7042634943293689,1986-08-19
2057,0.03199283023733547,1986-08-20
2058,12.52709913013268,1986-08-21
2059,14.718691639326883,1986-08-22
2060,10.193586461131527,1986-08-23
2061,0.0,1986-08-24
2062,9.928257554241638,1986-08-25
2063,14.63719474082119,1986-08-26
2064,22.010379872419968,1986-08-27
2065,14.555047290220289,1986-08-28
2066,1.0199942933918793,1986-08-29
2067,0.0,1986-08-30
2068,5.011031476465488,1986-08-31
2069,1.3532759010896656,1986-09-01
2070,2.3861297209731296,1986-09-02
2071,28.662670371203834,1986-09-03
2072,3.8588750682338593,1986-09-04
2073,19.22075280673343,1986-09-05
2074,8.385929196349341,1986-09-06
2075,9.78634078655075,1986-09-07
2076,8.051838581764803,1986-09-08
2077,3.412614711750288,1986-09-09
2078,7.86906902060131,1986-09-10
2079,27.99533978593664,1986-09-11
2080,7.340022467448214,1986-09-12
2081,2.875230024678966,1986-09-13
2082,0.01853201387914395,1986-09-14
2083,0.0,1986-09-15
2084,27.36930196510382,1986-09-16
2085,4.140560080788352,1986-09-17
2086,0.0,1986-09-18
2087,2.573788475976312,1986-09-19
2088,40.113380870315694,1986-09-20
2089,0.0,1986-09-21
2090,12.92366991691925,1986-09-22
2091,5.380773740136379,1986-09-23
2092,18.839667741322447,1986-09-24
2093,0.024530192400353396,1986-09-25
2094,6.272225486609944,1986-09-26
2095,26.565694810302382,1986-09-27
2096,38.65089308014365,1986-09-28
2097,29.10902818209964,1986-09-29
2098,7.025089504935525,1986-09-30
2099,11.686024161867381,1986-10-01
2100,27.33989853503768,1986-10-02
2101,0.8637659665776138,1986-10-03
2102,31.055610041688244,1986-10-04
2103,12.547714338050909,1986-10-05
2104,0.0,1986-10-06
2105,0.0,1986-10-07
2106,0.0,1986-10-08
2107,1.6198484571798106,1986-10-09
2108,5.413268893736898,1986-10-10
2109,0.0,1986-10-11
2110,0.0,1986-10-12
2111,3.9024936819216376,1986-10-13
2112,1.557088603805587,1986-10-14
2113,0.0,1986-10-15
2114,0.0,1986-10-16
2115,0.0,1986-10-17
2116,0.0,1986-10-18
2117,0.0,1986-10-19
2118,0.0,1986-10-20
2119,0.0,1986-10-21
2120,0.0,1986-10-22
2121,0.0,1986-10-23
2122,1.1225130098516292,1986-10-24
2123,5.932070312276266,1986-10-25
2124,33.850296176899214,1986-10-26
2125,41.20199805838621,1986-10-27
2126,4.396626821836768,1986-10-28
2127,0.0,1986-10-29
2128,0.0,1986-10-30
2129,0.0,1986-10-31
2130,0.5172780893275466,1986-11-01
2131,0.0,1986-11-02
2132,0.07299478116972356,1986-11-03
2133,10.778390842337064,1986-11-04
2134,0.0,1986-11-05
2135,0.0,1986-11-06
2136,0.0,1986-11-07
2137,0.0,1986-11-08
2138,0.0,1986-11-09
2139,3.658977374415244,1986-11-10
2140,1.1375313448136852,1986-11-11
2141,50.302982393247994,1986-11-12
2142,0.06676915963024688,1986-11-13
2143,13.47880636114529,1986-11-14
2144,20.424944553375244,1986-11-15
2145,27.660380809649695,1986-11-16
2146,0.0,1986-11-17
2147,0.0,1986-11-18
2148,0.0,1986-11-19
2149,0.0,1986-11-20
2150,0.9795466087990145,1986-11-21
2151,0.0,1986-11-22
2152,0.652394074974172,1986-11-23
2153,0.0,1986-11-24
2154,0.0,1986-11-25
2155,10.232934466051569,1986-11-26
2156,0.0,1986-11-27
2157,1.5481226923039233,1986-11-28
2158,2.6050430132007323,1986-11-29
2159,0.0,1986-11-30
2160,0.0,1986-12-01
2161,0.0,1986-12-02
2162,14.227812634045776,1986-12-03
2163,8.661358727374035,1986-12-04
2164,0.0,1986-12-05
2165,1.6810668087145448,1986-12-06
2166,0.0,1986-12-07
2167,0.0,1986-12-08
2168,0.3067739916267283,1986-12-09
2169,0.0,1986-12-10
2170,0.0,1986-12-11
2171,0.0,1986-12-12
2172,3.3404072365523083,1986-12-13
2173,0.0,1986-12-14
2174,0.0,1986-12-15
2175,6.222532093769644,1986-12-16
2176,0.0,1986-12-17
2177,0.0,1986-12-18
2178,0.0,1986-12-19
2179,0.0,1986-12-20
2180,0.018960260016477704,1986-12-21
2181,0.0,1986-12-22
2182,0.0,1986-12-23
2183,5.4123260647949945,1986-12-24
2184,0.0,1986-12-25
2185,0.0,1986-12-26
2186,2.5613015015873386,1986-12-27
2187,8.245085917539962,1986-12-28
2188,0.0,1986-12-29
2189,0.0,1986-12-30
2190,3.978563501548209,1986-12-31
2191,0.5797605745813365,1987-01-01
2192,0.0,1987-01-02
2193,0.0,1987-01-03
2194,0.0,1987-01-04
2195,0.0,1987-01-05
2196,0.0,1987-01-06
2197,0.0,1987-01-07
2198,0.0,1987-01-08
2199,0.0,1987-01-09
2200,0.0,1987-01-10
2201,11.775440704340106,1987-01-11
2202,31.670100174062075,1987-01-12
2203,15.422198737164049,1987-01-13
2204,0.0,1987-01-14
2205,0.0,1987-01-15
2206,0.0,1987-01-16
2207,0.0,1987-01-17
2208,0.0,1987-01-18
2209,0.0,1987-01-19
2210,0.562442179425371,1987-01-20
2211,0.0,1987-01-21
2212,0.5704076791858395,1987-01-22
2213,0.5394009099048603,1987-01-23
2214,0.0,1987-01-24
2215,0.0,1987-01-25
2216,0.0,1987-01-26
2217,0.0,1987-01-27
2218,0.0,1987-01-28
2219,0.0,1987-01-29
2220,0.0,1987-01-30
2221,1.450323809990086,1987-01-31
2222,0.0,1987-02-01
2223,5.626003855148719,1987-02-02
2224,11.487147635574567,1987-02-03
2225,0.0,1987-02-04
2226,0.06995956655821142,1987-02-05
2227,0.5846527008297158,1987-02-06
2228,2.976190754814932,1987-02-07
2229,0.0,1987-02-08
2230,0.0,1987-02-09
2231,0.0,1987-02-10
2232,0.003931654765109513,1987-02-11
2233,0.0,1987-02-12
2234,0.0,1987-02-13
2235,0.0,1987-02-14
2236,0.0,1987-02-15
2237,0.0,1987-02-16
2238,0.0,1987-02-17
2239,15.361319437348596,1987-02-18
2240,0.26768508462262647,1987-02-19
2241,0.0,1987-02-20
2242,0.0,1987-02-21
2243,0.0,1987-02-22
2244,1.1274152387901488,1987-02-23
2245,0.0,1987-02-24
2246,0.0,1987-02-25
2247,0.0,1987-02-26
2248,0.0,1987-02-27
2249,0.0,1987-02-28
2250,0.0,1987-03-01
2251,10.525450679605656,1987-03-02
2252,0.0,1987-03-03
2253,0.0,1987-03-04
2254,8.415712037631844,1987-03-05
2255,0.0,1987-03-06
2256,0.0,1987-03-07
2257,0.0,1987-03-08
2258,0.0,1987-03-09
2259,0.0,1987-03-10
2260,0.0,1987-03-11
2261,19.567840967346147,1987-03-12
2262,0.0,1987-03-13
2263,0.0,1987-03-14
2264,0.0,1987-03-15
2265,0.0,1987-03-16
2266,0.0,1987-03-17
2267,2.6061574493195656,1987-03-18
2268,3.323246272819832,1987-03-19
2269,0.0,1987-03-20
2270,0.11400262141856979,1987-03-21
2271,0.0,1987-03-22
2272,0.039299714124797026,1987-03-23
2273,0.0,1987-03-24
2274,0.0,1987-03-25
2275,0.0,1987-03-26
2276,0.0,1987-03-27
2277,0.0,1987-03-28
2278,0.0,1987-03-29
2279,0.06583976773572459,1987-03-30
2280,10.414090028459377,1987-03-31
2281,0.0,1987-04-01
2282,0.0,1987-04-02
2283,0.0,1987-04-03
2284,10.400708941881957,1987-04-04
2285,0.11595598457146251,1987-04-05
2286,0.18416614271154155,1987-04-06
2287,1.0884689591645842,1987-04-07
2288,3.237952293258958,1987-04-08
2289,0.0,1987-04-09
2290,0.0,1987-04-10
2291,0.0,1987-04-11
2292,0.0,1987-04-12
2293,2.3048695324592927,1987-04-13
2294,8.697619743976425,1987-04-14
2295,13.196468514501175,1987-04-15
2296,3.7411314730280663,1987-04-16
2297,0.0,1987-04-17
2298,0.0,1987-04-18
2299,0.0,1987-04-19
2300,0.0,1987-04-20
2301,0.0,1987-04-21
2302,0.0,1987-04-22
2303,0.34123880526187483,1987-04-23
2304,0.0,1987-04-24
2305,0.0,1987-04-25
2306,0.0,1987-04-26
2307,0.0,1987-04-27
2308,0.0,1987-04-28
2309,5.794902102255053,1987-04-29
2310,0.0,1987-04-30
2311,0.0,1987-05-01
2312,0.0,1987-05-02
2313,0.0,1987-05-03
2314,0.0,1987-05-04
2315,2.6198023719451995,1987-05-05
2316,1.652990822554334,1987-05-06
2317,3.9274962593453373,1987-05-07
2318,0.5916854598445278,1987-05-08
2319,0.0,1987-05-09
2320,0.0,1987-05-10
2321,0.0,1987-05-11
2322,0.0,1987-05-12
2323,0.04351838622274986,1987-05-13
2324,4.714191689673058,1987-05-14
2325,0.14698932303711115,1987-05-15
2326,0.0,1987-05-16
2327,0.0,1987-05-17
2328,0.0,1987-05-18
2329,0.0,1987-05-19
2330,0.0,1987-05-20
2331,0.11535090933097773,1987-05-21
2332,1.03740970398324,1987-05-22
2333,0.0,1987-05-23
2334,0.0,1987-05-24
2335,8.19399981821737,1987-05-25
2336,3.3919445228296987,1987-05-26
2337,1.6141806295260654,1987-05-27
2338,1.6550763465232516,1987-05-28
2339,6.985656234092378,1987-05-29
2340,10.923675366175141,1987-05-30
2341,3.5781118271707437,1987-05-31
2342,4.498035992485337,1987-06-01
2343,8.909018541095538,1987-06-02
2344,15.594080880548246,1987-06-03
2345,10.432284729361886,1987-06-04
2346,4.2364150058489045,1987-06-05
2347,14.537684805386233,1987-06-06
2348,32.674082374013416,1987-06-07
2349,29.31138854745545,1987-06-08
2350,27.54356688938533,1987-06-09
2351,20.224917626366945,1987-06-10
2352,33.377483586845514,1987-06-11
2353,15.35206287837099,1987-06-12
2354,8.989893590921533,1987-06-13
2355,3.0452815249938077,1987-06-14
2356,2.928748577235382,1987-06-15
2357,8.215864390613746,1987-06-16
2358,2.36254329303143,1987-06-17
2359,0.0,1987-06-18
2360,17.39479970918023,1987-06-19
2361,13.932823769046413,1987-06-20
2362,8.884999814830566,1987-06-21
2363,20.499606538811737,1987-06-22
2364,22.447392898654666,1987-06-23
2365,1.4396959397659972,1987-06-24
2366,25.97156157205531,1987-06-25
2367,13.552945922225103,1987-06-26
2368,17.684803688575098,1987-06-27
2369,13.933414959110474,1987-06-28
2370,13.88474626311808,1987-06-29
2371,3.2949700909276163,1987-06-30
2372,3.535733163363773,1987-07-01
2373,16.909592503969975,1987-07-02
2374,22.886427725403195,1987-07-03
2375,4.454807598807595,1987-07-04
2376,2.7031601424790543,1987-07-05
2377,14.270599097953864,1987-07-06
2378,15.721175434806131,1987-07-07
2379,18.518682880653305,1987-07-08
2380,1.3215628029384223,1987-07-09
2381,25.7386778734716,1987-07-10
2382,15.392774262246498,1987-07-11
2383,40.87491482832567,1987-07-12
2384,26.454576995883173,1987-07-13
2385,50.89797497690598,1987-07-14
2386,0.0,1987-07-15
2387,10.776447035937716,1987-07-16
2388,1.6566625018972807,1987-07-17
2389,26.757450028360765,1987-07-18
2390,6.249524020421539,1987-07-19
2391,8.901693639000142,1987-07-20
2392,5.235594780773711,1987-07-21
2393,33.81232137199022,1987-07-22
2394,3.5608539490685787,1987-07-23
2395,0.7234384305735837,1987-07-24
2396,41.01439512023478,1987-07-25
2397,10.584765053718325,1987-07-26
2398,12.59410370423997,1987-07-27
2399,27.478364004179873,1987-07-28
2400,16.89302788874271,1987-07-29
2401,2.8278852151775644,1987-07-30
2402,7.240293317945823,1987-07-31
2403,2.213442895279602,1987-08-01
2404,0.6605112773861703,1987-08-02
2405,22.614969296777,1987-08-03
2406,52.39795256539174,1987-08-04
2407,0.7726687320026835,1987-08-05
2408,22.284284844608255,1987-08-06
2409,12.472234220672561,1987-08-07
2410,13.86708420096255,1987-08-08
2411,9.307733888933742,1987-08-09
2412,0.0,1987-08-10
2413,0.0,1987-08-11
2414,0.0,1987-08-12
2415,1.3335772170628972,1987-08-13
2416,3.5183483933703292,1987-08-14
2417,13.318901951697567,1987-08-15
2418,16.404737671099802,1987-08-16
2419,3.101267205235546,1987-08-17
2420,0.0,1987-08-18
2421,18.89088031690492,1987-08-19
2422,0.45543733222044114,1987-08-20
2423,25.554356715182752,1987-08-21
2424,33.76419120771794,1987-08-22
2425,0.013838326015080874,1987-08-23
2426,0.0,1987-08-24
2427,0.0,1987-08-25
2428,28.52152525652888,1987-08-26
2429,20.62843120099512,1987-08-27
2430,17.190508004912882,1987-08-28
2431,6.830844218905721,1987-08-29
2432,0.0,1987-08-30
2433,0.0,1987-08-31
2434,29.93555871555183,1987-09-01
2435,4.389115916389175,1987-09-02
2436,0.0,1987-09-03
2437,2.00269602800744,1987-09-04
2438,0.0,1987-09-05
2439,24.79736405090155,1987-09-06
2440,6.2959423781979496,1987-09-07
2441,13.306000830295151,1987-09-08
2442,3.9350068055429768,1987-09-09
2443,0.0,1987-09-10
2444,10.619699634960318,1987-09-11
2445,31.937676323194303,1987-09-12
2446,5.0842636170485145,1987-09-13
2447,0.7372657999335146,1987-09-14
2448,0.0,1987-09-15
2449,9.911742486981707,1987-09-16
2450,18.529437164239518,1987-09-17
2451,3.414410891155344,1987-09-18
2452,8.429810278660392,1987-09-19
2453,0.0,1987-09-20
2454,1.439446044541524,1987-09-21
2455,29.382689714236,1987-09-22
2456,15.016660675932584,1987-09-23
2457,21.633042258880703,1987-09-24
2458,1.1036915546987764,1987-09-25
2459,2.115096749504291,1987-09-26
2460,18.612029262106443,1987-09-27
2461,5.93875452785548,1987-09-28
2462,0.0,1987-09-29
2463,0.0,1987-09-30
2464,22.30498955793744,1987-10-01
2465,0.6802657784604607,1987-10-02
2466,0.0,1987-10-03
2467,12.36936225706531,1987-10-04
2468,23.958429324689856,1987-10-05
2469,0.0,1987-10-06
2470,0.0,1987-10-07
2471,0.0,1987-10-08
2472,0.0,1987-10-09
2473,0.0,1987-10-10
2474,0.0,1987-10-11
2475,17.28088604524338,1987-10-12
2476,0.0,1987-10-13
2477,0.0,1987-10-14
2478,0.0,1987-10-15
2479,0.0,1987-10-16
2480,3.1196844852425136,1987-10-17
2481,0.0,1987-10-18
2482,0.0,1987-10-19
2483,0.0,1987-10-20
2484,0.0,1987-10-21
2485,0.34097293753078606,1987-10-22
2486,0.0,1987-10-23
2487,2.6967290829073995,1987-10-24
2488,9.106206628877745,1987-10-25
2489,1.151610082810925,1987-10-26
2490,0.10384109944542133,1987-10-27
2491,0.7317197022200331,1987-10-28
2492,0.03833925750598181,1987-10-29
2493,0.0,1987-10-30
2494,0.0,1987-10-31
2495,0.0,1987-11-01
2496,0.7107954992227191,1987-11-02
2497,2.9346246096535515,1987-11-03
2498,0.0,1987-11-04
2499,0.0,1987-11-05
2500,0.0,1987-11-06
2501,0.0,1987-11-07
2502,0.0,1987-11-08
2503,0.02728109968722391,1987-11-09
2504,5.814946795320931,1987-11-10
2505,37.229056549407865,1987-11-11
2506,6.558011114897965,1987-11-12
2507,0.0,1987-11-13
2508,0.2028191219396955,1987-11-14
2509,0.0,1987-11-15
2510,0.12969470590440407,1987-11-16
2511,0.42331372518343663,1987-11-17
2512,0.0,1987-11-18
2513,0.6286917962776252,1987-11-19
2514,8.693990992129372,1987-11-20
2515,13.972333034392328,1987-11-21
2516,0.0,1987-11-22
2517,0.0,1987-11-23
2518,2.0104690918405033,1987-11-24
2519,0.0,1987-11-25
2520,1.3508043477821912,1987-11-26
2521,0.0,1987-11-27
2522,0.0,1987-11-28
2523,6.191857741459376,1987-11-29
2524,0.0,1987-11-30
2525,36.21895139518022,1987-12-01
2526,0.0,1987-12-02
2527,23.597509534030362,1987-12-03
2528,0.0,1987-12-04
2529,40.720312205759306,1987-12-05
2530,0.0,1987-12-06
2531,0.0,1987-12-07
2532,0.0,1987-12-08
2533,0.0,1987-12-09
2534,0.0,1987-12-10
2535,0.0,1987-12-11
2536,0.0,1987-12-12
2537,0.0,1987-12-13
2538,0.0,1987-12-14
2539,0.0,1987-12-15
2540,0.0,1987-12-16
2541,0.0,1987-12-17
2542,0.0,1987-12-18
2543,0.0,1987-12-19
2544,0.0,1987-12-20
2545,0.0,1987-12-21
2546,0.0,1987-12-22
2547,0.0,1987-12-23
2548,0.0,1987-12-24
2549,0.0,1987-12-25
2550,0.0,1987-12-26
2551,0.0,1987-12-27
2552,0.0,1987-12-28
2553,0.0,1987-12-29
2554,0.0,1987-12-30
2555,0.0,1987-12-31
2556,0.0,1988-01-01
2557,0.0,1988-01-02
2558,0.0,1988-01-03
2559,0.0,1988-01-04
2560,0.0,1988-01-05
2561,0.0,1988-01-06
2562,24.182665880935982,1988-01-07
2563,0.0,1988-01-08
2564,0.0,1988-01-09
2565,0.0,1988-01-10
2566,44.733909353776404,1988-01-11
2567,10.507172002260983,1988-01-12
2568,2.8139914430411332,1988-01-13
2569,13.220722254867777,1988-01-14
2570,0.47241279579677187,1988-01-15
2571,0.5851900278578056,1988-01-16
2572,0.0,1988-01-17
2573,0.0,1988-01-18
2574,0.0,1988-01-19
2575,0.0,1988-01-20
2576,0.11900652658904402,1988-01-21
2577,6.034079269202225,1988-01-22
2578,0.0,1988-01-23
2579,0.0,1988-01-24
2580,36.18111372296062,1988-01-25
2581,0.0,1988-01-26
2582,0.0,1988-01-27
2583,0.0,1988-01-28
2584,0.0,1988-01-29
2585,0.0,1988-01-30
2586,0.0,1988-01-31
2587,0.0,1988-02-01
2588,0.0,1988-02-02
2589,8.259529191713527,1988-02-03
2590,0.3888272078925214,1988-02-04
2591,0.8554169326653579,1988-02-05
2592,0.0,1988-02-06
2593,4.748664662257666,1988-02-07
2594,0.0,1988-02-08
2595,0.0,1988-02-09
2596,0.0,1988-02-10
2597,0.0,1988-02-11
2598,24.312313726668492,1988-02-12
2599,4.901642992237797,1988-02-13
2600,0.0,1988-02-14
2601,0.0,1988-02-15
2602,8.44566930665998,1988-02-16
2603,0.0,1988-02-17
2604,0.0,1988-02-18
2605,0.0,1988-02-19
2606,0.0,1988-02-20
2607,6.105068619328162,1988-02-21
2608,0.0,1988-02-22
2609,0.0,1988-02-23
2610,0.0,1988-02-24
2611,0.14355567842634545,1988-02-25
2612,7.48816987219444,1988-02-26
2613,0.0,1988-02-27
2614,0.0,1988-02-28
2615,0.0,1988-02-29
2616,0.28026677126059435,1988-03-01
2617,0.0,1988-03-02
2618,0.0,1988-03-03
2619,0.0,1988-03-04
2620,0.0,1988-03-05
2621,19.074252531773183,1988-03-06
2622,0.0,1988-03-07
2623,0.0,1988-03-08
2624,0.0,1988-03-09
2625,20.44022185815045,1988-03-10
2626,1.2864298335827693,1988-03-11
2627,0.0,1988-03-12
2628,0.0,1988-03-13
2629,0.0,1988-03-14
2630,0.790054396002873,1988-03-15
2631,0.0,1988-03-16
2632,0.0,1988-03-17
2633,13.646246137143576,1988-03-18
2634,0.0,1988-03-19
2635,0.0,1988-03-20
2636,0.0,1988-03-21
2637,0.0,1988-03-22
2638,0.0,1988-03-23
2639,0.0,1988-03-24
2640,0.0,1988-03-25
2641,0.0,1988-03-26
2642,0.0,1988-03-27
2643,0.0,1988-03-28
2644,0.0,1988-03-29
2645,0.0,1988-03-30
2646,0.0,1988-03-31
2647,0.0,1988-04-01
2648,0.0,1988-04-02
2649,0.0,1988-04-03
2650,0.0,1988-04-04
2651,0.0,1988-04-05
2652,0.0,1988-04-06
2653,0.0,1988-04-07
2654,0.20786185899438048,1988-04-08
2655,0.0,1988-04-09
2656,0.0,1988-04-10
2657,6.377216951532448,1988-04-11
2658,7.4198742826243675,1988-04-12
2659,0.12868280522634556,1988-04-13
2660,0.0,1988-04-14
2661,24.05850628396982,1988-04-15
2662,0.0,1988-04-16
2663,2.2070024532866266,1988-04-17
2664,0.0,1988-04-18
2665,0.0,1988-04-19
2666,5.930283332304521,1988-04-20
2667,0.0,1988-04-21
2668,0.0,1988-04-22
2669,0.0,1988-04-23
2670,0.0,1988-04-24
2671,0.0,1988-04-25
2672,0.0,1988-04-26
2673,8.188020368950811,1988-04-27
2674,0.0,1988-04-28
2675,0.0,1988-04-29
2676,0.0,1988-04-30
2677,1.0959127187868716,1988-05-01
2678,0.0742941892182023,1988-05-02
2679,0.0,1988-05-03
2680,0.0,1988-05-04
2681,1.4794033573519798,1988-05-05
2682,0.0,1988-05-06
2683,1.8548640038051218,1988-05-07
2684,0.0,1988-05-08
2685,0.0,1988-05-09
2686,0.0,1988-05-10
2687,0.0,1988-05-11
2688,0.0,1988-05-12
2689,0.0,1988-05-13
2690,0.9143397295999388,1988-05-14
2691,0.0023999502232347415,1988-05-15
2692,0.0,1988-05-16
2693,10.013409513574194,1988-05-17
2694,1.9967774702726573,1988-05-18
2695,2.225468556468438,1988-05-19
2696,0.693963546053755,1988-05-20
2697,0.0,1988-05-21
2698,0.0,1988-05-22
2699,0.0,1988-05-23
2700,0.0,1988-05-24
2701,0.0,1988-05-25
2702,0.0,1988-05-26
2703,21.03226875417044,1988-05-27
2704,8.91335995551079,1988-05-28
2705,9.405474319178337,1988-05-29
2706,2.464691722735631,1988-05-30
2707,8.808784830619164,1988-05-31
2708,4.116327757905305,1988-06-01
2709,0.0,1988-06-02
2710,0.0,1988-06-03
2711,0.0645265160837481,1988-06-04
2712,3.5224278343457978,1988-06-05
2713,5.516818678162315,1988-06-06
2714,13.431414831670502,1988-06-07
2715,3.3617027264955803,1988-06-08
2716,0.2983684266137937,1988-06-09
2717,20.257922920215865,1988-06-10
2718,42.909778424036475,1988-06-11
2719,2.572308057885716,1988-06-12
2720,12.153147040056693,1988-06-13
2721,36.91992340512989,1988-06-14
2722,24.469531468869665,1988-06-15
2723,7.576373398241061,1988-06-16
2724,24.92837835943944,1988-06-17
2725,25.932335679118594,1988-06-18
2726,4.234066026469479,1988-06-19
2727,27.32325154150686,1988-06-20
2728,24.785011494208636,1988-06-21
2729,22.937116896218225,1988-06-22
2730,23.822720419360742,1988-06-23
2731,11.334832443813426,1988-06-24
2732,12.028251321322756,1988-06-25
2733,0.0,1988-06-26
2734,5.4278344144010156,1988-06-27
2735,8.910106525379192,1988-06-28
2736,11.12513728390691,1988-06-29
2737,6.8735465702493155,1988-06-30
2738,5.429921046198289,1988-07-01
2739,23.794895459116386,1988-07-02
2740,14.832782497489912,1988-07-03
2741,18.651919451738735,1988-07-04
2742,17.287932406842188,1988-07-05
2743,14.743478006183928,1988-07-06
2744,0.25874558110390944,1988-07-07
2745,0.0,1988-07-08
2746,6.362545155416138,1988-07-09
2747,17.380456187508326,1988-07-10
2748,25.568588150896982,1988-07-11
2749,1.0700813279753207,1988-07-12
2750,24.408207086384117,1988-07-13
2751,31.766166445712543,1988-07-14
2752,0.9945322208180805,1988-07-15
2753,3.0901692968799233,1988-07-16
2754,2.4669881179395663,1988-07-17
2755,6.261542796445385,1988-07-18
2756,2.8318034165346027,1988-07-19
2757,5.497909778779554,1988-07-20
2758,4.425234406574731,1988-07-21
2759,8.772617791754762,1988-07-22
2760,4.353220712740051,1988-07-23
2761,7.644105584684354,1988-07-24
2762,12.219127959282169,1988-07-25
2763,10.465183237920403,1988-07-26
2764,8.56111017931941,1988-07-27
2765,22.164775846710658,1988-07-28
2766,18.847398215654668,1988-07-29
2767,7.220523111505592,1988-07-30
2768,7.861675085532002,1988-07-31
2769,8.628542038310657,1988-08-01
2770,5.631884119811297,1988-08-02
2771,23.802332531601795,1988-08-03
2772,16.871800611389695,1988-08-04
2773,0.0,1988-08-05
2774,0.03537679442911903,1988-08-06
2775,28.932769215659317,1988-08-07
2776,23.72579739097976,1988-08-08
2777,18.99291554744642,1988-08-09
2778,0.08211133291294848,1988-08-10
2779,13.212749165649639,1988-08-11
2780,11.453965450381958,1988-08-12
2781,20.104485086681557,1988-08-13
2782,12.846304997391014,1988-08-14
2783,23.71718438805723,1988-08-15
2784,13.91694944650197,1988-08-16
2785,0.5919079132863154,1988-08-17
2786,15.900883787720092,1988-08-18
2787,6.375839412540984,1988-08-19
2788,4.05475170155075,1988-08-20
2789,18.30951709215941,1988-08-21
2790,19.934321042002118,1988-08-22
2791,6.530748724028511,1988-08-23
2792,0.16547446754321324,1988-08-24
2793,0.6577841225117882,1988-08-25
2794,27.35849403372957,1988-08-26
2795,8.743026915547434,1988-08-27
2796,25.293223236565012,1988-08-28
2797,41.98879423426743,1988-08-29
2798,5.096192399329804,1988-08-30
2799,22.61225822610939,1988-08-31
2800,13.802365429925782,1988-09-01
2801,37.40268896992255,1988-09-02
2802,21.913042307431393,1988-09-03
2803,9.880682902461972,1988-09-04
2804,18.116829937462235,1988-09-05
2805,19.259563729294584,1988-09-06
2806,32.3378395305421,1988-09-07
2807,17.940581087129207,1988-09-08
2808,22.72304998129344,1988-09-09
2809,13.6173381203011,1988-09-10
2810,0.0,1988-09-11
2811,17.6677830324145,1988-09-12
2812,0.46594024356159647,1988-09-13
2813,5.586070130116077,1988-09-14
2814,23.420645447616355,1988-09-15
2815,4.288045608011509,1988-09-16
2816,11.036516334667931,1988-09-17
2817,0.0,1988-09-18
2818,12.923349488277939,1988-09-19
2819,0.33244681814199323,1988-09-20
2820,0.0,1988-09-21
2821,0.09898015802556819,1988-09-22
2822,7.133823233014328,1988-09-23
2823,0.0,1988-09-24
2824,0.0,1988-09-25
2825,15.021483646823516,1988-09-26
2826,8.945692935339515,1988-09-27
2827,15.966996539275318,1988-09-28
2828,17.27312006623165,1988-09-29
2829,11.725761540320612,1988-09-30
2830,10.696703013702574,1988-10-01
2831,8.573423676812403,1988-10-02
2832,17.625016031069492,1988-10-03
2833,0.3502256473418205,1988-10-04
2834,0.0,1988-10-05
2835,0.0,1988-10-06
2836,0.0,1988-10-07
2837,21.218762247191847,1988-10-08
2838,67.02220893792743,1988-10-09
2839,1.943322177226942,1988-10-10
2840,0.0,1988-10-11
2841,0.0,1988-10-12
2842,0.0,1988-10-13
2843,0.0,1988-10-14
2844,0.0,1988-10-15
2845,0.0,1988-10-16
2846,0.0,1988-10-17
2847,0.0,1988-10-18
2848,0.0,1988-10-19
2849,0.0,1988-10-20
2850,0.0,1988-10-21
2851,0.0,1988-10-22
2852,0.431258845818707,1988-10-23
2853,29.223849141520837,1988-10-24
2854,1.6696016665427917,1988-10-25
2855,0.0,1988-10-26
2856,48.814449554174885,1988-10-27
2857,0.0,1988-10-28
2858,0.0,1988-10-29
2859,7.223001562101751,1988-10-30
2860,0.0,1988-10-31
2861,0.0,1988-11-01
2862,0.0,1988-11-02
2863,2.1745105391024144,1988-11-03
2864,0.0,1988-11-04
2865,0.0,1988-11-05
2866,8.16904152084306,1988-11-06
2867,0.06227115610128275,1988-11-07
2868,21.844990977709596,1988-11-08
2869,0.24554092261798224,1988-11-09
2870,0.0,1988-11-10
2871,0.0,1988-11-11
2872,0.0,1988-11-12
2873,0.0,1988-11-13
2874,0.9611535957761526,1988-11-14
2875,1.3204698059216275,1988-11-15
2876,0.0,1988-11-16
2877,0.0,1988-11-17
2878,8.260905979329891,1988-11-18
2879,0.0,1988-11-19
2880,1.3449238560975822,1988-11-20
2881,1.7897314912622624,1988-11-21
2882,0.0,1988-11-22
2883,38.60984528619873,1988-11-23
2884,0.0,1988-11-24
2885,0.0,1988-11-25
2886,6.240170237297887,1988-11-26
2887,0.0,1988-11-27
2888,0.0,1988-11-28
2889,35.678035939236196,1988-11-29
2890,0.0,1988-11-30
2891,4.615404197197856,1988-12-01
2892,7.659317628127741,1988-12-02
2893,7.183158355388477,1988-12-03
2894,0.0,1988-12-04
2895,0.0,1988-12-05
2896,1.220316793492113,1988-12-06
2897,0.0,1988-12-07
2898,0.029541729328569435,1988-12-08
2899,2.3967004731533468,1988-12-09
2900,2.4048538070969565,1988-12-10
2901,13.735755823979979,1988-12-11
2902,0.0,1988-12-12
2903,12.994210113765911,1988-12-13
2904,0.033664476556861854,1988-12-14
2905,0.0,1988-12-15
2906,0.0,1988-12-16
2907,5.672145555725544,1988-12-17
2908,0.17951032811945136,1988-12-18
2909,0.0,1988-12-19
2910,0.0,1988-12-20
2911,0.0,1988-12-21
2912,1.6846573751063643,1988-12-22
2913,0.0,1988-12-23
2914,0.0,1988-12-24
2915,0.0,1988-12-25
2916,6.887929358328543,1988-12-26
2917,0.0,1988-12-27
2918,0.0,1988-12-28
2919,4.751533469972023,1988-12-29
2920,0.0,1988-12-30
2921,0.0,1988-12-31
2922,0.0,1989-01-01
2923,0.0,1989-01-02
2924,0.0,1989-01-03
2925,34.9876617494846,1989-01-04
2926,0.0,1989-01-05
2927,0.0,1989-01-06
2928,0.0,1989-01-07
2929,0.0,1989-01-08
2930,0.0,1989-01-09
2931,1.6899673337740633,1989-01-10
2932,1.4886651835903049,1989-01-11
2933,0.07600465701821962,1989-01-12
2934,0.0,1989-01-13
2935,0.0,1989-01-14
2936,0.0,1989-01-15
2937,1.032667114503922,1989-01-16
2938,1.9722063482961352,1989-01-17
2939,0.0,1989-01-18
2940,0.0,1989-01-19
2941,0.0,1989-01-20
2942,2.5307315390969998,1989-01-21
2943,1.8410579287061946,1989-01-22
2944,0.0,1989-01-23
2945,0.0,1989-01-24
2946,0.0,1989-01-25
2947,19.10823112090662,1989-01-26
2948,34.38333718842427,1989-01-27
2949,0.0,1989-01-28
2950,0.0,1989-01-29
2951,0.0,1989-01-30
2952,1.9481617548039234,1989-01-31
2953,0.0,1989-02-01
2954,0.0,1989-02-02
2955,0.0,1989-02-03
2956,0.0,1989-02-04
2957,0.0,1989-02-05
2958,0.0,1989-02-06
2959,0.0,1989-02-07
2960,23.45220773241038,1989-02-08
2961,18.599737687935924,1989-02-09
2962,10.675747826400041,1989-02-10
2963,8.81845552500392,1989-02-11
2964,0.0,1989-02-12
2965,0.0,1989-02-13
2966,0.0,1989-02-14
2967,0.0,1989-02-15
2968,0.0,1989-02-16
2969,8.833480076076697,1989-02-17
2970,3.359220626976483,1989-02-18
2971,0.8027665370090965,1989-02-19
2972,0.0,1989-02-20
2973,0.0,1989-02-21
2974,2.31008854622715,1989-02-22
2975,3.1203236044886533,1989-02-23
2976,0.0,1989-02-24
2977,0.0,1989-02-25
2978,0.0,1989-02-26
2979,0.0,1989-02-27
2980,0.0,1989-02-28
2981,0.0,1989-03-01
2982,0.0,1989-03-02
2983,0.0,1989-03-03
2984,0.0,1989-03-04
2985,0.0,1989-03-05
2986,0.0,1989-03-06
2987,3.0643910395155203,1989-03-07
2988,2.525280870202699,1989-03-08
2989,0.0,1989-03-09
2990,0.0,1989-03-10
2991,0.0680511514462334,1989-03-11
2992,0.0,1989-03-12
2993,0.0,1989-03-13
2994,0.0,1989-03-14
2995,0.0,1989-03-15
2996,0.0,1989-03-16
2997,0.0,1989-03-17
2998,0.0,1989-03-18
2999,0.0,1989-03-19
3000,0.0,1989-03-20
3001,0.0,1989-03-21
3002,0.0,1989-03-22
3003,30.864417563743256,1989-03-23
3004,0.0,1989-03-24
3005,0.0,1989-03-25
3006,0.0,1989-03-26
3007,0.0,1989-03-27
3008,0.0,1989-03-28
3009,0.0,1989-03-29
3010,0.0,1989-03-30
3011,0.0,1989-03-31
3012,3.3299734420790355,1989-04-01
3013,0.0,1989-04-02
3014,0.0,1989-04-03
3015,0.0,1989-04-04
3016,0.0,1989-04-05
3017,13.810663768818651,1989-04-06
3018,0.0,1989-04-07
3019,0.0,1989-04-08
3020,0.0,1989-04-09
3021,9.714155628142821,1989-04-10
3022,1.3402398556628186,1989-04-11
3023,1.3402398556628186,1989-04-12
3024,0.0,1989-04-13
3025,0.1565474988428379,1989-04-14
3026,0.0,1989-04-15
3027,6.434861382571133,1989-04-16
3028,4.705154496553706,1989-04-17
3029,0.10894829859132292,1989-04-18
3030,3.3297482412231987,1989-04-19
3031,2.24282558608964,1989-04-20
3032,23.584227955278415,1989-04-21
3033,0.0,1989-04-22
3034,0.0,1989-04-23
3035,0.0,1989-04-24
3036,0.0,1989-04-25
3037,8.99940905800313,1989-04-26
3038,7.45788345328524,1989-04-27
3039,7.470321320676382,1989-04-28
3040,0.0,1989-04-29
3041,0.0,1989-04-30
3042,0.0,1989-05-01
3043,24.102280456453474,1989-05-02
3044,9.092076027106677,1989-05-03
3045,6.336669600604216,1989-05-04
3046,12.924500101095072,1989-05-05
3047,9.804102315902709,1989-05-06
3048,3.3933818565016267,1989-05-07
3049,4.485341495446795,1989-05-08
3050,8.308827230028394,1989-05-09
3051,11.137106409072874,1989-05-10
3052,15.52580406793052,1989-05-11
3053,35.13196010751808,1989-05-12
3054,10.116868547092782,1989-05-13
3055,0.0,1989-05-14
3056,0.0,1989-05-15
3057,0.0,1989-05-16
3058,3.7288885600685733,1989-05-17
3059,0.0,1989-05-18
3060,0.0,1989-05-19
3061,0.0,1989-05-20
3062,0.0,1989-05-21
3063,0.0,1989-05-22
3064,8.354173626410303,1989-05-23
3065,13.412043348463405,1989-05-24
3066,12.345592393735297,1989-05-25
3067,12.075834248562364,1989-05-26
3068,0.0,1989-05-27
3069,0.0,1989-05-28
3070,0.0,1989-05-29
3071,0.0,1989-05-30
3072,0.0,1989-05-31
3073,5.6169646431344,1989-06-01
3074,12.220262883373728,1989-06-02
3075,9.485058480148087,1989-06-03
3076,8.336457384450695,1989-06-04
3077,5.43172676343722,1989-06-05
3078,12.278751002280945,1989-06-06
3079,0.0,1989-06-07
3080,0.0,1989-06-08
3081,6.556691889637025,1989-06-09
3082,8.10535175989101,1989-06-10
3083,19.036140326502736,1989-06-11
3084,6.3386103875755895,1989-06-12
3085,10.882707280245695,1989-06-13
3086,11.655251887592751,1989-06-14
3087,7.732951513413458,1989-06-15
3088,23.875422093959152,1989-06-16
3089,7.6844881857874805,1989-06-17
3090,12.4483502633271,1989-06-18
3091,7.020486820618079,1989-06-19
3092,12.56931848618292,1989-06-20
3093,22.781000837342834,1989-06-21
3094,0.005502970407435622,1989-06-22
3095,0.0,1989-06-23
3096,0.0,1989-06-24
3097,0.0,1989-06-25
3098,5.375974616696759,1989-06-26
3099,9.008856121941397,1989-06-27
3100,6.823445674219439,1989-06-28
3101,15.474852939057563,1989-06-29
3102,0.0,1989-06-30
3103,0.03957797391673338,1989-07-01
3104,6.723547482616391,1989-07-02
3105,0.0,1989-07-03
3106,18.924374404806546,1989-07-04
3107,12.724426554402996,1989-07-05
3108,2.541706586653187,1989-07-06
3109,8.18379213137361,1989-07-07
3110,6.01575705335287,1989-07-08
3111,6.498338434101899,1989-07-09
3112,9.688049936406426,1989-07-10
3113,20.953851353765582,1989-07-11
3114,30.603146061212097,1989-07-12
3115,0.3429466739497926,1989-07-13
3116,0.0,1989-07-14
3117,0.007513780398103149,1989-07-15
3118,17.77076536463852,1989-07-16
3119,0.0,1989-07-17
3120,0.0,1989-07-18
3121,1.16429132618163,1989-07-19
3122,0.9209531884179437,1989-07-20
3123,15.074572617371409,1989-07-21
3124,6.603606949859351,1989-07-22
3125,0.7725174665031546,1989-07-23
3126,18.463335833731286,1989-07-24
3127,0.6093366280608863,1989-07-25
3128,6.839120675993105,1989-07-26
3129,16.677063960469717,1989-07-27
3130,12.613004746227322,1989-07-28
3131,28.11356110961557,1989-07-29
3132,10.69373756330384,1989-07-30
3133,10.717102449478643,1989-07-31
3134,0.0,1989-08-01
3135,10.581508264849267,1989-08-02
3136,21.828322007075787,1989-08-03
3137,5.924946383590923,1989-08-04
3138,0.0,1989-08-05
3139,0.0,1989-08-06
3140,0.0,1989-08-07
3141,0.0,1989-08-08
3142,3.939570210364557,1989-08-09
3143,11.139336748990146,1989-08-10
3144,5.418701800880543,1989-08-11
3145,1.6633499392456321,1989-08-12
3146,14.767838568701427,1989-08-13
3147,20.175063670821206,1989-08-14
3148,18.245292318964985,1989-08-15
3149,5.104174292528035,1989-08-16
3150,9.34976217885171,1989-08-17
3151,10.85818322866893,1989-08-18
3152,0.8869804480208681,1989-08-19
3153,0.21454219991510567,1989-08-20
3154,14.109075659167384,1989-08-21
3155,11.165089161668703,1989-08-22
3156,3.0946404685722415,1989-08-23
3157,2.8712158846925084,1989-08-24
3158,9.137558703240758,1989-08-25
3159,10.215270180772126,1989-08-26
3160,9.607421986462436,1989-08-27
3161,8.179779116051638,1989-08-28
3162,7.069445859707697,1989-08-29
3163,8.896527033523382,1989-08-30
3164,7.246897013488054,1989-08-31
3165,11.952847123076149,1989-09-01
3166,9.286569637147563,1989-09-02
3167,8.519204278397767,1989-09-03
3168,0.0,1989-09-04
3169,10.559669963970912,1989-09-05
3170,16.778122450697108,1989-09-06
3171,0.0,1989-09-07
3172,0.0,1989-09-08
3173,19.6015359786249,1989-09-09
3174,12.380788929707146,1989-09-10
3175,6.146765472378548,1989-09-11
3176,9.522753522039505,1989-09-12
3177,0.7280144733417769,1989-09-13
3178,0.0431151157949677,1989-09-14
3179,24.235724192700424,1989-09-15
3180,6.86766216361977,1989-09-16
3181,13.14464353813104,1989-09-17
3182,21.35699660276039,1989-09-18
3183,4.24877689996423,1989-09-19
3184,5.149729366638096,1989-09-20
3185,8.504103876516618,1989-09-21
3186,15.756518938730197,1989-09-22
3187,51.91191197012178,1989-09-23
3188,16.938876960452344,1989-09-24
3189,0.0,1989-09-25
3190,12.924076636781441,1989-09-26
3191,29.649713423944288,1989-09-27
3192,1.7008285688584852,1989-09-28
3193,9.2774671691324,1989-09-29
3194,11.389725120102554,1989-09-30
3195,17.98214781064792,1989-10-01
3196,9.454368409187564,1989-10-02
3197,4.498368044514811,1989-10-03
3198,6.314177013716041,1989-10-04
3199,0.0,1989-10-05
3200,2.2986152547685283,1989-10-06
3201,4.720779257631721,1989-10-07
3202,7.327593211903954,1989-10-08
3203,8.193323428805625,1989-10-09
3204,17.44483892675719,1989-10-10
3205,4.225137062660061,1989-10-11
3206,19.076914359397552,1989-10-12
3207,2.7136036543412643,1989-10-13
3208,3.1868542068515002,1989-10-14
3209,4.169342573171487,1989-10-15
3210,14.078987439007355,1989-10-16
3211,0.8235567178474493,1989-10-17
3212,0.0,1989-10-18
3213,4.422525783158467,1989-10-19
3214,19.942485199310227,1989-10-20
3215,0.0,1989-10-21
3216,0.0,1989-10-22
3217,0.10123135351365613,1989-10-23
3218,0.0,1989-10-24
3219,0.0,1989-10-25
3220,0.0,1989-10-26
3221,0.0,1989-10-27
3222,10.526037369697328,1989-10-28
3223,0.0,1989-10-29
3224,0.0,1989-10-30
3225,0.0,1989-10-31
3226,0.0,1989-11-01
3227,0.0,1989-11-02
3228,8.019630896464822,1989-11-03
3229,0.0,1989-11-04
3230,9.198621636807395,1989-11-05
3231,12.450158044417933,1989-11-06
3232,0.9262070508576559,1989-11-07
3233,0.0,1989-11-08
3234,0.3169909115900393,1989-11-09
3235,15.357490859605004,1989-11-10
3236,16.687584528489545,1989-11-11
3237,13.846810357941214,1989-11-12
3238,12.348654250147757,1989-11-13
3239,0.0,1989-11-14
3240,0.0,1989-11-15
3241,0.0,1989-11-16
3242,16.192358762567697,1989-11-17
3243,0.0,1989-11-18
3244,0.0,1989-11-19
3245,1.6307191724301782,1989-11-20
3246,0.0,1989-11-21
3247,0.0,1989-11-22
3248,0.0,1989-11-23
3249,22.988399017423486,1989-11-24
3250,0.0,1989-11-25
3251,0.0,1989-11-26
3252,0.0,1989-11-27
3253,2.0727962162347837,1989-11-28
3254,6.1664833702299955,1989-11-29
3255,0.4571969291821253,1989-11-30
3256,0.0,1989-12-01
3257,0.0,1989-12-02
3258,0.0,1989-12-03
3259,9.845644644991745,1989-12-04
3260,0.0,1989-12-05
3261,0.0,1989-12-06
3262,1.5510145067119878,1989-12-07
3263,7.167594934320868,1989-12-08
3264,8.659729130848417,1989-12-09
3265,0.0,1989-12-10
3266,0.0,1989-12-11
3267,0.0,1989-12-12
3268,7.750038590920636,1989-12-13
3269,4.248434458030634,1989-12-14
3270,0.0,1989-12-15
3271,0.0,1989-12-16
3272,0.0,1989-12-17
3273,0.0,1989-12-18
3274,0.0,1989-12-19
3275,0.0,1989-12-20
3276,0.0,1989-12-21
3277,0.0,1989-12-22
3278,18.432367648994468,1989-12-23
3279,5.080748101147739,1989-12-24
3280,0.0,1989-12-25
3281,0.0,1989-12-26
3282,0.0,1989-12-27
3283,0.0,1989-12-28
3284,0.0,1989-12-29
3285,0.0,1989-12-30
3286,0.0,1989-12-31
3287,0.0,1990-01-01
3288,13.188377326003266,1990-01-02
3289,0.0,1990-01-03
3290,0.0,1990-01-04
3291,0.0,1990-01-05
3292,0.0,1990-01-06
3293,0.0,1990-01-07
3294,0.0,1990-01-08
3295,0.0,1990-01-09
3296,13.499257415284857,1990-01-10
3297,0.0,1990-01-11
3298,0.0,1990-01-12
3299,0.0,1990-01-13
3300,0.0,1990-01-14
3301,0.0,1990-01-15
3302,0.0,1990-01-16
3303,0.0,1990-01-17
3304,0.0,1990-01-18
3305,0.0,1990-01-19
3306,0.0,1990-01-20
3307,0.0,1990-01-21
3308,0.0,1990-01-22
3309,0.0,1990-01-23
3310,0.0,1990-01-24
3311,0.0,1990-01-25
3312,96.98282219033788,1990-01-26
3313,2.7982962009284504,1990-01-27
3314,0.0,1990-01-28
3315,0.9824376403271629,1990-01-29
3316,0.0,1990-01-30
3317,0.0,1990-01-31
3318,0.0,1990-02-01
3319,0.0,1990-02-02
3320,0.0,1990-02-03
3321,0.0,1990-02-04
3322,16.424441588309506,1990-02-05
3323,0.0,1990-02-06
3324,0.0,1990-02-07
3325,0.0,1990-02-08
3326,0.0,1990-02-09
3327,0.0,1990-02-10
3328,0.0,1990-02-11
3329,0.0,1990-02-12
3330,0.0,1990-02-13
3331,0.0,1990-02-14
3332,0.0,1990-02-15
3333,0.0,1990-02-16
3334,0.0,1990-02-17
3335,0.0,1990-02-18
3336,0.0,1990-02-19
3337,0.0,1990-02-20
3338,0.0,1990-02-21
3339,0.0,1990-02-22
3340,0.0,1990-02-23
3341,38.9466368272787,1990-02-24
3342,0.0,1990-02-25
3343,2.6391997101020257,1990-02-26
3344,3.082742917376879,1990-02-27
3345,0.054081143605744036,1990-02-28
3346,0.0,1990-03-01
3347,0.0,1990-03-02
3348,0.0,1990-03-03
3349,33.74351759712018,1990-03-04
3350,11.112313151373542,1990-03-05
3351,10.57043586786891,1990-03-06
3352,0.0,1990-03-07
3353,0.0,1990-03-08
3354,0.0,1990-03-09
3355,0.0,1990-03-10
3356,0.0,1990-03-11
3357,0.023830344460227273,1990-03-12
3358,0.0,1990-03-13
3359,0.0,1990-03-14
3360,0.0,1990-03-15
3361,0.0,1990-03-16
3362,3.386608113165825,1990-03-17
3363,6.844940217289408,1990-03-18
3364,0.0,1990-03-19
3365,10.242188200656972,1990-03-20
3366,0.0,1990-03-21
3367,0.0,1990-03-22
3368,0.0,1990-03-23
3369,0.0,1990-03-24
3370,0.0,1990-03-25
3371,11.265886138848893,1990-03-26
3372,13.938573120010917,1990-03-27
3373,0.0,1990-03-28
3374,0.0,1990-03-29
3375,0.0,1990-03-30
3376,0.0,1990-03-31
3377,0.0,1990-04-01
3378,0.0,1990-04-02
3379,0.0,1990-04-03
3380,17.348117428636964,1990-04-04
3381,0.0,1990-04-05
3382,0.0,1990-04-06
3383,0.0,1990-04-07
3384,10.22203986204265,1990-04-08
3385,0.0,1990-04-09
3386,0.0,1990-04-10
3387,0.0,1990-04-11
3388,15.70750364286808,1990-04-12
3389,4.661639013318374,1990-04-13
3390,0.08013776077203387,1990-04-14
3391,0.0,1990-04-15
3392,8.599406784986122,1990-04-16
3393,0.0,1990-04-17
3394,0.0,1990-04-18
3395,0.0,1990-04-19
3396,0.0,1990-04-20
3397,0.0,1990-04-21
3398,0.0,1990-04-22
3399,0.11116206602616745,1990-04-23
3400,0.0,1990-04-24
3401,11.656538898042916,1990-04-25
3402,6.373737106644862,1990-04-26
3403,5.192198673077693,1990-04-27
3404,8.093553919834125,1990-04-28
3405,7.32184800559125,1990-04-29
3406,0.07206225067988868,1990-04-30
3407,3.5760772307876976,1990-05-01
3408,0.0,1990-05-02
3409,0.0,1990-05-03
3410,0.0,1990-05-04
3411,0.0,1990-05-05
3412,0.0,1990-05-06
3413,0.0,1990-05-07
3414,0.0,1990-05-08
3415,1.2043200478316054,1990-05-09
3416,18.042787536609904,1990-05-10
3417,11.642118072537734,1990-05-11
3418,0.0,1990-05-12
3419,0.0,1990-05-13
3420,0.0,1990-05-14
3421,0.0,1990-05-15
3422,2.9547215435441982,1990-05-16
3423,2.1109944539056147,1990-05-17
3424,14.400361854407794,1990-05-18
3425,0.35344236689928343,1990-05-19
3426,0.0,1990-05-20
3427,0.0,1990-05-21
3428,11.43549794286576,1990-05-22
3429,32.782010390877375,1990-05-23
3430,2.44818599782032,1990-05-24
3431,10.997023152326209,1990-05-25
3432,15.636659866651836,1990-05-26
3433,9.497930643020137,1990-05-27
3434,6.490758684457571,1990-05-28
3435,7.592964864112765,1990-05-29
3436,11.718663947211683,1990-05-30
3437,13.329817885625399,1990-05-31
3438,34.61876439561594,1990-06-01
3439,0.430785513791171,1990-06-02
3440,3.2811990007976632,1990-06-03
3441,0.9712532230276516,1990-06-04
3442,0.4111753818366535,1990-06-05
3443,0.0,1990-06-06
3444,11.525542611516467,1990-06-07
3445,11.883095427482358,1990-06-08
3446,5.713628163799163,1990-06-09
3447,22.171072375949176,1990-06-10
3448,4.395673153980735,1990-06-11
3449,14.987723481214642,1990-06-12
3450,4.43321380573284,1990-06-13
3451,16.249620315686,1990-06-14
3452,6.760649898087176,1990-06-15
3453,0.0,1990-06-16
3454,5.49720214667558,1990-06-17
3455,4.9603926092438675,1990-06-18
3456,11.670463269253284,1990-06-19
3457,7.890411975838223,1990-06-20
3458,11.93450095696883,1990-06-21
3459,2.198732653615062,1990-06-22
3460,21.186037407033247,1990-06-23
3461,11.31167221978263,1990-06-24
3462,0.4542254274541682,1990-06-25
3463,1.6355012016771824,1990-06-26
3464,4.998475905905021,1990-06-27
3465,9.31496091705613,1990-06-28
3466,9.099377479553224,1990-06-29
3467,30.649573774701338,1990-06-30
3468,10.532296268988915,1990-07-01
3469,7.6093113902587,1990-07-02
3470,9.585223684702449,1990-07-03
3471,9.096726839703198,1990-07-04
3472,12.996345279503428,1990-07-05
3473,9.432130574452913,1990-07-06
3474,0.0,1990-07-07
3475,0.5521789491211564,1990-07-08
3476,26.32687408357771,1990-07-09
3477,20.13403233732296,1990-07-10
3478,1.145825085681904,1990-07-11
3479,3.3819758626932273,1990-07-12
3480,6.724885402187225,1990-07-13
3481,3.1296153526082415,1990-07-14
3482,5.901878757001368,1990-07-15
3483,3.1316964913812892,1990-07-16
3484,9.081757929737616,1990-07-17
3485,24.44671435621826,1990-07-18
3486,0.0,1990-07-19
3487,2.371970243831534,1990-07-20
3488,13.140725362559568,1990-07-21
3489,4.508824074960523,1990-07-22
3490,0.40421366586713153,1990-07-23
3491,0.01660525375097728,1990-07-24
3492,1.7891549257099455,1990-07-25
3493,5.372015900751712,1990-07-26
3494,5.258419798965677,1990-07-27
3495,8.098878832226978,1990-07-28
3496,11.320818255639846,1990-07-29
3497,7.573801705256936,1990-07-30
3498,7.216312870685656,1990-07-31
3499,12.260632853969451,1990-08-01
3500,2.518741628305653,1990-08-02
3501,8.085340450488228,1990-08-03
3502,0.0,1990-08-04
3503,0.907208764308359,1990-08-05
3504,0.0,1990-08-06
3505,11.095764901057715,1990-08-07
3506,0.0,1990-08-08
3507,0.0,1990-08-09
3508,0.0,1990-08-10
3509,8.088720905158526,1990-08-11
3510,28.652815515848197,1990-08-12
3511,3.0129755608007707,1990-08-13
3512,3.3824419145779876,1990-08-14
3513,0.0,1990-08-15
3514,14.015240907249565,1990-08-16
3515,22.833876600237534,1990-08-17
3516,27.658729505902514,1990-08-18
3517,33.00625983341698,1990-08-19
3518,0.43318679054461623,1990-08-20
3519,1.7222294181532871,1990-08-21
3520,13.681960163787661,1990-08-22
3521,0.8383009197984621,1990-08-23
3522,3.351893292312398,1990-08-24
3523,42.68144430837325,1990-08-25
3524,0.11790878631502304,1990-08-26
3525,13.033982229764161,1990-08-27
3526,22.84357598458568,1990-08-28
3527,7.041762604699455,1990-08-29
3528,3.516208824761802,1990-08-30
3529,37.99773528594077,1990-08-31
3530,3.1483270879504968,1990-09-01
3531,1.487956739660582,1990-09-02
3532,17.42807441532437,1990-09-03
3533,17.814408793631188,1990-09-04
3534,13.458920088066035,1990-09-05
3535,16.163921866878383,1990-09-06
3536,41.74718912130228,1990-09-07
3537,8.17650377522466,1990-09-08
3538,1.0863757117402868,1990-09-09
3539,4.038045922500296,1990-09-10
3540,4.714270914418956,1990-09-11
3541,3.8343638303902154,1990-09-12
3542,7.43552289720854,1990-09-13
3543,12.506176243807207,1990-09-14
3544,14.166641922584377,1990-09-15
3545,1.9942349927236611,1990-09-16
3546,17.612715379122065,1990-09-17
3547,3.472796164943326,1990-09-18
3548,4.61857456453385,1990-09-19
3549,0.30640772353868684,1990-09-20
3550,2.9452594187672188,1990-09-21
3551,9.633325324603895,1990-09-22
3552,3.3512834664174194,1990-09-23
3553,7.135215935609209,1990-09-24
3554,32.01054070044821,1990-09-25
3555,19.71143752525979,1990-09-26
3556,8.308446139925739,1990-09-27
3557,4.180578865879093,1990-09-28
3558,37.183632672329445,1990-09-29
3559,3.601797427487863,1990-09-30
3560,52.64241913848609,1990-10-01
3561,14.801593053823341,1990-10-02
3562,7.260965948244696,1990-10-03
3563,11.19739805073333,1990-10-04
3564,5.276686938193537,1990-10-05
3565,0.0,1990-10-06
3566,34.244636367283256,1990-10-07
3567,10.744123395712844,1990-10-08
3568,6.47429673225649,1990-10-09
3569,0.0,1990-10-10
3570,0.0,1990-10-11
3571,0.0,1990-10-12
3572,0.0,1990-10-13
3573,0.0,1990-10-14
3574,0.0,1990-10-15
3575,0.0,1990-10-16
3576,0.0,1990-10-17
3577,3.033728751800627,1990-10-18
3578,7.207348292733917,1990-10-19
3579,0.0,1990-10-20
3580,9.674529372296378,1990-10-21
3581,0.0,1990-10-22
3582,0.04551883820564516,1990-10-23
3583,0.0,1990-10-24
3584,0.0,1990-10-25
3585,0.0,1990-10-26
3586,0.0,1990-10-27
3587,0.0,1990-10-28
3588,0.0,1990-10-29
3589,0.0,1990-10-30
3590,0.0,1990-10-31
3591,0.0,1990-11-01
3592,0.11455609657198103,1990-11-02
3593,0.0,1990-11-03
3594,0.34619924810974484,1990-11-04
3595,5.8385691110829105,1990-11-05
3596,3.3048824905440255,1990-11-06
3597,0.0,1990-11-07
3598,0.0,1990-11-08
3599,0.0,1990-11-09
3600,0.0,1990-11-10
3601,5.085476045538601,1990-11-11
3602,0.0,1990-11-12
3603,8.270910828148516,1990-11-13
3604,11.424085646710441,1990-11-14
3605,8.467127296847682,1990-11-15
3606,10.7329291202176,1990-11-16
3607,12.397495475668363,1990-11-17
3608,10.357373259424115,1990-11-18
3609,1.7483455467503792,1990-11-19
3610,0.41894473017136025,1990-11-20
3611,0.0,1990-11-21
3612,11.235476973469304,1990-11-22
3613,0.0,1990-11-23
3614,0.0,1990-11-24
3615,0.0,1990-11-25
3616,0.0,1990-11-26
3617,0.0,1990-11-27
3618,0.0,1990-11-28
3619,10.491742683995152,1990-11-29
3620,66.60064860111807,1990-11-30
3621,0.7066437717057393,1990-12-01
3622,11.659119373025083,1990-12-02
3623,36.58493235121025,1990-12-03
3624,25.970020408714273,1990-12-04
3625,24.263484061959907,1990-12-05
3626,0.0,1990-12-06
3627,0.0,1990-12-07
3628,2.379704617251399,1990-12-08
3629,0.0,1990-12-09
3630,0.0,1990-12-10
3631,0.0,1990-12-11
3632,0.0,1990-12-12
3633,0.0,1990-12-13
3634,4.345116693826715,1990-12-14
3635,0.0,1990-12-15
3636,0.15416978240362708,1990-12-16
3637,0.0,1990-12-17
3638,0.0,1990-12-18
3639,0.0,1990-12-19
3640,0.0,1990-12-20
3641,0.0,1990-12-21
3642,0.0,1990-12-22
3643,0.0,1990-12-23
3644,0.0,1990-12-24
3645,3.078027742139755,1990-12-25
3646,0.6248740709701941,1990-12-26
3647,0.0,1990-12-27
3648,1.0349911634383664,1990-12-28
3649,0.0,1990-12-29
3650,0.0,1990-12-30
3651,15.317280254280114,1990-12-31
3652,2.3729595662841354,1991-01-01
3653,0.0,1991-01-02
3654,1.2232427649064497,1991-01-03
3655,4.172829377881943,1991-01-04
3656,0.8808670582589514,1991-01-05
3657,0.0,1991-01-06
3658,0.2086882426242325,1991-01-07
3659,1.5396433714058397,1991-01-08
3660,0.0,1991-01-09
3661,0.0,1991-01-10
3662,0.0,1991-01-11
3663,4.693665025562835,1991-01-12
3664,51.5148138415429,1991-01-13
3665,0.0,1991-01-14
3666,0.0,1991-01-15
3667,3.992710257443515,1991-01-16
3668,0.0,1991-01-17
3669,0.0,1991-01-18
3670,0.0,1991-01-19
3671,0.0,1991-01-20
3672,0.0,1991-01-21
3673,0.0,1991-01-22
3674,0.0,1991-01-23
3675,0.0,1991-01-24
3676,0.0,1991-01-25
3677,16.54799738643456,1991-01-26
3678,0.0,1991-01-27
3679,0.0,1991-01-28
3680,0.0,1991-01-29
3681,0.0,1991-01-30
3682,0.0,1991-01-31
3683,8.206630589381692,1991-02-01
3684,2.0551026315772987,1991-02-02
3685,0.0,1991-02-03
3686,0.0,1991-02-04
3687,0.0,1991-02-05
3688,0.0,1991-02-06
3689,0.0,1991-02-07
3690,4.892253240294471,1991-02-08
3691,5.247529572559592,1991-02-09
3692,0.0,1991-02-10
3693,0.0,1991-02-11
3694,6.622896282819709,1991-02-12
3695,0.0,1991-02-13
3696,0.0,1991-02-14
3697,0.0,1991-02-15
3698,12.367976443970306,1991-02-16
3699,0.0,1991-02-17
3700,0.0,1991-02-18
3701,0.0,1991-02-19
3702,0.0,1991-02-20
3703,0.0,1991-02-21
3704,0.0,1991-02-22
3705,0.2116774612437945,1991-02-23
3706,0.0,1991-02-24
3707,0.0,1991-02-25
3708,0.0,1991-02-26
3709,1.2811193931836886,1991-02-27
3710,0.0,1991-02-28
3711,0.0,1991-03-01
3712,0.0,1991-03-02
3713,0.0,1991-03-03
3714,3.105722401414799,1991-03-04
3715,0.0,1991-03-05
3716,0.0,1991-03-06
3717,0.0,1991-03-07
3718,0.0,1991-03-08
3719,0.0,1991-03-09
3720,15.64578346918056,1991-03-10
3721,5.489575994441241,1991-03-11
3722,0.0,1991-03-12
3723,0.0,1991-03-13
3724,0.0,1991-03-14
3725,0.0,1991-03-15
3726,0.0,1991-03-16
3727,0.0,1991-03-17
3728,0.0,1991-03-18
3729,0.16788880402741194,1991-03-19
3730,0.0,1991-03-20
3731,0.0,1991-03-21
3732,0.0,1991-03-22
3733,0.0,1991-03-23
3734,0.0,1991-03-24
3735,1.3019538135053126,1991-03-25
3736,0.0,1991-03-26
3737,0.0,1991-03-27
3738,0.0,1991-03-28
3739,0.0,1991-03-29
3740,0.0,1991-03-30
3741,4.579303899216862,1991-03-31
3742,17.25458195957621,1991-04-01
3743,0.0,1991-04-02
3744,0.0,1991-04-03
3745,0.0,1991-04-04
3746,0.0,1991-04-05
3747,0.0,1991-04-06
3748,0.0,1991-04-07
3749,8.959983037280196,1991-04-08
3750,0.0,1991-04-09
3751,0.0,1991-04-10
3752,0.9529409124424731,1991-04-11
3753,0.0,1991-04-12
3754,0.0,1991-04-13
3755,0.0,1991-04-14
3756,0.0,1991-04-15
3757,0.0,1991-04-16
3758,0.0,1991-04-17
3759,0.0,1991-04-18
3760,0.0,1991-04-19
3761,0.0,1991-04-20
3762,0.0,1991-04-21
3763,0.0,1991-04-22
3764,0.0,1991-04-23
3765,0.0,1991-04-24
3766,0.0,1991-04-25
3767,5.831697337158964,1991-04-26
3768,0.0,1991-04-27
3769,1.096872114058464,1991-04-28
3770,1.285489292340544,1991-04-29
3771,0.1335536393531956,1991-04-30
3772,6.645078729450528,1991-05-01
3773,0.48311870874197954,1991-05-02
3774,5.301974059046187,1991-05-03
3775,0.0,1991-05-04
3776,0.0,1991-05-05
3777,6.336309532322143,1991-05-06
3778,2.748343488855446,1991-05-07
3779,0.0,1991-05-08
3780,0.9244729729341972,1991-05-09
3781,1.5407144724658506,1991-05-10
3782,8.135058943001754,1991-05-11
3783,3.3832993095711172,1991-05-12
3784,0.0,1991-05-13
3785,0.0,1991-05-14
3786,16.96271086617299,1991-05-15
3787,1.1344073296711943,1991-05-16
3788,13.847774415673397,1991-05-17
3789,9.317815045331582,1991-05-18
3790,1.9025154201585874,1991-05-19
3791,7.767869995374486,1991-05-20
3792,0.0,1991-05-21
3793,6.998255938532766,1991-05-22
3794,10.402036398946363,1991-05-23
3795,2.0062667714675504,1991-05-24
3796,6.435764101341672,1991-05-25
3797,4.34627338621973,1991-05-26
3798,12.40472447800846,1991-05-27
3799,3.6214848105439,1991-05-28
3800,3.0061391959092485,1991-05-29
3801,17.44888944332201,1991-05-30
3802,3.0831901200425933,1991-05-31
3803,15.967211811731287,1991-06-01
3804,10.086134651944777,1991-06-02
3805,18.531558353082882,1991-06-03
3806,4.992800035364818,1991-06-04
3807,0.6939258479792352,1991-06-05
3808,1.2200387773905332,1991-06-06
3809,2.797244775442084,1991-06-07
3810,3.5703325945540962,1991-06-08
3811,8.061146061497348,1991-06-09
3812,7.0789322437778575,1991-06-10
3813,2.647351347428263,1991-06-11
3814,3.304633270778265,1991-06-12
3815,0.9683839563330595,1991-06-13
3816,0.0,1991-06-14
3817,3.0827029644918587,1991-06-15
3818,0.07270948970772305,1991-06-16
3819,0.0,1991-06-17
3820,8.755697266838768,1991-06-18
3821,11.857460422739605,1991-06-19
3822,7.584746604706885,1991-06-20
3823,6.296885866965018,1991-06-21
3824,18.304402861049795,1991-06-22
3825,32.38015638334659,1991-06-23
3826,33.51483034363241,1991-06-24
3827,9.062231392175224,1991-06-25
3828,6.526537390454423,1991-06-26
3829,6.829482778985481,1991-06-27
3830,3.843964951478841,1991-06-28
3831,7.811081110095696,1991-06-29
3832,5.027602818089147,1991-06-30
3833,15.40204971372207,1991-07-01
3834,18.219876700706145,1991-07-02
3835,19.69394957875227,1991-07-03
3836,27.115228622246352,1991-07-04
3837,19.973370809694885,1991-07-05
3838,13.856250174849613,1991-07-06
3839,10.779236703660134,1991-07-07
3840,2.975452632596416,1991-07-08
3841,0.0,1991-07-09
3842,2.965174596176819,1991-07-10
3843,17.331271601422443,1991-07-11
3844,13.553176182497982,1991-07-12
3845,16.819564574233258,1991-07-13
3846,7.111106740274738,1991-07-14
3847,0.0,1991-07-15
3848,7.409378744835728,1991-07-16
3849,4.981082320814608,1991-07-17
3850,9.477018065606394,1991-07-18
3851,15.539956569391963,1991-07-19
3852,0.005991130140869498,1991-07-20
3853,17.95534311786775,1991-07-21
3854,22.477260619076816,1991-07-22
3855,3.307466061220141,1991-07-23
3856,5.797183841889905,1991-07-24
3857,0.516626752059131,1991-07-25
3858,1.5947039305359738,1991-07-26
3859,13.349044420068916,1991-07-27
3860,2.1616217490305303,1991-07-28
3861,0.09668969694120794,1991-07-29
3862,0.09534209733834366,1991-07-30
3863,6.0320652179773955,1991-07-31
3864,4.628057306463068,1991-08-01
3865,0.0,1991-08-02
3866,7.397803534035109,1991-08-03
3867,18.799641391161252,1991-08-04
3868,0.22724020784551446,1991-08-05
3869,10.515892271813758,1991-08-06
3870,18.818001697685713,1991-08-07
3871,3.1967878418863687,1991-08-08
3872,0.42897250385228486,1991-08-09
3873,3.815345762006699,1991-08-10
3874,0.0,1991-08-11
3875,0.0,1991-08-12
3876,0.0,1991-08-13
3877,0.0,1991-08-14
3878,20.73724272210577,1991-08-15
3879,3.3490469359652395,1991-08-16
3880,0.5349662895775961,1991-08-17
3881,3.446579317543164,1991-08-18
3882,4.93701380924046,1991-08-19
3883,2.9249487365375852,1991-08-20
3884,5.067944817612944,1991-08-21
3885,18.28304063679536,1991-08-22
3886,15.078296517738503,1991-08-23
3887,5.738554158308638,1991-08-24
3888,5.285011735647654,1991-08-25
3889,9.351212426070944,1991-08-26
3890,5.86168424969894,1991-08-27
3891,1.1637349681071174,1991-08-28
3892,1.031326028328837,1991-08-29
3893,0.0,1991-08-30
3894,5.308378003811208,1991-08-31
3895,1.5368849486409746,1991-09-01
3896,22.482350286276812,1991-09-02
3897,10.877420624637882,1991-09-03
3898,8.039105425328454,1991-09-04
3899,18.21836086043864,1991-09-05
3900,35.178906189143824,1991-09-06
3901,4.316941349807023,1991-09-07
3902,10.202635451174205,1991-09-08
3903,4.6245624261727425,1991-09-09
3904,7.009799142624976,1991-09-10
3905,6.4650542567412534,1991-09-11
3906,6.396649646367495,1991-09-12
3907,14.308033427241263,1991-09-13
3908,15.343528234588085,1991-09-14
3909,14.020825473164534,1991-09-15
3910,3.912589364107754,1991-09-16
3911,0.0,1991-09-17
3912,1.8633484481157099,1991-09-18
3913,9.873259953082131,1991-09-19
3914,9.46481854763199,1991-09-20
3915,54.06763400953188,1991-09-21
3916,10.903551088847728,1991-09-22
3917,21.960105574991008,1991-09-23
3918,25.92258132632527,1991-09-24
3919,19.281869228788132,1991-09-25
3920,6.642829640254246,1991-09-26
3921,4.259057153550761,1991-09-27
3922,24.24066426906418,1991-09-28
3923,0.0,1991-09-29
3924,3.264977887145236,1991-09-30
3925,0.10587645857914453,1991-10-01
3926,12.062278822566057,1991-10-02
3927,1.3508717489941733,1991-10-03
3928,4.531141637203631,1991-10-04
3929,35.91367081012893,1991-10-05
3930,0.0,1991-10-06
3931,30.98325024333518,1991-10-07
3932,0.0,1991-10-08
3933,0.0,1991-10-09
3934,0.01380890071566853,1991-10-10
3935,25.46488616473514,1991-10-11
3936,0.0,1991-10-12
3937,0.0,1991-10-13
3938,0.0,1991-10-14
3939,0.0,1991-10-15
3940,0.33127046671780674,1991-10-16
3941,1.0404980878186714,1991-10-17
3942,14.826934028692609,1991-10-18
3943,19.963674371109672,1991-10-19
3944,8.238958099790331,1991-10-20
3945,0.0,1991-10-21
3946,0.0,1991-10-22
3947,41.62733001736953,1991-10-23
3948,0.0,1991-10-24
3949,0.0,1991-10-25
3950,0.10707960411250766,1991-10-26
3951,2.3210379230521645,1991-10-27
3952,1.0783736307669944,1991-10-28
3953,3.0830992651684888,1991-10-29
3954,0.0,1991-10-30
3955,0.0,1991-10-31
3956,0.2826530431932019,1991-11-01
3957,3.310113972247171,1991-11-02
3958,14.612771371242937,1991-11-03
3959,24.8326517349534,1991-11-04
3960,39.92368092142592,1991-11-05
3961,1.3809592043968941,1991-11-06
3962,0.0,1991-11-07
3963,0.0,1991-11-08
3964,0.0,1991-11-09
3965,0.0,1991-11-10
3966,0.0,1991-11-11
3967,0.0,1991-11-12
3968,0.0,1991-11-13
3969,0.0,1991-11-14
3970,0.0,1991-11-15
3971,0.0,1991-11-16
3972,0.0,1991-11-17
3973,0.0,1991-11-18
3974,0.0,1991-11-19
3975,0.0,1991-11-20
3976,0.0,1991-11-21
3977,0.0,1991-11-22
3978,0.0,1991-11-23
3979,0.0,1991-11-24
3980,0.0,1991-11-25
3981,16.797267253573686,1991-11-26
3982,0.03594051528885917,1991-11-27
3983,5.386482728863043,1991-11-28
3984,0.0,1991-11-29
3985,0.10344908392674063,1991-11-30
3986,0.0,1991-12-01
3987,5.260942712599233,1991-12-02
3988,11.581863311420786,1991-12-03
3989,135.84371492536891,1991-12-04
3990,5.055783783249842,1991-12-05
3991,0.0,1991-12-06
3992,2.9423397947965833,1991-12-07
3993,0.0,1991-12-08
3994,0.03394392712724524,1991-12-09
3995,3.3325990090132462,1991-12-10
3996,0.0,1991-12-11
3997,0.0,1991-12-12
3998,0.0,1991-12-13
3999,0.0,1991-12-14
4000,40.55821378534491,1991-12-15
4001,0.0,1991-12-16
4002,0.0,1991-12-17
4003,0.0,1991-12-18
4004,0.0,1991-12-19
4005,0.0,1991-12-20
4006,21.292274411556658,1991-12-21
4007,0.0,1991-12-22
4008,0.0,1991-12-23
4009,0.0,1991-12-24
4010,0.0,1991-12-25
4011,0.0,1991-12-26
4012,0.608579449695576,1991-12-27
4013,0.0,1991-12-28
4014,0.0,1991-12-29
4015,0.0,1991-12-30
4016,0.0,1991-12-31
4017,0.0,1992-01-01
4018,0.0,1992-01-02
4019,2.303737643736898,1992-01-03
4020,0.0,1992-01-04
4021,0.0,1992-01-05
4022,0.0,1992-01-06
4023,0.6086628314686661,1992-01-07
4024,0.0,1992-01-08
4025,0.0,1992-01-09
4026,0.0,1992-01-10
4027,1.5191208547580979,1992-01-11
4028,0.0,1992-01-12
4029,0.0,1992-01-13
4030,0.0,1992-01-14
4031,8.09605042194691,1992-01-15
4032,0.5318563649661381,1992-01-16
4033,0.010225507255173849,1992-01-17
4034,0.0,1992-01-18
4035,5.407386917662411,1992-01-19
4036,34.59022743443239,1992-01-20
4037,2.3894372501820764,1992-01-21
4038,0.008725653058273003,1992-01-22
4039,0.0,1992-01-23
4040,3.958830439911561,1992-01-24
4041,0.9908286132700632,1992-01-25
4042,0.0,1992-01-26
4043,0.0,1992-01-27
4044,3.5372662230460876,1992-01-28
4045,0.0,1992-01-29
4046,0.0,1992-01-30
4047,3.5909062596709846,1992-01-31
4048,5.08045399279888,1992-02-01
4049,0.0,1992-02-02
4050,0.7730268624940576,1992-02-03
4051,4.258906876376648,1992-02-04
4052,11.088391045349436,1992-02-05
4053,5.810115230873533,1992-02-06
4054,0.0,1992-02-07
4055,0.0,1992-02-08
4056,0.0,1992-02-09
4057,0.9997414914743641,1992-02-10
4058,1.7088259615296844,1992-02-11
4059,0.0,1992-02-12
4060,0.0,1992-02-13
4061,0.0,1992-02-14
4062,0.0,1992-02-15
4063,0.0,1992-02-16
4064,0.0,1992-02-17
4065,0.0,1992-02-18
4066,3.6165988662865156,1992-02-19
4067,0.24037068568366712,1992-02-20
4068,0.0,1992-02-21
4069,5.4126914152441845,1992-02-22
4070,0.0,1992-02-23
4071,0.0,1992-02-24
4072,0.0,1992-02-25
4073,0.0,1992-02-26
4074,0.0,1992-02-27
4075,0.0,1992-02-28
4076,0.0,1992-02-29
4077,0.0,1992-03-01
4078,0.0,1992-03-02
4079,0.0,1992-03-03
4080,0.0,1992-03-04
4081,0.0,1992-03-05
4082,0.0,1992-03-06
4083,0.0,1992-03-07
4084,0.0,1992-03-08
4085,0.0,1992-03-09
4086,0.0,1992-03-10
4087,0.0,1992-03-11
4088,0.0,1992-03-12
4089,0.0,1992-03-13
4090,0.0,1992-03-14
4091,0.6285995878292319,1992-03-15
4092,1.4101506449400156,1992-03-16
4093,0.0,1992-03-17
4094,0.0,1992-03-18
4095,0.0,1992-03-19
4096,0.0,1992-03-20
4097,0.0,1992-03-21
4098,0.0,1992-03-22
4099,0.07808498030184302,1992-03-23
4100,32.58680677111898,1992-03-24
4101,0.1823354440280769,1992-03-25
4102,25.398170623443683,1992-03-26
4103,0.0,1992-03-27
4104,1.664043016293881,1992-03-28
4105,0.0,1992-03-29
4106,0.0,1992-03-30
4107,20.29905681047971,1992-03-31
4108,2.4167013187352513,1992-04-01
4109,17.813476326123016,1992-04-02
4110,15.9000519074303,1992-04-03
4111,14.12231058677271,1992-04-04
4112,4.353845447025691,1992-04-05
4113,1.4941664209114143,1992-04-06
4114,0.2924822807871352,1992-04-07
4115,2.793902595357811,1992-04-08
4116,0.0,1992-04-09
4117,0.0,1992-04-10
4118,0.0,1992-04-11
4119,18.574036635066054,1992-04-12
4120,0.0,1992-04-13
4121,12.57780127167352,1992-04-14
4122,0.0,1992-04-15
4123,0.0,1992-04-16
4124,0.0,1992-04-17
4125,3.7623614284369946,1992-04-18
4126,0.0,1992-04-19
4127,0.0,1992-04-20
4128,0.0,1992-04-21
4129,0.36881131035141934,1992-04-22
4130,5.97491318218869,1992-04-23
4131,0.0,1992-04-24
4132,0.0,1992-04-25
4133,0.0,1992-04-26
4134,6.913043138945905,1992-04-27
4135,7.9084004648270145,1992-04-28
4136,2.7067470778468077,1992-04-29
4137,0.0,1992-04-30
4138,5.088684403791456,1992-05-01
4139,0.0,1992-05-02
4140,0.0,1992-05-03
4141,0.0,1992-05-04
4142,0.0,1992-05-05
4143,0.0,1992-05-06
4144,0.0,1992-05-07
4145,3.6763999978118638,1992-05-08
4146,0.0,1992-05-09
4147,0.0,1992-05-10
4148,3.2504836738004723,1992-05-11
4149,0.0,1992-05-12
4150,0.0,1992-05-13
4151,19.946477673997627,1992-05-14
4152,0.0,1992-05-15
4153,27.4470770406863,1992-05-16
4154,2.3290531245704265,1992-05-17
4155,27.574864081777086,1992-05-18
4156,0.0,1992-05-19
4157,0.0,1992-05-20
4158,0.0,1992-05-21
4159,1.024533353453158,1992-05-22
4160,1.0952387081772699,1992-05-23
4161,4.936893755138095,1992-05-24
4162,0.0,1992-05-25
4163,7.30253917470356,1992-05-26
4164,7.996000882369681,1992-05-27
4165,0.0,1992-05-28
4166,0.0,1992-05-29
4167,14.026892988087495,1992-05-30
4168,14.59898921161104,1992-05-31
4169,0.32985675450993424,1992-06-01
4170,9.441368978058488,1992-06-02
4171,35.11425647981706,1992-06-03
4172,0.9366753463241713,1992-06-04
4173,3.396564594196084,1992-06-05
4174,5.423417504889525,1992-06-06
4175,10.407111106939679,1992-06-07
4176,4.0911703825696115,1992-06-08
4177,4.175038182686502,1992-06-09
4178,4.392167114791982,1992-06-10
4179,13.175438812569093,1992-06-11
4180,0.8434936577693459,1992-06-12
4181,9.744877810380329,1992-06-13
4182,10.188622828676555,1992-06-14
4183,24.312303960973576,1992-06-15
4184,22.7057813283635,1992-06-16
4185,48.33135183977592,1992-06-17
4186,22.093854409942168,1992-06-18
4187,2.2753819600438097,1992-06-19
4188,0.39294151334119337,1992-06-20
4189,6.8465256256931335,1992-06-21
4190,0.36675181481146046,1992-06-22
4191,40.82111630979522,1992-06-23
4192,8.139263309579443,1992-06-24
4193,31.49084604811458,1992-06-25
4194,24.237670931438547,1992-06-26
4195,8.289838282537598,1992-06-27
4196,17.749127244138297,1992-06-28
4197,8.45707936650497,1992-06-29
4198,23.186433352529125,1992-06-30
4199,19.08465819775534,1992-07-01
4200,16.173022696419547,1992-07-02
4201,16.20475549306338,1992-07-03
4202,5.648035572952541,1992-07-04
4203,3.064273778825911,1992-07-05
4204,1.8957306039088635,1992-07-06
4205,0.0,1992-07-07
4206,74.84197914917794,1992-07-08
4207,0.0,1992-07-09
4208,1.5397713288114219,1992-07-10
4209,9.520775483430656,1992-07-11
4210,2.655569983004125,1992-07-12
4211,27.611985227187706,1992-07-13
4212,15.802328140616762,1992-07-14
4213,1.1744966770966383,1992-07-15
4214,5.430467049551151,1992-07-16
4215,10.208857668376046,1992-07-17
4216,2.5727041256952154,1992-07-18
4217,9.962441349281246,1992-07-19
4218,3.4538948901168065,1992-07-20
4219,0.0,1992-07-21
4220,3.457183714891808,1992-07-22
4221,21.809725776236082,1992-07-23
4222,10.059936157908957,1992-07-24
4223,14.393452294089576,1992-07-25
4224,38.62309726323549,1992-07-26
4225,2.148675422332853,1992-07-27
4226,0.0,1992-07-28
4227,1.4867433263829026,1992-07-29
4228,0.09591090965830337,1992-07-30
4229,1.9119426825738721,1992-07-31
4230,1.7430901903281115,1992-08-01
4231,0.36972523585792166,1992-08-02
4232,19.63608951635725,1992-08-03
4233,6.277421214811264,1992-08-04
4234,7.194755116515845,1992-08-05
4235,3.596952503126038,1992-08-06
4236,0.0,1992-08-07
4237,4.328152551623035,1992-08-08
4238,23.73505946749465,1992-08-09
4239,23.31206981804363,1992-08-10
4240,16.791155271781857,1992-08-11
4241,11.0208357972064,1992-08-12
4242,7.7886473634166125,1992-08-13
4243,23.489653081474412,1992-08-14
4244,4.534124752223668,1992-08-15
4245,5.8110875907181985,1992-08-16
4246,2.6670827453367174,1992-08-17
4247,5.3872933607017535,1992-08-18
4248,20.117923597296663,1992-08-19
4249,0.0,1992-08-20
4250,0.7607232375718282,1992-08-21
4251,0.0,1992-08-22
4252,0.40472563354850166,1992-08-23
4253,0.0,1992-08-24
4254,0.1208888919192675,1992-08-25
4255,22.793029489377385,1992-08-26
4256,0.6795857828313655,1992-08-27
4257,0.0,1992-08-28
4258,5.090002535878737,1992-08-29
4259,3.600621089991237,1992-08-30
4260,0.0,1992-08-31
4261,2.1270996869554266,1992-09-01
4262,6.283577487196041,1992-09-02
4263,12.654714337905482,1992-09-03
4264,0.673882054583418,1992-09-04
4265,4.250815165119787,1992-09-05
4266,0.0,1992-09-06
4267,0.0,1992-09-07
4268,4.894488808724189,1992-09-08
4269,10.76868752873888,1992-09-09
4270,17.300773005835122,1992-09-10
4271,5.087961933214293,1992-09-11
4272,17.22329754734319,1992-09-12
4273,9.144250712800236,1992-09-13
4274,5.5258886140392685,1992-09-14
4275,1.4230303427620719,1992-09-15
4276,0.0,1992-09-16
4277,5.238787745870103,1992-09-17
4278,15.173506294373544,1992-09-18
4279,4.482523869097758,1992-09-19
4280,0.04527260648889625,1992-09-20
4281,4.979509659792322,1992-09-21
4282,11.28118403465517,1992-09-22
4283,35.650312856970636,1992-09-23
4284,1.2496847161100055,1992-09-24
4285,10.224092411561449,1992-09-25
4286,11.09417029299694,1992-09-26
4287,14.427162888910068,1992-09-27
4288,0.3781994842294374,1992-09-28
4289,10.86350414891397,1992-09-29
4290,29.191949597411845,1992-09-30
4291,40.971694570300855,1992-10-01
4292,29.868835589501174,1992-10-02
4293,0.0,1992-10-03
4294,0.0,1992-10-04
4295,0.0,1992-10-05
4296,4.853288830787904,1992-10-06
4297,2.33720306687341,1992-10-07
4298,0.04790403752033312,1992-10-08
4299,0.0,1992-10-09
4300,0.0,1992-10-10
4301,0.0,1992-10-11
4302,0.0,1992-10-12
4303,0.0,1992-10-13
4304,3.621976837370753,1992-10-14
4305,0.653903055610545,1992-10-15
4306,0.0,1992-10-16
4307,0.0,1992-10-17
4308,0.0,1992-10-18
4309,4.440466861501118,1992-10-19
4310,28.273574942144126,1992-10-20
4311,0.0,1992-10-21
4312,2.7371267729280984,1992-10-22
4313,0.6995913157085519,1992-10-23
4314,21.752304406487703,1992-10-24
4315,0.0,1992-10-25
4316,0.0,1992-10-26
4317,0.0,1992-10-27
4318,4.452531087545356,1992-10-28
4319,0.023273091022569765,1992-10-29
4320,13.290744540978036,1992-10-30
4321,0.0,1992-10-31
4322,0.9254377214090564,1992-11-01
4323,0.0,1992-11-02
4324,0.0,1992-11-03
4325,6.368262080195363,1992-11-04
4326,0.6625852422630333,1992-11-05
4327,11.185469149872002,1992-11-06
4328,0.08267803276039638,1992-11-07
4329,0.0,1992-11-08
4330,0.0,1992-11-09
4331,29.031334312752197,1992-11-10
4332,0.0,1992-11-11
4333,0.1990833137042362,1992-11-12
4334,0.0,1992-11-13
4335,2.489062857418116,1992-11-14
4336,98.56945266253784,1992-11-15
4337,0.0,1992-11-16
4338,1.5734409973838115,1992-11-17
4339,35.352218603822145,1992-11-18
4340,0.0,1992-11-19
4341,0.0,1992-11-20
4342,0.0,1992-11-21
4343,0.0,1992-11-22
4344,0.0,1992-11-23
4345,0.0,1992-11-24
4346,1.1962266849282899,1992-11-25
4347,9.484067297904723,1992-11-26
4348,4.157172947992677,1992-11-27
4349,0.0,1992-11-28
4350,15.494915018445234,1992-11-29
4351,0.0,1992-11-30
4352,4.217985090048782,1992-12-01
4353,0.0,1992-12-02
4354,0.0,1992-12-03
4355,0.0,1992-12-04
4356,0.0,1992-12-05
4357,0.4019552298235403,1992-12-06
4358,0.0,1992-12-07
4359,7.269322371105296,1992-12-08
4360,0.0,1992-12-09
4361,0.0,1992-12-10
4362,5.52919564686213,1992-12-11
4363,0.0,1992-12-12
4364,0.6387803455252101,1992-12-13
4365,0.0,1992-12-14
4366,0.0,1992-12-15
4367,0.0,1992-12-16
4368,0.0,1992-12-17
4369,4.099052700339175,1992-12-18
4370,0.0,1992-12-19
4371,0.0,1992-12-20
4372,0.0,1992-12-21
4373,3.169458933100323,1992-12-22
4374,0.0,1992-12-23
4375,0.0,1992-12-24
4376,0.0,1992-12-25
4377,0.0,1992-12-26
4378,31.45410555235452,1992-12-27
4379,1.4668247391821003,1992-12-28
4380,2.358141049024297,1992-12-29
4381,52.15438353944036,1992-12-30
4382,0.07974538705216126,1992-12-31
4383,4.480487028384837,1993-01-01
4384,0.0,1993-01-02
4385,5.804703549331933,1993-01-03
4386,0.0,1993-01-04
4387,0.0,1993-01-05
4388,0.0,1993-01-06
4389,6.743737048319709,1993-01-07
4390,1.3934536894745142,1993-01-08
4391,0.0,1993-01-09
4392,0.0,1993-01-10
4393,0.0,1993-01-11
4394,6.592189609521994,1993-01-12
4395,0.0,1993-01-13
4396,0.7152027644439877,1993-01-14
4397,5.620737896189313,1993-01-15
4398,12.102219697471238,1993-01-16
4399,13.07712398954151,1993-01-17
4400,0.0,1993-01-18
4401,0.0,1993-01-19
4402,0.8453168624587073,1993-01-20
4403,0.0,1993-01-21
4404,7.1631580808365465,1993-01-22
4405,6.342501054886849,1993-01-23
4406,16.88831184585772,1993-01-24
4407,8.291174293641125,1993-01-25
4408,8.969092370981345,1993-01-26
4409,0.0,1993-01-27
4410,0.0,1993-01-28
4411,0.0,1993-01-29
4412,2.18541637683544,1993-01-30
4413,11.643969711684061,1993-01-31
4414,0.0,1993-02-01
4415,0.0,1993-02-02
4416,0.0,1993-02-03
4417,0.0,1993-02-04
4418,8.916271791038623,1993-02-05
4419,0.0,1993-02-06
4420,2.709434472193117,1993-02-07
4421,0.0,1993-02-08
4422,0.9315314326887607,1993-02-09
4423,0.0,1993-02-10
4424,0.0,1993-02-11
4425,0.0,1993-02-12
4426,3.993860957573587,1993-02-13
4427,0.0,1993-02-14
4428,0.0,1993-02-15
4429,0.0,1993-02-16
4430,0.0,1993-02-17
4431,0.0,1993-02-18
4432,0.16909031080710224,1993-02-19
4433,7.244806545850468,1993-02-20
4434,3.3249593614902664,1993-02-21
4435,0.0,1993-02-22
4436,0.0,1993-02-23
4437,0.0,1993-02-24
4438,0.0,1993-02-25
4439,0.0,1993-02-26
4440,0.007390998549475348,1993-02-27
4441,0.0,1993-02-28
4442,0.0,1993-03-01
4443,0.0,1993-03-02
4444,0.0,1993-03-03
4445,0.0,1993-03-04
4446,0.0,1993-03-05
4447,0.0,1993-03-06
4448,7.017951212264925,1993-03-07
4449,16.04967498499627,1993-03-08
4450,7.711409322816958,1993-03-09
4451,8.388778850046421,1993-03-10
4452,0.0,1993-03-11
4453,0.0,1993-03-12
4454,0.0,1993-03-13
4455,0.0,1993-03-14
4456,0.0,1993-03-15
4457,1.5645184029162458,1993-03-16
4458,0.0,1993-03-17
4459,0.0,1993-03-18
4460,0.0,1993-03-19
4461,0.0,1993-03-20
4462,0.0,1993-03-21
4463,0.0,1993-03-22
4464,0.0,1993-03-23
4465,0.0,1993-03-24
4466,1.8719792499360448,1993-03-25
4467,0.11311817097174458,1993-03-26
4468,1.7344987515899788,1993-03-27
4469,2.4157383242730184,1993-03-28
4470,0.0,1993-03-29
4471,0.0,1993-03-30
4472,0.0,1993-03-31
4473,0.0,1993-04-01
4474,2.0967168028543424,1993-04-02
4475,0.48823243476778183,1993-04-03
4476,0.0,1993-04-04
4477,1.6396545178239998,1993-04-05
4478,0.0,1993-04-06
4479,0.19624577407613178,1993-04-07
4480,0.6594157956842105,1993-04-08
4481,10.224438429563973,1993-04-09
4482,6.049201350212098,1993-04-10
4483,0.0,1993-04-11
4484,0.0,1993-04-12
4485,0.0,1993-04-13
4486,0.0,1993-04-14
4487,0.09040384152767597,1993-04-15
4488,2.6414035746219215,1993-04-16
4489,0.0,1993-04-17
4490,6.72145503902715,1993-04-18
4491,7.143174391575924,1993-04-19
4492,17.366922105330524,1993-04-20
4493,16.121833103437226,1993-04-21
4494,5.812498397771214,1993-04-22
4495,8.14371835951931,1993-04-23
4496,0.0,1993-04-24
4497,0.0,1993-04-25
4498,12.106827188810648,1993-04-26
4499,9.461092463322744,1993-04-27
4500,0.0,1993-04-28
4501,0.0,1993-04-29
4502,0.0,1993-04-30
4503,0.0,1993-05-01
4504,0.0,1993-05-02
4505,0.9923446039440347,1993-05-03
4506,10.77140372223169,1993-05-04
4507,8.314022507541685,1993-05-05
4508,0.0,1993-05-06
4509,0.0,1993-05-07
4510,1.1292590608904438,1993-05-08
4511,6.852643683984482,1993-05-09
4512,16.87191014393333,1993-05-10
4513,10.21392226423336,1993-05-11
4514,6.475132823535776,1993-05-12
4515,0.0,1993-05-13
4516,28.59803042386634,1993-05-14
4517,0.05167152181049247,1993-05-15
4518,11.733116670689627,1993-05-16
4519,0.0,1993-05-17
4520,0.0,1993-05-18
4521,0.0,1993-05-19
4522,0.541583309173584,1993-05-20
4523,5.330728322697526,1993-05-21
4524,0.1062749364019489,1993-05-22
4525,6.9228441026133885,1993-05-23
4526,0.0,1993-05-24
4527,0.0,1993-05-25
4528,0.0,1993-05-26
4529,2.1261211375686786,1993-05-27
4530,3.8269380643011193,1993-05-28
4531,0.0,1993-05-29
4532,4.858646264509722,1993-05-30
4533,10.247260669361463,1993-05-31
4534,0.0,1993-06-01
4535,0.0,1993-06-02
4536,0.40282535259325136,1993-06-03
4537,17.75749279620711,1993-06-04
4538,0.045668356915023675,1993-06-05
4539,11.137829384594015,1993-06-06
4540,1.5060017047949201,1993-06-07
4541,0.04855401405491088,1993-06-08
4542,0.02317562016573819,1993-06-09
4543,0.0,1993-06-10
4544,0.0,1993-06-11
4545,0.29275740078117846,1993-06-12
4546,16.075623446545638,1993-06-13
4547,44.574398980014834,1993-06-14
4548,31.209098296459118,1993-06-15
4549,9.630820908560429,1993-06-16
4550,5.382239584013862,1993-06-17
4551,18.645568672051528,1993-06-18
4552,29.582285915497817,1993-06-19
4553,34.57635778091521,1993-06-20
4554,12.194526105556323,1993-06-21
4555,21.873087353636446,1993-06-22
4556,5.618662675818393,1993-06-23
4557,19.805484958100532,1993-06-24
4558,6.0893504560028715,1993-06-25
4559,15.550247188495405,1993-06-26
4560,17.46944180427058,1993-06-27
4561,26.305148486755467,1993-06-28
4562,24.86840811911217,1993-06-29
4563,17.239895452851773,1993-06-30
4564,2.3612566021670345,1993-07-01
4565,9.4857386129273,1993-07-02
4566,22.716603680803633,1993-07-03
4567,26.65119089176927,1993-07-04
4568,11.844510268717565,1993-07-05
4569,23.994138308186688,1993-07-06
4570,14.800170685804483,1993-07-07
4571,12.71735551171289,1993-07-08
4572,7.55777024112489,1993-07-09
4573,7.854329181906066,1993-07-10
4574,20.219061730040835,1993-07-11
4575,11.652828421984253,1993-07-12
4576,3.0838460876655023,1993-07-13
4577,1.962983294316401,1993-07-14
4578,5.0081029504485155,1993-07-15
4579,1.4236225602633792,1993-07-16
4580,0.0,1993-07-17
4581,0.2621937189633546,1993-07-18
4582,3.5089754432387377,1993-07-19
4583,28.838718749798645,1993-07-20
4584,4.372111558844268,1993-07-21
4585,6.3684668779023585,1993-07-22
4586,5.815211094928977,1993-07-23
4587,4.207617284181879,1993-07-24
4588,7.510956273414523,1993-07-25
4589,7.322957087374154,1993-07-26
4590,8.771300816969438,1993-07-27
4591,22.052603680255473,1993-07-28
4592,7.900470267181173,1993-07-29
4593,4.22560565895349,1993-07-30
4594,15.14898387865587,1993-07-31
4595,12.979186906548888,1993-08-01
4596,20.187183773230956,1993-08-02
4597,15.69831551739198,1993-08-03
4598,11.934520202298323,1993-08-04
4599,21.043278875211108,1993-08-05
4600,24.47948396839355,1993-08-06
4601,7.572901472695763,1993-08-07
4602,19.46734334226927,1993-08-08
4603,8.99672631356024,1993-08-09
4604,3.684866087905123,1993-08-10
4605,1.9966036076140188,1993-08-11
4606,5.965563696696262,1993-08-12
4607,19.044248054649824,1993-08-13
4608,11.615293506387392,1993-08-14
4609,16.004942256614264,1993-08-15
4610,12.894281832507628,1993-08-16
4611,22.479766900965892,1993-08-17
4612,26.202114466166567,1993-08-18
4613,2.816978862740078,1993-08-19
4614,9.04921385398708,1993-08-20
4615,22.360660542490894,1993-08-21
4616,8.809409086501494,1993-08-22
4617,0.0,1993-08-23
4618,3.0018173711111125,1993-08-24
4619,3.152968343415917,1993-08-25
4620,6.456080809674304,1993-08-26
4621,14.612474433921303,1993-08-27
4622,15.184397532499434,1993-08-28
4623,5.444928493499758,1993-08-29
4624,9.017537214525284,1993-08-30
4625,20.741831195081787,1993-08-31
4626,15.083558824992249,1993-09-01
4627,7.158539386620619,1993-09-02
4628,1.1830308727644756,1993-09-03
4629,2.076077903093131,1993-09-04
4630,19.77069671035163,1993-09-05
4631,2.9134925780478116,1993-09-06
4632,12.101981339496604,1993-09-07
4633,4.787807079004754,1993-09-08
4634,8.140726773913652,1993-09-09
4635,25.12541273089097,1993-09-10
4636,9.137115694308907,1993-09-11
4637,8.734355549294927,1993-09-12
4638,8.760530267488921,1993-09-13
4639,20.64860624590228,1993-09-14
4640,6.482999810473312,1993-09-15
4641,2.581807509251704,1993-09-16
4642,10.349202972409316,1993-09-17
4643,10.118553812161219,1993-09-18
4644,12.35321847655557,1993-09-19
4645,18.18844951271661,1993-09-20
4646,21.626909876512983,1993-09-21
4647,10.399716081898934,1993-09-22
4648,10.601551360524647,1993-09-23
4649,0.0,1993-09-24
4650,0.0,1993-09-25
4651,16.317565112687273,1993-09-26
4652,14.784304940567692,1993-09-27
4653,26.197546065601777,1993-09-28
4654,0.8580773134315469,1993-09-29
4655,0.0,1993-09-30
4656,15.125781832999847,1993-10-01
4657,2.8213593064165536,1993-10-02
4658,7.193338451007942,1993-10-03
4659,28.211693669064655,1993-10-04
4660,15.744846787578552,1993-10-05
4661,0.031159394227864106,1993-10-06
4662,3.8380841759922206,1993-10-07
4663,3.862586251941245,1993-10-08
4664,6.036466782253857,1993-10-09
4665,7.0445330082706015,1993-10-10
4666,2.8894922582844487,1993-10-11
4667,2.106123088797516,1993-10-12
4668,2.931625203554931,1993-10-13
4669,4.6036020409676315,1993-10-14
4670,19.891674061660538,1993-10-15
4671,4.329849763322087,1993-10-16
4672,3.5684699223188363,1993-10-17
4673,4.679199316012195,1993-10-18
4674,3.7461305612133393,1993-10-19
4675,2.3963207044909076,1993-10-20
4676,4.345218430600208,1993-10-21
4677,6.462699590190764,1993-10-22
4678,16.256257087785823,1993-10-23
4679,13.340542522050063,1993-10-24
4680,9.138082314404578,1993-10-25
4681,8.158926495582826,1993-10-26
4682,1.77566149692032,1993-10-27
4683,0.1550206234168447,1993-10-28
4684,0.0,1993-10-29
4685,0.0,1993-10-30
4686,34.36978289316126,1993-10-31
4687,1.0193631272581665,1993-11-01
4688,0.0,1993-11-02
4689,0.0,1993-11-03
4690,0.07474711809689698,1993-11-04
4691,0.0,1993-11-05
4692,0.0,1993-11-06
4693,0.0,1993-11-07
4694,0.0,1993-11-08
4695,0.9140409453103969,1993-11-09
4696,13.598146550746259,1993-11-10
4697,0.13615182851416627,1993-11-11
4698,1.3119893802296032,1993-11-12
4699,0.0,1993-11-13
4700,0.0,1993-11-14
4701,0.0,1993-11-15
4702,0.6204299223667716,1993-11-16
4703,1.3676092684793333,1993-11-17
4704,12.882271313373645,1993-11-18
4705,0.9270216256082933,1993-11-19
4706,52.06216246350421,1993-11-20
4707,11.310897488160567,1993-11-21
4708,12.121925582410306,1993-11-22
4709,0.0,1993-11-23
4710,0.0,1993-11-24
4711,0.0,1993-11-25
4712,0.0,1993-11-26
4713,0.0,1993-11-27
4714,0.0,1993-11-28
4715,0.0,1993-11-29
4716,0.8022064921862919,1993-11-30
4717,5.344451865129108,1993-12-01
4718,1.7046191128258132,1993-12-02
4719,0.14513272033758529,1993-12-03
4720,0.0,1993-12-04
4721,0.26712156052463565,1993-12-05
4722,0.0,1993-12-06
4723,6.1140804160724995,1993-12-07
4724,5.871504979986599,1993-12-08
4725,0.0,1993-12-09
4726,0.0,1993-12-10
4727,0.0,1993-12-11
4728,8.26450536982405,1993-12-12
4729,0.0,1993-12-13
4730,0.0,1993-12-14
4731,0.0,1993-12-15
4732,1.0654114841925435,1993-12-16
4733,0.0,1993-12-17
4734,0.0,1993-12-18
4735,0.6350839174388092,1993-12-19
4736,0.0,1993-12-20
4737,0.0,1993-12-21
4738,0.0,1993-12-22
4739,0.0,1993-12-23
4740,0.0,1993-12-24
4741,16.45050869113889,1993-12-25
4742,18.9608585356827,1993-12-26
4743,0.0,1993-12-27
4744,0.0,1993-12-28
4745,2.4400353280260423,1993-12-29
4746,2.785286998986499,1993-12-30
4747,0.12501083016045983,1993-12-31
4748,0.0,1994-01-01
4749,2.2261426406591873,1994-01-02
4750,0.0,1994-01-03
4751,0.7354964023321605,1994-01-04
4752,5.1513230779094075,1994-01-05
4753,0.0,1994-01-06
4754,0.0,1994-01-07
4755,1.834339470709524,1994-01-08
4756,10.751964376371278,1994-01-09
4757,0.0,1994-01-10
4758,0.0,1994-01-11
4759,0.0,1994-01-12
4760,0.0,1994-01-13
4761,21.210350137414117,1994-01-14
4762,1.6540392098189098,1994-01-15
4763,0.0,1994-01-16
4764,1.0734283369797066,1994-01-17
4765,12.738788343524652,1994-01-18
4766,9.649270090958945,1994-01-19
4767,7.468381357528597,1994-01-20
4768,2.274329542736154,1994-01-21
4769,0.9934512482640332,1994-01-22
4770,10.584440890840774,1994-01-23
4771,8.130338088703994,1994-01-24
4772,3.7876362162391466,1994-01-25
4773,0.0,1994-01-26
4774,0.0,1994-01-27
4775,0.0,1994-01-28
4776,0.0,1994-01-29
4777,0.0,1994-01-30
4778,23.056966235141257,1994-01-31
4779,0.0,1994-02-01
4780,0.0,1994-02-02
4781,0.10993094737928286,1994-02-03
4782,1.30267749414416,1994-02-04
4783,0.0,1994-02-05
4784,0.0,1994-02-06
4785,32.732200753611906,1994-02-07
4786,0.0,1994-02-08
4787,0.0,1994-02-09
4788,0.0,1994-02-10
4789,0.0,1994-02-11
4790,0.0,1994-02-12
4791,1.6224087774438942,1994-02-13
4792,0.6087985690667833,1994-02-14
4793,0.0,1994-02-15
4794,1.215623931129657,1994-02-16
4795,0.0,1994-02-17
4796,3.929382996069721,1994-02-18
4797,0.0,1994-02-19
4798,0.0,1994-02-20
4799,0.0,1994-02-21
4800,0.4476265289217146,1994-02-22
4801,0.0,1994-02-23
4802,16.04914715383759,1994-02-24
4803,1.9222853997865377,1994-02-25
4804,0.0,1994-02-26
4805,2.2273439902084666,1994-02-27
4806,0.0,1994-02-28
4807,0.0,1994-03-01
4808,0.6492398046678113,1994-03-02
4809,1.1466202597743955,1994-03-03
4810,0.0,1994-03-04
4811,0.0,1994-03-05
4812,0.0,1994-03-06
4813,0.0,1994-03-07
4814,0.0,1994-03-08
4815,0.0,1994-03-09
4816,4.648641229081365,1994-03-10
4817,17.698298858365703,1994-03-11
4818,0.0,1994-03-12
4819,0.0,1994-03-13
4820,0.3348933770999182,1994-03-14
4821,0.0,1994-03-15
4822,0.0,1994-03-16
4823,1.0589799998023295,1994-03-17
4824,0.025386393168105408,1994-03-18
4825,0.0,1994-03-19
4826,0.0,1994-03-20
4827,0.0,1994-03-21
4828,0.0,1994-03-22
4829,0.0,1994-03-23
4830,0.0,1994-03-24
4831,0.0,1994-03-25
4832,0.0,1994-03-26
4833,0.0,1994-03-27
4834,0.0,1994-03-28
4835,19.11150957510269,1994-03-29
4836,2.4917051536246824,1994-03-30
4837,0.0,1994-03-31
4838,0.0,1994-04-01
4839,0.0,1994-04-02
4840,0.0,1994-04-03
4841,0.0,1994-04-04
4842,0.0,1994-04-05
4843,0.0,1994-04-06
4844,0.0,1994-04-07
4845,0.0,1994-04-08
4846,0.0,1994-04-09
4847,1.417198234779045,1994-04-10
4848,0.0,1994-04-11
4849,0.0,1994-04-12
4850,0.0,1994-04-13
4851,0.0,1994-04-14
4852,0.0,1994-04-15
4853,0.0,1994-04-16
4854,8.12065617983642,1994-04-17
4855,0.0,1994-04-18
4856,0.0,1994-04-19
4857,0.8263011435119988,1994-04-20
4858,5.942048346066404,1994-04-21
4859,13.214615368605356,1994-04-22
4860,14.80940421838565,1994-04-23
4861,13.359226290165859,1994-04-24
4862,0.7778972064015452,1994-04-25
4863,5.006379272385427,1994-04-26
4864,4.187680799688411,1994-04-27
4865,0.9381206405896945,1994-04-28
4866,0.0,1994-04-29
4867,2.8210706850930043,1994-04-30
4868,0.0,1994-05-01
4869,0.0,1994-05-02
4870,0.0,1994-05-03
4871,0.0,1994-05-04
4872,1.111917347082994,1994-05-05
4873,11.662685506826273,1994-05-06
4874,0.0,1994-05-07
4875,4.363799756824794,1994-05-08
4876,1.9966075653344657,1994-05-09
4877,0.0,1994-05-10
4878,0.5669239293095653,1994-05-11
4879,0.11334926619208102,1994-05-12
4880,0.0,1994-05-13
4881,8.215108540582518,1994-05-14
4882,12.621652130367467,1994-05-15
4883,20.443624342417785,1994-05-16
4884,5.7568072236807835,1994-05-17
4885,31.371565221411743,1994-05-18
4886,1.974837335043988,1994-05-19
4887,6.81350681053229,1994-05-20
4888,0.0,1994-05-21
4889,0.0,1994-05-22
4890,0.0,1994-05-23
4891,0.0,1994-05-24
4892,0.0,1994-05-25
4893,0.0,1994-05-26
4894,0.0,1994-05-27
4895,0.09692305216691363,1994-05-28
4896,7.964300825337163,1994-05-29
4897,0.047735906779940884,1994-05-30
4898,19.816457124161932,1994-05-31
4899,7.821092440781355,1994-06-01
4900,15.78367497872048,1994-06-02
4901,0.012341018813796057,1994-06-03
4902,16.78202374796714,1994-06-04
4903,5.992220552673789,1994-06-05
4904,16.43440046455853,1994-06-06
4905,14.163614949033411,1994-06-07
4906,18.327257106255228,1994-06-08
4907,15.901849023589643,1994-06-09
4908,9.489472069083071,1994-06-10
4909,13.043977611771078,1994-06-11
4910,3.458971314024715,1994-06-12
4911,0.02010662498362253,1994-06-13
4912,0.6438783159283948,1994-06-14
4913,0.0,1994-06-15
4914,0.025956012356665826,1994-06-16
4915,2.9352195022672505,1994-06-17
4916,4.513511211249837,1994-06-18
4917,16.230976170906224,1994-06-19
4918,18.88831572507484,1994-06-20
4919,10.683581471401226,1994-06-21
4920,0.36969944700817214,1994-06-22
4921,0.014936395628361408,1994-06-23
4922,1.573887414470796,1994-06-24
4923,2.399346330005052,1994-06-25
4924,3.06264285509887,1994-06-26
4925,10.017677264786887,1994-06-27
4926,14.466173428342492,1994-06-28
4927,0.0,1994-06-29
4928,0.03869429666625439,1994-06-30
4929,0.2149915093340832,1994-07-01
4930,12.214611241376998,1994-07-02
4931,9.855646670109362,1994-07-03
4932,1.408763085949805,1994-07-04
4933,5.888088021376265,1994-07-05
4934,18.37094681320302,1994-07-06
4935,5.379411809395484,1994-07-07
4936,0.0,1994-07-08
4937,2.1289049705382315,1994-07-09
4938,10.626169204767844,1994-07-10
4939,0.0,1994-07-11
4940,13.565187507640582,1994-07-12
4941,9.804906837289984,1994-07-13
4942,31.932848881248855,1994-07-14
4943,8.175669446592808,1994-07-15
4944,14.516093278420637,1994-07-16
4945,16.187700061238758,1994-07-17
4946,0.8962809623651142,1994-07-18
4947,4.92739536576257,1994-07-19
4948,5.930294035998258,1994-07-20
4949,16.594238783425247,1994-07-21
4950,16.11916272403907,1994-07-22
4951,0.0,1994-07-23
4952,3.193275771294871,1994-07-24
4953,0.0,1994-07-25
4954,0.0,1994-07-26
4955,2.8352017967861767,1994-07-27
4956,7.013392432959548,1994-07-28
4957,6.801171252063292,1994-07-29
4958,0.0,1994-07-30
4959,10.645142464400038,1994-07-31
4960,9.389551616707857,1994-08-01
4961,7.8612243129361055,1994-08-02
4962,1.6829519962914878,1994-08-03
4963,11.59457063386867,1994-08-04
4964,3.031264806199283,1994-08-05
4965,9.672334104744921,1994-08-06
4966,1.5741653819937163,1994-08-07
4967,6.156030750610262,1994-08-08
4968,13.975839507866466,1994-08-09
4969,2.595509321598713,1994-08-10
4970,2.056127881724114,1994-08-11
4971,4.0592091777667285,1994-08-12
4972,9.693451517334433,1994-08-13
4973,14.0076175139307,1994-08-14
4974,8.359789663102271,1994-08-15
4975,20.11188825478652,1994-08-16
4976,13.185357345653772,1994-08-17
4977,10.845622451731888,1994-08-18
4978,5.391956034573642,1994-08-19
4979,0.0,1994-08-20
4980,2.9256560977812742,1994-08-21
4981,20.73641113387525,1994-08-22
4982,0.9511050389029765,1994-08-23
4983,0.7967677678810187,1994-08-24
4984,2.6870616720988254,1994-08-25
4985,0.0,1994-08-26
4986,0.15011493945751023,1994-08-27
4987,0.0,1994-08-28
4988,14.736414211922028,1994-08-29
4989,13.866938536999168,1994-08-30
4990,8.425504596184426,1994-08-31
4991,15.077818701288216,1994-09-01
4992,4.249986054037324,1994-09-02
4993,1.5897371718331168,1994-09-03
4994,10.66047772080318,1994-09-04
4995,3.291572737595902,1994-09-05
4996,5.357791872779645,1994-09-06
4997,2.7216171766376216,1994-09-07
4998,14.593203051446821,1994-09-08
4999,0.9801664575034225,1994-09-09
5000,0.0,1994-09-10
5001,8.46645716893708,1994-09-11
5002,9.932054307607613,1994-09-12
5003,0.0,1994-09-13
5004,4.326125373057257,1994-09-14
5005,37.630447513267086,1994-09-15
5006,17.742931071586273,1994-09-16
5007,7.993106933353233,1994-09-17
5008,14.32642078178719,1994-09-18
5009,7.184874141447006,1994-09-19
5010,8.302656136509961,1994-09-20
5011,30.120796592801902,1994-09-21
5012,0.0,1994-09-22
5013,0.0,1994-09-23
5014,0.0,1994-09-24
5015,0.0,1994-09-25
5016,26.05045416409669,1994-09-26
5017,16.530107220456745,1994-09-27
5018,49.149852114534795,1994-09-28
5019,0.0,1994-09-29
5020,0.0,1994-09-30
5021,10.262613995851314,1994-10-01
5022,10.19855162978522,1994-10-02
5023,0.4603701420054059,1994-10-03
5024,7.136645660232589,1994-10-04
5025,10.509543114295804,1994-10-05
5026,0.0,1994-10-06
5027,0.0,1994-10-07
5028,0.0028576132139502383,1994-10-08
5029,43.28321274883237,1994-10-09
5030,7.811991225155917,1994-10-10
5031,0.0,1994-10-11
5032,0.1314711166337089,1994-10-12
5033,25.621660666759414,1994-10-13
5034,13.950428947717214,1994-10-14
5035,0.0,1994-10-15
5036,0.0,1994-10-16
5037,14.914026390310601,1994-10-17
5038,1.5898665270148133,1994-10-18
5039,0.0332705498301039,1994-10-19
5040,3.6077299037497066,1994-10-20
5041,0.0,1994-10-21
5042,0.0,1994-10-22
5043,0.0,1994-10-23
5044,0.0,1994-10-24
5045,0.0,1994-10-25
5046,0.0,1994-10-26
5047,0.0,1994-10-27
5048,0.0,1994-10-28
5049,0.0,1994-10-29
5050,0.0,1994-10-30
5051,0.0,1994-10-31
5052,1.741655067768265,1994-11-01
5053,20.663036869306367,1994-11-02
5054,0.16519348829722477,1994-11-03
5055,2.7412227618030087,1994-11-04
5056,0.6032778685673241,1994-11-05
5057,4.842739879420776,1994-11-06
5058,12.08922985938288,1994-11-07
5059,5.643133891992206,1994-11-08
5060,8.346263661314666,1994-11-09
5061,21.891877309793603,1994-11-10
5062,1.4075156786015308,1994-11-11
5063,0.0,1994-11-12
5064,0.0,1994-11-13
5065,0.0,1994-11-14
5066,0.0,1994-11-15
5067,1.6222948051128219,1994-11-16
5068,0.0,1994-11-17
5069,0.0,1994-11-18
5070,0.0,1994-11-19
5071,0.0,1994-11-20
5072,0.0,1994-11-21
5073,0.0,1994-11-22
5074,2.3108820144451956,1994-11-23
5075,28.273047124157895,1994-11-24
5076,0.39785187338104694,1994-11-25
5077,1.9160600019550045,1994-11-26
5078,0.0,1994-11-27
5079,0.0,1994-11-28
5080,0.0,1994-11-29
5081,0.20693356734916263,1994-11-30
5082,9.50865775069184,1994-12-01
5083,8.794939878497308,1994-12-02
5084,0.0,1994-12-03
5085,0.0,1994-12-04
5086,0.0,1994-12-05
5087,8.754468352102467,1994-12-06
5088,1.7207264732405587,1994-12-07
5089,3.2143989840141143,1994-12-08
5090,0.0,1994-12-09
5091,0.0,1994-12-10
5092,0.11820686860518023,1994-12-11
5093,7.449592061252536,1994-12-12
5094,0.0,1994-12-13
5095,0.0,1994-12-14
5096,0.0,1994-12-15
5097,1.9714304268465017,1994-12-16
5098,0.06276640933979293,1994-12-17
5099,0.5628038309046949,1994-12-18
5100,0.0,1994-12-19
5101,0.0,1994-12-20
5102,1.2795651893951325,1994-12-21
5103,6.735940805586204,1994-12-22
5104,0.0,1994-12-23
5105,0.0,1994-12-24
5106,0.0,1994-12-25
5107,11.790385959407104,1994-12-26
5108,0.0,1994-12-27
5109,0.0,1994-12-28
5110,0.0,1994-12-29
5111,0.0,1994-12-30
5112,0.0,1994-12-31
5113,0.0,1995-01-01
5114,1.9451554840960463,1995-01-02
5115,0.22017514136529737,1995-01-03
5116,0.0,1995-01-04
5117,6.523822002466822,1995-01-05
5118,0.0,1995-01-06
5119,0.0,1995-01-07
5120,13.981798757430044,1995-01-08
5121,2.497387837902192,1995-01-09
5122,0.0,1995-01-10
5123,0.0,1995-01-11
5124,0.0,1995-01-12
5125,0.0,1995-01-13
5126,1.4130537114744666,1995-01-14
5127,2.494920214851581,1995-01-15
5128,0.0,1995-01-16
5129,0.0,1995-01-17
5130,0.0,1995-01-18
5131,0.0,1995-01-19
5132,7.449734103798517,1995-01-20
5133,0.0,1995-01-21
5134,0.0,1995-01-22
5135,0.0,1995-01-23
5136,4.487634567641093,1995-01-24
5137,8.549883903380366,1995-01-25
5138,7.518403293380288,1995-01-26
5139,0.0,1995-01-27
5140,0.0,1995-01-28
5141,0.0,1995-01-29
5142,0.0,1995-01-30
5143,10.772026036757527,1995-01-31
5144,0.0,1995-02-01
5145,0.0,1995-02-02
5146,0.0,1995-02-03
5147,47.828434065262236,1995-02-04
5148,9.95774955486622,1995-02-05
5149,0.0,1995-02-06
5150,0.0,1995-02-07
5151,0.0,1995-02-08
5152,0.0,1995-02-09
5153,0.0,1995-02-10
5154,0.0,1995-02-11
5155,0.0,1995-02-12
5156,0.0,1995-02-13
5157,0.0,1995-02-14
5158,0.0,1995-02-15
5159,0.0,1995-02-16
5160,0.0,1995-02-17
5161,0.0,1995-02-18
5162,0.0,1995-02-19
5163,0.27369795611876546,1995-02-20
5164,1.0990321777712915,1995-02-21
5165,0.0,1995-02-22
5166,0.0,1995-02-23
5167,0.0,1995-02-24
5168,0.0,1995-02-25
5169,0.0,1995-02-26
5170,0.0,1995-02-27
5171,0.0,1995-02-28
5172,0.0,1995-03-01
5173,4.2616993525580575,1995-03-02
5174,0.0,1995-03-03
5175,0.0,1995-03-04
5176,0.0,1995-03-05
5177,0.0,1995-03-06
5178,0.0,1995-03-07
5179,0.0,1995-03-08
5180,25.890777770654893,1995-03-09
5181,0.0,1995-03-10
5182,0.0,1995-03-11
5183,0.0,1995-03-12
5184,0.0,1995-03-13
5185,0.0,1995-03-14
5186,0.9142099191086732,1995-03-15
5187,4.653337213286906,1995-03-16
5188,0.0,1995-03-17
5189,0.015013504028320314,1995-03-18
5190,0.0,1995-03-19
5191,0.0,1995-03-20
5192,0.0,1995-03-21
5193,0.0,1995-03-22
5194,0.0,1995-03-23
5195,0.0,1995-03-24
5196,0.0,1995-03-25
5197,0.0,1995-03-26
5198,0.0,1995-03-27
5199,0.0,1995-03-28
5200,0.0,1995-03-29
5201,0.0,1995-03-30
5202,0.0,1995-03-31
5203,0.681732950769911,1995-04-01
5204,0.0,1995-04-02
5205,0.41315468153296336,1995-04-03
5206,0.0,1995-04-04
5207,0.0,1995-04-05
5208,0.0,1995-04-06
5209,14.40264631922993,1995-04-07
5210,13.496931754305216,1995-04-08
5211,14.729565287279593,1995-04-09
5212,4.214905959685877,1995-04-10
5213,1.1844725974354229,1995-04-11
5214,6.094807113440508,1995-04-12
5215,0.005872690083344311,1995-04-13
5216,0.0,1995-04-14
5217,6.847571408951389,1995-04-15
5218,0.0,1995-04-16
5219,0.0,1995-04-17
5220,0.0,1995-04-18
5221,7.6991567495072,1995-04-19
5222,0.033749577027262126,1995-04-20
5223,0.0,1995-04-21
5224,0.0,1995-04-22
5225,0.0,1995-04-23
5226,24.933982202915857,1995-04-24
5227,0.0,1995-04-25
5228,4.424328640982552,1995-04-26
5229,14.50883425256724,1995-04-27
5230,51.87294532664012,1995-04-28
5231,2.9806706062999293,1995-04-29
5232,4.144655350296378,1995-04-30
5233,0.0,1995-05-01
5234,0.0,1995-05-02
5235,0.0,1995-05-03
5236,9.145681531380346,1995-05-04
5237,22.908571607360397,1995-05-05
5238,0.6705381653525613,1995-05-06
5239,1.4956365897998083,1995-05-07
5240,8.342843470111973,1995-05-08
5241,3.7244684914899358,1995-05-09
5242,5.899528604882206,1995-05-10
5243,4.371861119563977,1995-05-11
5244,1.7975347254493022,1995-05-12
5245,3.776441525727773,1995-05-13
5246,1.8498254853889042,1995-05-14
5247,2.1312398489339617,1995-05-15
5248,0.0,1995-05-16
5249,0.0,1995-05-17
5250,0.0,1995-05-18
5251,0.0,1995-05-19
5252,4.645343424204159,1995-05-20
5253,2.5106329011917117,1995-05-21
5254,4.2814511475045665,1995-05-22
5255,5.593366559118121,1995-05-23
5256,1.8865582900103237,1995-05-24
5257,0.09424358690938643,1995-05-25
5258,2.05617365040038,1995-05-26
5259,2.663198954674505,1995-05-27
5260,5.34839914000279,1995-05-28
5261,5.113400133921605,1995-05-29
5262,0.0,1995-05-30
5263,0.0,1995-05-31
5264,0.13284516902263563,1995-06-01
5265,0.3235438100193952,1995-06-02
5266,17.13369179929806,1995-06-03
5267,3.196833273140916,1995-06-04
5268,1.8193862581113218,1995-06-05
5269,11.228820526369157,1995-06-06
5270,21.79375608821768,1995-06-07
5271,9.102634259864383,1995-06-08
5272,8.320172268903848,1995-06-09
5273,0.0,1995-06-10
5274,0.020869281354887394,1995-06-11
5275,0.2485493769044401,1995-06-12
5276,0.14036932355148005,1995-06-13
5277,9.308091072183203,1995-06-14
5278,2.4302480430826767,1995-06-15
5279,25.072217420482918,1995-06-16
5280,19.69080611312843,1995-06-17
5281,24.239443663264304,1995-06-18
5282,10.934709549565472,1995-06-19
5283,27.309215669268387,1995-06-20
5284,23.347615481373847,1995-06-21
5285,19.5368437999854,1995-06-22
5286,10.046467074285152,1995-06-23
5287,24.070669011538325,1995-06-24
5288,1.5958358156366435,1995-06-25
5289,32.06546820676921,1995-06-26
5290,10.674962313419913,1995-06-27
5291,1.0677558990937175,1995-06-28
5292,0.0,1995-06-29
5293,0.0,1995-06-30
5294,3.5432825872136005,1995-07-01
5295,8.177483027533704,1995-07-02
5296,0.17597688261015326,1995-07-03
5297,4.191649733232962,1995-07-04
5298,7.354059518271529,1995-07-05
5299,10.08556466066243,1995-07-06
5300,0.3592931113145219,1995-07-07
5301,10.078389473185158,1995-07-08
5302,1.8261127653709255,1995-07-09
5303,77.75705105073992,1995-07-10
5304,10.399006278661686,1995-07-11
5305,19.488145610342276,1995-07-12
5306,2.3875068434242634,1995-07-13
5307,2.057397831681887,1995-07-14
5308,10.456574908043983,1995-07-15
5309,0.4228612552430273,1995-07-16
5310,0.0,1995-07-17
5311,8.625955309714039,1995-07-18
5312,14.217471401488677,1995-07-19
5313,10.083464343414978,1995-07-20
5314,17.656324340814713,1995-07-21
5315,3.819827805740043,1995-07-22
5316,8.586805478205081,1995-07-23
5317,5.507770186057888,1995-07-24
5318,14.885117756991793,1995-07-25
5319,37.12022078388247,1995-07-26
5320,6.633374749796134,1995-07-27
5321,10.592836413844937,1995-07-28
5322,25.58925924133345,1995-07-29
5323,22.963802696295144,1995-07-30
5324,0.0,1995-07-31
5325,0.0,1995-08-01
5326,3.169132357021231,1995-08-02
5327,16.909906476599733,1995-08-03
5328,11.585730908930826,1995-08-04
5329,19.109419705175576,1995-08-05
5330,20.74897398839599,1995-08-06
5331,20.13992201528241,1995-08-07
5332,21.958482128014666,1995-08-08
5333,8.42637295711775,1995-08-09
5334,13.871557141329188,1995-08-10
5335,5.836109207438585,1995-08-11
5336,23.52464069780367,1995-08-12
5337,9.604441427751016,1995-08-13
5338,15.683989780935027,1995-08-14
5339,33.99570871895709,1995-08-15
5340,4.531148352189498,1995-08-16
5341,27.46465616684855,1995-08-17
5342,18.574532816878516,1995-08-18
5343,12.313188868491881,1995-08-19
5344,19.071497998782974,1995-08-20
5345,10.338994720492545,1995-08-21
5346,0.0,1995-08-22
5347,0.0,1995-08-23
5348,0.0,1995-08-24
5349,17.203534041122253,1995-08-25
5350,12.270410982534683,1995-08-26
5351,0.3602202655982412,1995-08-27
5352,32.27121504322176,1995-08-28
5353,40.78523896997627,1995-08-29
5354,15.745740112685036,1995-08-30
5355,21.92103446759087,1995-08-31
5356,14.962528091525751,1995-09-01
5357,1.3452957735313351,1995-09-02
5358,8.218970398860945,1995-09-03
5359,16.744082953489414,1995-09-04
5360,16.726423671811904,1995-09-05
5361,1.7396861001962791,1995-09-06
5362,15.73703637718805,1995-09-07
5363,30.527377998318492,1995-09-08
5364,35.20761203654001,1995-09-09
5365,13.394206423717513,1995-09-10
5366,27.02947523603692,1995-09-11
5367,7.763461313667185,1995-09-12
5368,17.66841853127801,1995-09-13
5369,0.2060320602484113,1995-09-14
5370,5.290881159102813,1995-09-15
5371,8.300720359516983,1995-09-16
5372,28.13587426842833,1995-09-17
5373,20.81439920383464,1995-09-18
5374,4.855666524769624,1995-09-19
5375,0.0,1995-09-20
5376,24.122393377253747,1995-09-21
5377,1.8644401895685283,1995-09-22
5378,11.858242177096287,1995-09-23
5379,12.453540208570425,1995-09-24
5380,0.4668963397912616,1995-09-25
5381,7.049067444395809,1995-09-26
5382,12.236564332285232,1995-09-27
5383,15.222282099569998,1995-09-28
5384,1.6296705257717814,1995-09-29
5385,20.90112271501871,1995-09-30
5386,4.156762235507237,1995-10-01
5387,12.901436727389564,1995-10-02
5388,11.666285009272288,1995-10-03
5389,13.798750033672256,1995-10-04
5390,11.593254828047543,1995-10-05
5391,17.824755453629926,1995-10-06
5392,9.235465409622865,1995-10-07
5393,6.834106359845382,1995-10-08
5394,0.9786532727853994,1995-10-09
5395,0.06302953191516687,1995-10-10
5396,12.659232395429417,1995-10-11
5397,20.973093636756065,1995-10-12
5398,1.1790799306634585,1995-10-13
5399,2.2582804185693917,1995-10-14
5400,6.16094397101584,1995-10-15
5401,0.48969078701612195,1995-10-16
5402,0.0,1995-10-17
5403,0.0,1995-10-18
5404,0.01292141195616065,1995-10-19
5405,1.744693556922622,1995-10-20
5406,33.357054622012505,1995-10-21
5407,0.0,1995-10-22
5408,0.0,1995-10-23
5409,10.81434537445695,1995-10-24
5410,6.110197766994801,1995-10-25
5411,0.0,1995-10-26
5412,0.0,1995-10-27
5413,4.955975912826851,1995-10-28
5414,14.544799462147822,1995-10-29
5415,10.289744665867424,1995-10-30
5416,3.9255035258877657,1995-10-31
5417,0.0,1995-11-01
5418,0.28371717967595517,1995-11-02
5419,0.0,1995-11-03
5420,1.3616322187943892,1995-11-04
5421,0.0,1995-11-05
5422,0.0,1995-11-06
5423,1.3934212153258563,1995-11-07
5424,8.596734894112059,1995-11-08
5425,0.0,1995-11-09
5426,0.0,1995-11-10
5427,0.0,1995-11-11
5428,2.7838232974502697,1995-11-12
5429,0.0,1995-11-13
5430,0.8150345384200647,1995-11-14
5431,0.8870176241195097,1995-11-15
5432,31.48281316947378,1995-11-16
5433,0.0,1995-11-17
5434,0.0,1995-11-18
5435,0.0,1995-11-19
5436,0.0,1995-11-20
5437,1.2769299373458909,1995-11-21
5438,1.7131799649213415,1995-11-22
5439,38.19894392287625,1995-11-23
5440,0.44553755385435223,1995-11-24
5441,0.0,1995-11-25
5442,7.163599663256201,1995-11-26
5443,8.988943419106898,1995-11-27
5444,0.0,1995-11-28
5445,0.03934080638493961,1995-11-29
5446,4.1976323485164695,1995-11-30
5447,0.0,1995-12-01
5448,2.518828154924678,1995-12-02
5449,0.0,1995-12-03
5450,0.0,1995-12-04
5451,0.0,1995-12-05
5452,0.0,1995-12-06
5453,0.0,1995-12-07
5454,0.0,1995-12-08
5455,0.0,1995-12-09
5456,4.872381237594964,1995-12-10
5457,3.931094903498451,1995-12-11
5458,0.0,1995-12-12
5459,0.2353578097659472,1995-12-13
5460,0.38549251833269677,1995-12-14
5461,0.9622603882093236,1995-12-15
5462,1.1403956696854307,1995-12-16
5463,2.105418771229182,1995-12-17
5464,0.0,1995-12-18
5465,8.424015381776693,1995-12-19
5466,5.081950252678388,1995-12-20
5467,27.28973277251392,1995-12-21
5468,0.0,1995-12-22
5469,1.824693596188274,1995-12-23
5470,0.45257642343247045,1995-12-24
5471,7.373640725116227,1995-12-25
5472,0.0,1995-12-26
5473,16.54027522224135,1995-12-27
5474,4.99437309318274,1995-12-28
5475,1.5597938252614043,1995-12-29
5476,0.0,1995-12-30
5477,0.0,1995-12-31
5478,0.07111727605467319,1996-01-01
5479,0.0,1996-01-02
5480,0.0,1996-01-03
5481,0.0,1996-01-04
5482,0.0,1996-01-05
5483,2.2380301941454936,1996-01-06
5484,0.0,1996-01-07
5485,0.9115665138222254,1996-01-08
5486,0.0,1996-01-09
5487,0.0,1996-01-10
5488,0.0,1996-01-11
5489,0.0,1996-01-12
5490,0.0,1996-01-13
5491,0.0,1996-01-14
5492,0.0,1996-01-15
5493,0.0,1996-01-16
5494,0.0,1996-01-17
5495,0.0,1996-01-18
5496,0.0,1996-01-19
5497,0.2705344929793014,1996-01-20
5498,0.0,1996-01-21
5499,0.0,1996-01-22
5500,0.0,1996-01-23
5501,0.0,1996-01-24
5502,0.29303441162333116,1996-01-25
5503,0.0,1996-01-26
5504,5.150752254161667,1996-01-27
5505,52.860563456599664,1996-01-28
5506,0.0,1996-01-29
5507,0.0,1996-01-30
5508,0.0,1996-01-31
5509,0.8706949690989386,1996-02-01
5510,0.0,1996-02-02
5511,0.0,1996-02-03
5512,15.104218124322529,1996-02-04
5513,6.232028721910068,1996-02-05
5514,1.8901407972878375,1996-02-06
5515,2.402442710462554,1996-02-07
5516,0.0,1996-02-08
5517,0.17498901497233998,1996-02-09
5518,2.425428087200937,1996-02-10
5519,0.0,1996-02-11
5520,16.50444099093462,1996-02-12
5521,0.08466829099962789,1996-02-13
5522,0.0,1996-02-14
5523,0.0,1996-02-15
5524,0.0,1996-02-16
5525,10.377385921799888,1996-02-17
5526,0.004540713134049671,1996-02-18
5527,0.0,1996-02-19
5528,0.0,1996-02-20
5529,0.0,1996-02-21
5530,0.0,1996-02-22
5531,0.0,1996-02-23
5532,0.0,1996-02-24
5533,7.666691065338002,1996-02-25
5534,0.0,1996-02-26
5535,0.0,1996-02-27
5536,0.0,1996-02-28
5537,1.2245410105489916,1996-02-29
5538,1.699396284025086,1996-03-01
5539,9.406030672498465,1996-03-02
5540,5.6225490850017925,1996-03-03
5541,0.0433940531711075,1996-03-04
5542,0.0,1996-03-05
5543,0.0,1996-03-06
5544,0.0,1996-03-07
5545,11.74620596329138,1996-03-08
5546,7.522633379603408,1996-03-09
5547,0.0,1996-03-10
5548,3.8095473438553795,1996-03-11
5549,0.0,1996-03-12
5550,0.0,1996-03-13
5551,0.0,1996-03-14
5552,0.0,1996-03-15
5553,0.0,1996-03-16
5554,0.0,1996-03-17
5555,0.0,1996-03-18
5556,0.0,1996-03-19
5557,2.4998206326549006,1996-03-20
5558,0.0,1996-03-21
5559,0.0,1996-03-22
5560,0.0,1996-03-23
5561,0.0,1996-03-24
5562,0.0,1996-03-25
5563,0.0,1996-03-26
5564,0.029976231639336277,1996-03-27
5565,1.69039248463695,1996-03-28
5566,0.0,1996-03-29
5567,0.0,1996-03-30
5568,0.0,1996-03-31
5569,11.167857680362696,1996-04-01
5570,0.0,1996-04-02
5571,1.2581564751258694,1996-04-03
5572,0.0,1996-04-04
5573,0.0,1996-04-05
5574,0.0,1996-04-06
5575,1.3042054609539224,1996-04-07
5576,0.0,1996-04-08
5577,6.751107295377515,1996-04-09
5578,13.291572932022413,1996-04-10
5579,0.030870814673012652,1996-04-11
5580,1.2998858313406665,1996-04-12
5581,3.126223630870192,1996-04-13
5582,8.767730503515766,1996-04-14
5583,10.76428394387544,1996-04-15
5584,25.92409647261991,1996-04-16
5585,0.0,1996-04-17
5586,0.0,1996-04-18
5587,5.2934715515427575,1996-04-19
5588,0.0,1996-04-20
5589,3.0514884432459857,1996-04-21
5590,0.09853811549301372,1996-04-22
5591,4.524028291506504,1996-04-23
5592,4.185611864380823,1996-04-24
5593,1.5575300194580886,1996-04-25
5594,3.987503879580679,1996-04-26
5595,12.475376784165231,1996-04-27
5596,7.193651431550729,1996-04-28
5597,5.744026150074173,1996-04-29
5598,9.670565168291235,1996-04-30
5599,1.5944187686170648,1996-05-01
5600,0.2067967032267551,1996-05-02
5601,0.0,1996-05-03
5602,29.30805556353236,1996-05-04
5603,8.876489462838498,1996-05-05
5604,1.3479054113706883,1996-05-06
5605,0.0,1996-05-07
5606,0.9539769629649053,1996-05-08
5607,0.0,1996-05-09
5608,38.09857415106989,1996-05-10
5609,17.33989579718133,1996-05-11
5610,9.806694712261299,1996-05-12
5611,2.9953895015101293,1996-05-13
5612,1.1992514821720963,1996-05-14
5613,0.0,1996-05-15
5614,0.0,1996-05-16
5615,23.39399273914327,1996-05-17
5616,0.0,1996-05-18
5617,1.5194291286524444,1996-05-19
5618,27.987003175450216,1996-05-20
5619,14.664114013319494,1996-05-21
5620,2.7367229551164285,1996-05-22
5621,7.437026887820965,1996-05-23
5622,14.180135843606994,1996-05-24
5623,11.055209606735595,1996-05-25
5624,16.06850299499602,1996-05-26
5625,4.233642840790957,1996-05-27
5626,2.9406601910856818,1996-05-28
5627,1.468148076457362,1996-05-29
5628,2.042948461348011,1996-05-30
5629,5.404174541574071,1996-05-31
5630,7.081381983938804,1996-06-01
5631,12.142056195099682,1996-06-02
5632,1.6358555783134752,1996-06-03
5633,2.272875780905447,1996-06-04
5634,0.4593656711074963,1996-06-05
5635,0.7987550797560348,1996-06-06
5636,4.845517970529819,1996-06-07
5637,7.1323345303745205,1996-06-08
5638,8.185956081463095,1996-06-09
5639,19.158869962440562,1996-06-10
5640,18.181618456742633,1996-06-11
5641,8.94892550309033,1996-06-12
5642,18.70875264327197,1996-06-13
5643,5.421473379079198,1996-06-14
5644,9.32772300753775,1996-06-15
5645,0.49911631279327306,1996-06-16
5646,13.730089280332637,1996-06-17
5647,7.574715449061911,1996-06-18
5648,23.075823010027932,1996-06-19
5649,24.8095070040191,1996-06-20
5650,9.738141372322689,1996-06-21
5651,12.821710531480845,1996-06-22
5652,11.219333762870853,1996-06-23
5653,14.324671954605233,1996-06-24
5654,12.054092822927881,1996-06-25
5655,18.322585059946235,1996-06-26
5656,13.847888873874968,1996-06-27
5657,6.292828488979174,1996-06-28
5658,11.949749771688694,1996-06-29
5659,11.393077478129136,1996-06-30
5660,1.6622283434937772,1996-07-01
5661,4.0529682026580645,1996-07-02
5662,33.87967024677311,1996-07-03
5663,33.500614731808206,1996-07-04
5664,13.169378724363892,1996-07-05
5665,7.8494854442674775,1996-07-06
5666,2.753058844577532,1996-07-07
5667,0.5980269788367307,1996-07-08
5668,6.53616294723802,1996-07-09
5669,7.845125619491176,1996-07-10
5670,6.107894085747056,1996-07-11
5671,2.0021160248227834,1996-07-12
5672,6.630084905093017,1996-07-13
5673,3.339368361923352,1996-07-14
5674,13.759762718782403,1996-07-15
5675,28.45304856596804,1996-07-16
5676,17.869487869592703,1996-07-17
5677,24.98821481453009,1996-07-18
5678,41.92477023614117,1996-07-19
5679,14.29252450710867,1996-07-20
5680,12.818426486711699,1996-07-21
5681,1.0944116021321317,1996-07-22
5682,0.9517832821485235,1996-07-23
5683,8.879127268553479,1996-07-24
5684,6.577441641172707,1996-07-25
5685,7.925147010378126,1996-07-26
5686,2.63657860546168,1996-07-27
5687,22.598544515346852,1996-07-28
5688,67.12656099845238,1996-07-29
5689,14.766351459648604,1996-07-30
5690,41.784849465557556,1996-07-31
5691,13.638824924625606,1996-08-01
5692,0.0,1996-08-02
5693,0.0,1996-08-03
5694,0.0,1996-08-04
5695,0.0,1996-08-05
5696,1.7031598978238371,1996-08-06
5697,0.0,1996-08-07
5698,3.0996540058393283,1996-08-08
5699,20.406869871357678,1996-08-09
5700,52.6243579704531,1996-08-10
5701,17.232095007127334,1996-08-11
5702,16.167424074100257,1996-08-12
5703,3.8039717121068333,1996-08-13
5704,8.000428484751682,1996-08-14
5705,12.677476077932766,1996-08-15
5706,0.0,1996-08-16
5707,2.633269971360909,1996-08-17
5708,1.5960577895424581,1996-08-18
5709,18.587207306221433,1996-08-19
5710,11.490998952144055,1996-08-20
5711,0.0,1996-08-21
5712,14.247730523945648,1996-08-22
5713,11.586340063296458,1996-08-23
5714,14.79633223390999,1996-08-24
5715,14.416244562937722,1996-08-25
5716,18.889115778120388,1996-08-26
5717,12.934451965236944,1996-08-27
5718,0.22350203360280682,1996-08-28
5719,0.0,1996-08-29
5720,0.0,1996-08-30
5721,0.0,1996-08-31
5722,0.0,1996-09-01
5723,1.7472888539333846,1996-09-02
5724,0.8005210046124951,1996-09-03
5725,0.5067691040039063,1996-09-04
5726,0.0,1996-09-05
5727,6.613109244671037,1996-09-06
5728,17.71849595762068,1996-09-07
5729,12.365037791624095,1996-09-08
5730,13.256884002853345,1996-09-09
5731,4.939132352952035,1996-09-10
5732,5.494440876773375,1996-09-11
5733,0.36748151253395417,1996-09-12
5734,2.231961201446846,1996-09-13
5735,14.725455631916123,1996-09-14
5736,6.5952443264097065,1996-09-15
5737,8.690421065501102,1996-09-16
5738,10.9892214068919,1996-09-17
5739,2.2553577885669704,1996-09-18
5740,0.0,1996-09-19
5741,6.846838115009743,1996-09-20
5742,2.7339730638632678,1996-09-21
5743,2.824979942411272,1996-09-22
5744,18.7277987173086,1996-09-23
5745,16.832413610475147,1996-09-24
5746,0.009948163745689952,1996-09-25
5747,2.3983657026710397,1996-09-26
5748,5.868951662852269,1996-09-27
5749,12.91137014142929,1996-09-28
5750,21.5280813928084,1996-09-29
5751,15.883764763801333,1996-09-30
5752,36.71603517247088,1996-10-01
5753,11.354118039587027,1996-10-02
5754,0.0,1996-10-03
5755,23.817030400334918,1996-10-04
5756,33.98471415360303,1996-10-05
5757,44.02760607968328,1996-10-06
5758,39.281053505279466,1996-10-07
5759,28.36983802353532,1996-10-08
5760,3.913342762329012,1996-10-09
5761,9.691741603784198,1996-10-10
5762,0.0,1996-10-11
5763,0.0,1996-10-12
5764,0.0,1996-10-13
5765,0.0,1996-10-14
5766,0.0,1996-10-15
5767,12.756594672776387,1996-10-16
5768,0.0,1996-10-17
5769,0.0,1996-10-18
5770,0.0,1996-10-19
5771,0.0,1996-10-20
5772,0.0,1996-10-21
5773,0.0,1996-10-22
5774,10.493546541722989,1996-10-23
5775,0.0,1996-10-24
5776,0.0,1996-10-25
5777,0.0,1996-10-26
5778,0.0,1996-10-27
5779,0.0,1996-10-28
5780,0.0,1996-10-29
5781,0.0,1996-10-30
5782,0.0,1996-10-31
5783,0.0,1996-11-01
5784,13.943862330864604,1996-11-02
5785,2.6025721619905267,1996-11-03
5786,12.586569854982438,1996-11-04
5787,88.75864517066488,1996-11-05
5788,38.36989150329769,1996-11-06
5789,0.0,1996-11-07
5790,0.0,1996-11-08
5791,6.838012361498522,1996-11-09
5792,0.0,1996-11-10
5793,2.869315049515442,1996-11-11
5794,0.0,1996-11-12
5795,0.0,1996-11-13
5796,0.0,1996-11-14
5797,0.0,1996-11-15
5798,0.0,1996-11-16
5799,0.0,1996-11-17
5800,61.9158229520244,1996-11-18
5801,77.93546199966387,1996-11-19
5802,0.0,1996-11-20
5803,0.0,1996-11-21
5804,0.0,1996-11-22
5805,0.0,1996-11-23
5806,0.0,1996-11-24
5807,0.0,1996-11-25
5808,0.0,1996-11-26
5809,22.963833687522197,1996-11-27
5810,0.0,1996-11-28
5811,0.0,1996-11-29
5812,0.0,1996-11-30
5813,0.0,1996-12-01
5814,5.9389380846554936,1996-12-02
5815,0.0,1996-12-03
5816,6.943088672084193,1996-12-04
5817,0.0,1996-12-05
5818,0.0,1996-12-06
5819,0.0,1996-12-07
5820,0.0,1996-12-08
5821,7.744631878833268,1996-12-09
5822,6.187490711365975,1996-12-10
5823,0.0,1996-12-11
5824,0.0,1996-12-12
5825,10.440499186334025,1996-12-13
5826,6.67843331655799,1996-12-14
5827,0.0,1996-12-15
5828,0.0,1996-12-16
5829,0.0,1996-12-17
5830,0.0,1996-12-18
5831,8.447193610535338,1996-12-19
5832,2.627030069401537,1996-12-20
5833,0.2915641017533468,1996-12-21
5834,13.131636390630106,1996-12-22
5835,3.8647568181393086,1996-12-23
5836,0.0,1996-12-24
5837,2.8823847452146913,1996-12-25
5838,0.0,1996-12-26
5839,0.0,1996-12-27
5840,0.0,1996-12-28
5841,0.0,1996-12-29
5842,3.336125016394249,1996-12-30
5843,4.528957733450747,1996-12-31
5844,2.163824730702509,1997-01-01
5845,0.0,1997-01-02
5846,0.39697478112587137,1997-01-03
5847,1.7920503124813179,1997-01-04
5848,0.0,1997-01-05
5849,0.0,1997-01-06
5850,0.0,1997-01-07
5851,0.0,1997-01-08
5852,0.0,1997-01-09
5853,6.8561770519832725,1997-01-10
5854,0.0,1997-01-11
5855,0.0,1997-01-12
5856,3.96327456397395,1997-01-13
5857,9.303581352177956,1997-01-14
5858,0.0,1997-01-15
5859,0.0,1997-01-16
5860,5.730985727673752,1997-01-17
5861,2.2257481995076382,1997-01-18
5862,0.0,1997-01-19
5863,0.03323873179399373,1997-01-20
5864,0.0,1997-01-21
5865,0.0,1997-01-22
5866,0.0,1997-01-23
5867,3.238641749658892,1997-01-24
5868,37.23349781353802,1997-01-25
5869,3.1801288030014705,1997-01-26
5870,0.013139782902781914,1997-01-27
5871,0.09986989035284764,1997-01-28
5872,21.360586005347916,1997-01-29
5873,0.0,1997-01-30
5874,4.20979744335074,1997-01-31
5875,1.763453530538117,1997-02-01
5876,0.0,1997-02-02
5877,0.0,1997-02-03
5878,0.0,1997-02-04
5879,2.456871296555416,1997-02-05
5880,0.3733722729557071,1997-02-06
5881,0.0,1997-02-07
5882,0.0,1997-02-08
5883,0.0,1997-02-09
5884,0.1364374148461127,1997-02-10
5885,3.4112454055551202,1997-02-11
5886,0.0,1997-02-12
5887,0.0,1997-02-13
5888,0.0,1997-02-14
5889,24.60635040053874,1997-02-15
5890,4.404105873751153,1997-02-16
5891,27.071559787313962,1997-02-17
5892,2.9513610033275794,1997-02-18
5893,0.0,1997-02-19
5894,0.0,1997-02-20
5895,0.0,1997-02-21
5896,0.0,1997-02-22
5897,3.982190487657475,1997-02-23
5898,0.3511915467002175,1997-02-24
5899,4.88469993012392,1997-02-25
5900,0.0,1997-02-26
5901,0.0,1997-02-27
5902,0.0,1997-02-28
5903,0.0,1997-03-01
5904,0.0,1997-03-02
5905,0.23182406914898376,1997-03-03
5906,0.0,1997-03-04
5907,0.0,1997-03-05
5908,0.0,1997-03-06
5909,4.805037146705338,1997-03-07
5910,0.0,1997-03-08
5911,9.970638938635327,1997-03-09
5912,12.043617050808546,1997-03-10
5913,0.0,1997-03-11
5914,0.0,1997-03-12
5915,0.0,1997-03-13
5916,0.0,1997-03-14
5917,5.274075532952362,1997-03-15
5918,0.0,1997-03-16
5919,0.0,1997-03-17
5920,0.0,1997-03-18
5921,0.0,1997-03-19
5922,0.0,1997-03-20
5923,0.0,1997-03-21
5924,1.8286000566118972,1997-03-22
5925,25.078899178658766,1997-03-23
5926,6.608529562628514,1997-03-24
5927,11.962123220645088,1997-03-25
5928,8.441568518356146,1997-03-26
5929,0.0,1997-03-27
5930,0.0,1997-03-28
5931,0.0,1997-03-29
5932,0.0,1997-03-30
5933,0.0,1997-03-31
5934,0.0,1997-04-01
5935,0.0,1997-04-02
5936,0.0,1997-04-03
5937,0.0,1997-04-04
5938,0.0,1997-04-05
5939,0.0,1997-04-06
5940,3.4615656183052623,1997-04-07
5941,0.0,1997-04-08
5942,0.0,1997-04-09
5943,0.2899358878177632,1997-04-10
5944,0.0,1997-04-11
5945,0.0,1997-04-12
5946,0.0,1997-04-13
5947,1.030999897987612,1997-04-14
5948,25.009264861999018,1997-04-15
5949,2.3413467847986302,1997-04-16
5950,0.5570640362882194,1997-04-17
5951,0.15897188270546475,1997-04-18
5952,23.409803305539217,1997-04-19
5953,9.203507723430736,1997-04-20
5954,7.584956535523939,1997-04-21
5955,0.03860847628361319,1997-04-22
5956,0.0,1997-04-23
5957,0.0,1997-04-24
5958,0.0,1997-04-25
5959,0.0,1997-04-26
5960,0.0,1997-04-27
5961,1.1244781012269411,1997-04-28
5962,0.07126987843219837,1997-04-29
5963,1.405859976793664,1997-04-30
5964,13.997291694484499,1997-05-01
5965,5.658366873075536,1997-05-02
5966,1.414178692686243,1997-05-03
5967,10.998703532988023,1997-05-04
5968,0.0,1997-05-05
5969,2.184553221873174,1997-05-06
5970,0.0,1997-05-07
5971,0.0,1997-05-08
5972,0.0,1997-05-09
5973,0.7338228889644322,1997-05-10
5974,0.5789804905530644,1997-05-11
5975,2.651334552680991,1997-05-12
5976,0.18690616616056113,1997-05-13
5977,6.958285191695363,1997-05-14
5978,10.471358922303951,1997-05-15
5979,7.242448826395522,1997-05-16
5980,0.45135152363008074,1997-05-17
5981,0.6517267549492396,1997-05-18
5982,0.0,1997-05-19
5983,0.0,1997-05-20
5984,0.0,1997-05-21
5985,0.010410879434378616,1997-05-22
5986,0.0,1997-05-23
5987,0.0,1997-05-24
5988,0.12381871612190849,1997-05-25
5989,3.134663941895158,1997-05-26
5990,8.255325231831794,1997-05-27
5991,25.48067950438894,1997-05-28
5992,2.8206574142433687,1997-05-29
5993,12.618393459935342,1997-05-30
5994,31.39542269944446,1997-05-31
5995,27.45918325888447,1997-06-01
5996,5.044386863820362,1997-06-02
5997,12.067252265281347,1997-06-03
5998,15.069309482015123,1997-06-04
5999,2.846528770972556,1997-06-05
6000,0.6058835923147342,1997-06-06
6001,3.716567467188905,1997-06-07
6002,7.354201461422827,1997-06-08
6003,15.828779341398441,1997-06-09
6004,0.0,1997-06-10
6005,21.466049029945978,1997-06-11
6006,2.845031710537997,1997-06-12
6007,8.615741402270856,1997-06-13
6008,17.962865325894175,1997-06-14
6009,12.163091735420343,1997-06-15
6010,17.301844338335943,1997-06-16
6011,3.145189609080116,1997-06-17
6012,0.8840154487296633,1997-06-18
6013,0.5890403574163263,1997-06-19
6014,0.16371057258673077,1997-06-20
6015,0.0,1997-06-21
6016,4.421745271375102,1997-06-22
6017,17.162896257327798,1997-06-23
6018,8.239227068165532,1997-06-24
6019,0.27058521393806706,1997-06-25
6020,18.67637271472787,1997-06-26
6021,30.114928366641497,1997-06-27
6022,50.08298089281904,1997-06-28
6023,7.952514708958064,1997-06-29
6024,9.865026686492204,1997-06-30
6025,42.001265390457654,1997-07-01
6026,41.73953335792788,1997-07-02
6027,22.992374590484978,1997-07-03
6028,10.97954991388181,1997-07-04
6029,10.723550243489552,1997-07-05
6030,0.02211737031461207,1997-07-06
6031,12.105216203057521,1997-07-07
6032,2.828579189155109,1997-07-08
6033,8.453338677302837,1997-07-09
6034,0.06432756776334253,1997-07-10
6035,0.02260063680385914,1997-07-11
6036,36.58943990136869,1997-07-12
6037,34.12115218593229,1997-07-13
6038,17.308977114098507,1997-07-14
6039,2.0600441810182812,1997-07-15
6040,14.497811824149753,1997-07-16
6041,0.5612795745032975,1997-07-17
6042,0.959320415583524,1997-07-18
6043,0.01657975142302751,1997-07-19
6044,10.876312825267268,1997-07-20
6045,0.6010833985784537,1997-07-21
6046,2.3859996256450757,1997-07-22
6047,0.0,1997-07-23
6048,8.956493110656735,1997-07-24
6049,55.184917729844784,1997-07-25
6050,5.827835901154104,1997-07-26
6051,7.781017840824518,1997-07-27
6052,1.4102073328795672,1997-07-28
6053,39.74538389312206,1997-07-29
6054,11.63261994577223,1997-07-30
6055,59.55683575403655,1997-07-31
6056,26.36383654401449,1997-08-01
6057,14.04284134168429,1997-08-02
6058,0.898237707356204,1997-08-03
6059,14.297221557136156,1997-08-04
6060,4.119238839750764,1997-08-05
6061,1.6279788158785915,1997-08-06
6062,18.769045137757775,1997-08-07
6063,18.6574010213589,1997-08-08
6064,16.857636362674295,1997-08-09
6065,11.192420103459066,1997-08-10
6066,1.0345096755377359,1997-08-11
6067,3.723845384771174,1997-08-12
6068,3.2501784892375865,1997-08-13
6069,5.945458152189284,1997-08-14
6070,43.09045801660532,1997-08-15
6071,15.986847886228142,1997-08-16
6072,21.77299940400111,1997-08-17
6073,24.06361292881001,1997-08-18
6074,0.0,1997-08-19
6075,7.927392319710023,1997-08-20
6076,0.5724369791036478,1997-08-21
6077,1.1068726091300987,1997-08-22
6078,3.2116695444325196,1997-08-23
6079,0.2958074872304967,1997-08-24
6080,1.7242307694286896,1997-08-25
6081,13.293745512416985,1997-08-26
6082,3.400314555294004,1997-08-27
6083,0.0,1997-08-28
6084,13.224016795675775,1997-08-29
6085,16.585582063932222,1997-08-30
6086,13.064250224216943,1997-08-31
6087,28.06086735789728,1997-09-01
6088,1.6452309497080941,1997-09-02
6089,5.062170247024806,1997-09-03
6090,4.703146066260128,1997-09-04
6091,4.91373445882825,1997-09-05
6092,17.708266903550037,1997-09-06
6093,1.1893703516627336,1997-09-07
6094,0.0,1997-09-08
6095,18.06740634845499,1997-09-09
6096,29.715014245209456,1997-09-10
6097,5.107120258801144,1997-09-11
6098,11.693582572209865,1997-09-12
6099,23.301757034849913,1997-09-13
6100,12.901963490628773,1997-09-14
6101,8.608823099108385,1997-09-15
6102,4.39019108036746,1997-09-16
6103,10.25444393689332,1997-09-17
6104,45.5814239745266,1997-09-18
6105,14.152672371514731,1997-09-19
6106,19.016650764991105,1997-09-20
6107,26.872556176171628,1997-09-21
6108,11.612382134300526,1997-09-22
6109,6.550362077919971,1997-09-23
6110,1.4592727399641467,1997-09-24
6111,0.7588807024634128,1997-09-25
6112,3.1276971021635442,1997-09-26
6113,14.352990975505797,1997-09-27
6114,1.6883778083499228,1997-09-28
6115,23.28174086151235,1997-09-29
6116,22.767163955235414,1997-09-30
6117,53.07581137201302,1997-10-01
6118,31.488617088955515,1997-10-02
6119,5.502405931075647,1997-10-03
6120,15.279939173924962,1997-10-04
6121,3.918045980671633,1997-10-05
6122,16.69415844405501,1997-10-06
6123,5.22011502453309,1997-10-07
6124,12.512110449855276,1997-10-08
6125,14.9966031483681,1997-10-09
6126,31.274855392098093,1997-10-10
6127,0.0,1997-10-11
6128,0.0,1997-10-12
6129,0.0,1997-10-13
6130,0.0,1997-10-14
6131,0.0,1997-10-15
6132,0.0,1997-10-16
6133,0.0,1997-10-17
6134,8.01621981039075,1997-10-18
6135,0.0,1997-10-19
6136,5.001945759613843,1997-10-20
6137,0.0,1997-10-21
6138,0.12126954047910628,1997-10-22
6139,0.0,1997-10-23
6140,0.0,1997-10-24
6141,0.0,1997-10-25
6142,0.0042469694747253595,1997-10-26
6143,0.0,1997-10-27
6144,26.438573082171583,1997-10-28
6145,0.0,1997-10-29
6146,1.3077829770957967,1997-10-30
6147,0.0,1997-10-31
6148,0.22076745075214643,1997-11-01
6149,6.479456057282837,1997-11-02
6150,0.0,1997-11-03
6151,0.0,1997-11-04
6152,19.467330637062048,1997-11-05
6153,0.0,1997-11-06
6154,0.0,1997-11-07
6155,0.0,1997-11-08
6156,0.6302074613599135,1997-11-09
6157,63.01748608860453,1997-11-10
6158,22.954661835924973,1997-11-11
6159,0.0,1997-11-12
6160,0.0,1997-11-13
6161,4.25286288267007,1997-11-14
6162,26.438965703567103,1997-11-15
6163,36.03284262536907,1997-11-16
6164,52.60381954360917,1997-11-17
6165,0.0,1997-11-18
6166,0.0,1997-11-19
6167,0.0,1997-11-20
6168,0.0,1997-11-21
6169,0.0,1997-11-22
6170,0.0,1997-11-23
6171,0.0,1997-11-24
6172,6.557997052592615,1997-11-25
6173,0.36041174298507384,1997-11-26
6174,0.014912767158575422,1997-11-27
6175,0.7965789381010442,1997-11-28
6176,3.316116849166557,1997-11-29
6177,0.45656690088534985,1997-11-30
6178,0.0,1997-12-01
6179,11.262247661355651,1997-12-02
6180,34.429916148367525,1997-12-03
6181,0.0098597046636766,1997-12-04
6182,3.0453171952099396,1997-12-05
6183,1.5854105559262364,1997-12-06
6184,1.4501747166166559,1997-12-07
6185,0.0,1997-12-08
6186,0.0,1997-12-09
6187,0.0,1997-12-10
6188,0.0,1997-12-11
6189,0.0,1997-12-12
6190,0.0,1997-12-13
6191,0.628198152888905,1997-12-14
6192,0.0,1997-12-15
6193,0.0,1997-12-16
6194,0.0,1997-12-17
6195,0.0,1997-12-18
6196,0.0,1997-12-19
6197,0.0,1997-12-20
6198,0.0,1997-12-21
6199,1.336386706891997,1997-12-22
6200,0.00762264553752463,1997-12-23
6201,0.0,1997-12-24
6202,0.0,1997-12-25
6203,0.0,1997-12-26
6204,0.0,1997-12-27
6205,0.0,1997-12-28
6206,2.01906143806547,1997-12-29
6207,0.11361404944724701,1997-12-30
6208,0.0,1997-12-31
6209,3.8267754504687623,1998-01-01
6210,1.38072040096406,1998-01-02
6211,0.615078682214284,1998-01-03
6212,0.0,1998-01-04
6213,0.0,1998-01-05
6214,0.0,1998-01-06
6215,0.0,1998-01-07
6216,0.0,1998-01-08
6217,0.0,1998-01-09
6218,2.691803271693569,1998-01-10
6219,0.0,1998-01-11
6220,0.0,1998-01-12
6221,0.0,1998-01-13
6222,0.0,1998-01-14
6223,1.428520030332101,1998-01-15
6224,3.3185306252062845,1998-01-16
6225,0.0,1998-01-17
6226,0.17987669284742253,1998-01-18
6227,32.505092660674606,1998-01-19
6228,0.0,1998-01-20
6229,0.0,1998-01-21
6230,0.0,1998-01-22
6231,0.0,1998-01-23
6232,12.992134905784358,1998-01-24
6233,3.5750516727033603,1998-01-25
6234,0.0,1998-01-26
6235,5.108693260349488,1998-01-27
6236,0.0,1998-01-28
6237,0.0,1998-01-29
6238,3.4870279570548766,1998-01-30
6239,0.0,1998-01-31
6240,0.0,1998-02-01
6241,0.0,1998-02-02
6242,2.5603591778551027,1998-02-03
6243,0.0,1998-02-04
6244,0.0,1998-02-05
6245,0.0,1998-02-06
6246,0.7787657860786685,1998-02-07
6247,0.0,1998-02-08
6248,0.0,1998-02-09
6249,0.0,1998-02-10
6250,0.0,1998-02-11
6251,2.607065055433256,1998-02-12
6252,0.0,1998-02-13
6253,0.0,1998-02-14
6254,12.725551745954501,1998-02-15
6255,0.0,1998-02-16
6256,0.0,1998-02-17
6257,0.0,1998-02-18
6258,0.0,1998-02-19
6259,1.94291240861339,1998-02-20
6260,0.0,1998-02-21
6261,0.0,1998-02-22
6262,0.0,1998-02-23
6263,0.0,1998-02-24
6264,0.0,1998-02-25
6265,0.0,1998-02-26
6266,0.0,1998-02-27
6267,0.0,1998-02-28
6268,0.0,1998-03-01
6269,0.0,1998-03-02
6270,5.494915167369451,1998-03-03
6271,5.739651461864147,1998-03-04
6272,0.4298590053071724,1998-03-05
6273,0.0,1998-03-06
6274,0.0,1998-03-07
6275,0.0,1998-03-08
6276,0.0,1998-03-09
6277,0.0,1998-03-10
6278,0.0,1998-03-11
6279,9.301947355326318,1998-03-12
6280,0.0,1998-03-13
6281,3.201042225549648,1998-03-14
6282,4.906229025513546,1998-03-15
6283,0.0,1998-03-16
6284,0.0,1998-03-17
6285,0.0,1998-03-18
6286,0.0,1998-03-19
6287,0.0,1998-03-20
6288,0.0,1998-03-21
6289,0.007034043762341273,1998-03-22
6290,0.0,1998-03-23
6291,0.0,1998-03-24
6292,1.0658266618874068,1998-03-25
6293,0.0,1998-03-26
6294,0.0,1998-03-27
6295,0.0074520780054355305,1998-03-28
6296,1.4860329350558195,1998-03-29
6297,0.0,1998-03-30
6298,0.0,1998-03-31
6299,0.0,1998-04-01
6300,0.14155040919955525,1998-04-02
6301,0.0,1998-04-03
6302,0.0,1998-04-04
6303,1.425135955726646,1998-04-05
6304,0.5139797201604088,1998-04-06
6305,0.18763155046446234,1998-04-07
6306,2.1733966181215303,1998-04-08
6307,0.0,1998-04-09
6308,0.5832871639134248,1998-04-10
6309,5.651938022658271,1998-04-11
6310,0.0,1998-04-12
6311,0.0,1998-04-13
6312,0.0,1998-04-14
6313,0.0,1998-04-15
6314,0.0,1998-04-16
6315,1.0440430124554116,1998-04-17
6316,0.0,1998-04-18
6317,0.9810801778930374,1998-04-19
6318,1.582414100764434,1998-04-20
6319,0.1941024130320619,1998-04-21
6320,0.31147325560494254,1998-04-22
6321,11.20429036649441,1998-04-23
6322,0.16686752436797292,1998-04-24
6323,0.0,1998-04-25
6324,0.0,1998-04-26
6325,0.0,1998-04-27
6326,0.0,1998-04-28
6327,1.0515169163673155,1998-04-29
6328,1.516247260969056,1998-04-30
6329,0.3307771273582213,1998-05-01
6330,1.5677325535659563,1998-05-02
6331,0.0,1998-05-03
6332,0.0,1998-05-04
6333,0.0,1998-05-05
6334,0.0,1998-05-06
6335,0.0,1998-05-07
6336,0.0,1998-05-08
6337,0.0,1998-05-09
6338,0.0,1998-05-10
6339,0.0,1998-05-11
6340,0.0,1998-05-12
6341,0.0,1998-05-13
6342,0.0,1998-05-14
6343,0.0,1998-05-15
6344,0.0,1998-05-16
6345,0.0,1998-05-17
6346,0.0,1998-05-18
6347,0.0,1998-05-19
6348,1.425112708363016,1998-05-20
6349,2.4783071965416155,1998-05-21
6350,5.4694539229541235,1998-05-22
6351,9.663022967028128,1998-05-23
6352,4.82686397555287,1998-05-24
6353,3.1299063954954622,1998-05-25
6354,8.272944665836098,1998-05-26
6355,5.187948683685572,1998-05-27
6356,0.0,1998-05-28
6357,4.000757234578957,1998-05-29
6358,24.705409580185965,1998-05-30
6359,9.695494358085119,1998-05-31
6360,16.907114043053998,1998-06-01
6361,17.843071240064344,1998-06-02
6362,12.705890909485802,1998-06-03
6363,4.052739091408918,1998-06-04
6364,9.795773452635734,1998-06-05
6365,8.970378266891075,1998-06-06
6366,16.716149797775184,1998-06-07
6367,4.777438653123692,1998-06-08
6368,17.62528092490612,1998-06-09
6369,5.778403541894952,1998-06-10
6370,1.3616147068169113,1998-06-11
6371,5.263891350027403,1998-06-12
6372,0.006873670784958647,1998-06-13
6373,0.0,1998-06-14
6374,0.0,1998-06-15
6375,7.311305363255165,1998-06-16
6376,4.350240387986483,1998-06-17
6377,25.53824152636038,1998-06-18
6378,2.3862098119685378,1998-06-19
6379,0.0,1998-06-20
6380,2.1394886809989506,1998-06-21
6381,2.2249531997054204,1998-06-22
6382,20.770862415962558,1998-06-23
6383,17.167496558214552,1998-06-24
6384,34.771500687137745,1998-06-25
6385,36.27890487637338,1998-06-26
6386,0.0,1998-06-27
6387,0.0,1998-06-28
6388,9.708178161526007,1998-06-29
6389,15.356245197704462,1998-06-30
6390,5.157486593688337,1998-07-01
6391,12.295177654115339,1998-07-02
6392,9.698260930919925,1998-07-03
6393,0.0,1998-07-04
6394,0.0,1998-07-05
6395,8.292915878855236,1998-07-06
6396,7.130210317404737,1998-07-07
6397,37.77965981939323,1998-07-08
6398,46.143983277295696,1998-07-09
6399,8.162815455942908,1998-07-10
6400,8.124224042417017,1998-07-11
6401,0.17502959567430781,1998-07-12
6402,0.0,1998-07-13
6403,33.46085382892239,1998-07-14
6404,25.397703194380504,1998-07-15
6405,7.596887423467777,1998-07-16
6406,9.307528218188242,1998-07-17
6407,2.6534692025674054,1998-07-18
6408,0.0,1998-07-19
6409,0.0,1998-07-20
6410,2.5052541575054272,1998-07-21
6411,23.6896961949368,1998-07-22
6412,28.37781347481736,1998-07-23
6413,0.7719138666192108,1998-07-24
6414,4.165864347306864,1998-07-25
6415,28.4745261238747,1998-07-26
6416,1.6307513234202813,1998-07-27
6417,0.1415309715830336,1998-07-28
6418,25.22215101997174,1998-07-29
6419,3.632289444316517,1998-07-30
6420,2.800694815504236,1998-07-31
6421,23.449408332399603,1998-08-01
6422,19.220173700785715,1998-08-02
6423,5.479053547766901,1998-08-03
6424,4.225796080782266,1998-08-04
6425,5.231464773049453,1998-08-05
6426,0.0,1998-08-06
6427,0.0,1998-08-07
6428,9.57731758134456,1998-08-08
6429,4.139338605830397,1998-08-09
6430,0.0,1998-08-10
6431,1.1712165099784426,1998-08-11
6432,0.0,1998-08-12
6433,11.313922532548654,1998-08-13
6434,14.57825674593973,1998-08-14
6435,2.9784281541595012,1998-08-15
6436,0.0,1998-08-16
6437,0.0,1998-08-17
6438,18.788236487771762,1998-08-18
6439,0.011628376074200851,1998-08-19
6440,14.915706493455993,1998-08-20
6441,11.78719679233965,1998-08-21
6442,3.684878461899297,1998-08-22
6443,2.792477168589393,1998-08-23
6444,4.744377207965793,1998-08-24
6445,2.679667391986791,1998-08-25
6446,2.1146484526021743,1998-08-26
6447,7.623947021394881,1998-08-27
6448,8.37644989930989,1998-08-28
6449,12.749714670880445,1998-08-29
6450,6.788845250529628,1998-08-30
6451,18.42200609693779,1998-08-31
6452,12.166060697885554,1998-09-01
6453,1.8852009558188252,1998-09-02
6454,9.765887177990333,1998-09-03
6455,11.52169456370066,1998-09-04
6456,14.079769138157193,1998-09-05
6457,21.394871163018635,1998-09-06
6458,10.786048451281015,1998-09-07
6459,9.966439893392524,1998-09-08
6460,7.471693090189937,1998-09-09
6461,2.101526313764958,1998-09-10
6462,0.0,1998-09-11
6463,16.655877719051333,1998-09-12
6464,6.443451086838575,1998-09-13
6465,6.622863217504842,1998-09-14
6466,8.53278855329385,1998-09-15
6467,13.210617921499217,1998-09-16
6468,14.376220348979023,1998-09-17
6469,6.371664176322847,1998-09-18
6470,4.923754129353858,1998-09-19
6471,5.08400530076796,1998-09-20
6472,3.2492001503583623,1998-09-21
6473,17.99844398604811,1998-09-22
6474,20.549426700810198,1998-09-23
6475,17.284310185105227,1998-09-24
6476,3.4337423839177554,1998-09-25
6477,16.363999701021704,1998-09-26
6478,10.569505512763326,1998-09-27
6479,4.89217480315491,1998-09-28
6480,7.1565845811961335,1998-09-29
6481,0.0,1998-09-30
6482,0.0,1998-10-01
6483,8.023810347308164,1998-10-02
6484,13.234069412432813,1998-10-03
6485,17.154558124038825,1998-10-04
6486,0.9704652782339503,1998-10-05
6487,39.61899109837597,1998-10-06
6488,1.4467262317288305,1998-10-07
6489,33.596776626228944,1998-10-08
6490,1.0616934324918954,1998-10-09
6491,17.722052902154562,1998-10-10
6492,36.20775514339772,1998-10-11
6493,31.569847072981673,1998-10-12
6494,19.69377762271512,1998-10-13
6495,0.0,1998-10-14
6496,17.467438292517347,1998-10-15
6497,0.8661133321499196,1998-10-16
6498,23.65408220279951,1998-10-17
6499,0.0,1998-10-18
6500,0.0,1998-10-19
6501,0.0,1998-10-20
6502,0.0,1998-10-21
6503,0.0,1998-10-22
6504,0.36334570859534304,1998-10-23
6505,15.615400332229932,1998-10-24
6506,34.424168741052796,1998-10-25
6507,0.0,1998-10-26
6508,6.473297977503445,1998-10-27
6509,23.250756804838208,1998-10-28
6510,0.0,1998-10-29
6511,5.390004959218314,1998-10-30
6512,99.0954537059974,1998-10-31
6513,5.08278844044705,1998-11-01
6514,129.39213119797694,1998-11-02
6515,0.0,1998-11-03
6516,12.713444608425462,1998-11-04
6517,18.79273397798062,1998-11-05
6518,27.074943028447212,1998-11-06
6519,0.0,1998-11-07
6520,0.0,1998-11-08
6521,0.0,1998-11-09
6522,0.0,1998-11-10
6523,96.16975543539546,1998-11-11
6524,2.615644673098567,1998-11-12
6525,0.0,1998-11-13
6526,0.0,1998-11-14
6527,0.0,1998-11-15
6528,0.0,1998-11-16
6529,0.0,1998-11-17
6530,0.0,1998-11-18
6531,0.0,1998-11-19
6532,0.3510096073989645,1998-11-20
6533,120.74041977398555,1998-11-21
6534,4.727817989584288,1998-11-22
6535,0.0,1998-11-23
6536,0.0,1998-11-24
6537,0.0,1998-11-25
6538,0.0,1998-11-26
6539,0.0,1998-11-27
6540,0.0,1998-11-28
6541,0.0,1998-11-29
6542,0.0,1998-11-30
6543,0.7201394327225226,1998-12-01
6544,7.122366042081214,1998-12-02
6545,0.0,1998-12-03
6546,0.0,1998-12-04
6547,0.0,1998-12-05
6548,0.12625200825352825,1998-12-06
6549,0.0,1998-12-07
6550,0.0,1998-12-08
6551,13.220292823741158,1998-12-09
6552,0.0,1998-12-10
6553,0.0,1998-12-11
6554,0.0,1998-12-12
6555,0.0,1998-12-13
6556,10.132565686080461,1998-12-14
6557,1.0939463653732255,1998-12-15
6558,4.1945748317416465,1998-12-16
6559,7.315275738400099,1998-12-17
6560,0.0,1998-12-18
6561,0.0,1998-12-19
6562,0.0,1998-12-20
6563,0.0,1998-12-21
6564,0.0,1998-12-22
6565,6.870174860073326,1998-12-23
6566,0.20922840817582924,1998-12-24
6567,7.634865526579692,1998-12-25
6568,7.992303458127109,1998-12-26
6569,0.0,1998-12-27
6570,0.0,1998-12-28
6571,0.0,1998-12-29
6572,2.746430017941159,1998-12-30
6573,0.03566757537752303,1998-12-31
6574,0.0,1999-01-01
6575,0.0,1999-01-02
6576,0.0,1999-01-03
6577,2.031573071521748,1999-01-04
6578,7.457269045474593,1999-01-05
6579,11.232409992329888,1999-01-06
6580,2.423512663827264,1999-01-07
6581,0.0,1999-01-08
6582,0.0,1999-01-09
6583,2.9527809756102807,1999-01-10
6584,13.537170059729885,1999-01-11
6585,0.0,1999-01-12
6586,0.0,1999-01-13
6587,0.0,1999-01-14
6588,1.547022312225834,1999-01-15
6589,0.0,1999-01-16
6590,1.1116293147022773,1999-01-17
6591,0.02438350778171394,1999-01-18
6592,0.0,1999-01-19
6593,10.61216441775347,1999-01-20
6594,0.0,1999-01-21
6595,0.0,1999-01-22
6596,0.0,1999-01-23
6597,13.237071455958306,1999-01-24
6598,7.353604364311241,1999-01-25
6599,9.643818359990274,1999-01-26
6600,0.0,1999-01-27
6601,0.0,1999-01-28
6602,0.6091012701750501,1999-01-29
6603,0.0,1999-01-30
6604,2.0762411923841997,1999-01-31
6605,1.6007901242891016,1999-02-01
6606,3.597910933872122,1999-02-02
6607,0.0,1999-02-03
6608,0.0,1999-02-04
6609,0.6362653514996303,1999-02-05
6610,5.087971430076533,1999-02-06
6611,0.0,1999-02-07
6612,0.0,1999-02-08
6613,0.0,1999-02-09
6614,0.0,1999-02-10
6615,0.0,1999-02-11
6616,24.869781112698867,1999-02-12
6617,13.948312671359332,1999-02-13
6618,10.27599347290755,1999-02-14
6619,0.0,1999-02-15
6620,0.0,1999-02-16
6621,0.0,1999-02-17
6622,5.308318898684818,1999-02-18
6623,0.3678731848976829,1999-02-19
6624,0.0852030971672528,1999-02-20
6625,0.0,1999-02-21
6626,4.50173405331251,1999-02-22
6627,0.0,1999-02-23
6628,7.029849393570529,1999-02-24
6629,1.0031442902025238,1999-02-25
6630,0.0,1999-02-26
6631,0.0,1999-02-27
6632,0.0,1999-02-28
6633,0.0,1999-03-01
6634,0.0,1999-03-02
6635,0.0,1999-03-03
6636,0.0,1999-03-04
6637,0.5385285369112346,1999-03-05
6638,0.0,1999-03-06
6639,0.0,1999-03-07
6640,0.0,1999-03-08
6641,0.0,1999-03-09
6642,0.0,1999-03-10
6643,0.0,1999-03-11
6644,0.0,1999-03-12
6645,0.0,1999-03-13
6646,6.9025488202942435,1999-03-14
6647,0.0,1999-03-15
6648,1.8806091188335698,1999-03-16
6649,0.0,1999-03-17
6650,0.0,1999-03-18
6651,0.0,1999-03-19
6652,0.0,1999-03-20
6653,0.0,1999-03-21
6654,0.0,1999-03-22
6655,30.20340319311864,1999-03-23
6656,0.0,1999-03-24
6657,0.0,1999-03-25
6658,0.0,1999-03-26
6659,0.0,1999-03-27
6660,0.0,1999-03-28
6661,0.3713079534737595,1999-03-29
6662,39.33503012011128,1999-03-30
6663,0.0,1999-03-31
6664,0.0,1999-04-01
6665,0.0,1999-04-02
6666,0.0,1999-04-03
6667,0.0,1999-04-04
6668,0.0,1999-04-05
6669,0.0,1999-04-06
6670,0.0,1999-04-07
6671,0.0,1999-04-08
6672,0.0,1999-04-09
6673,0.0,1999-04-10
6674,0.11971577440189127,1999-04-11
6675,1.5515806981195803,1999-04-12
6676,0.0,1999-04-13
6677,0.0,1999-04-14
6678,0.0,1999-04-15
6679,0.0,1999-04-16
6680,1.9217364293319388,1999-04-17
6681,2.7540840704350176,1999-04-18
6682,3.7025019774898413,1999-04-19
6683,0.0,1999-04-20
6684,0.0,1999-04-21
6685,0.0,1999-04-22
6686,0.0,1999-04-23
6687,0.0,1999-04-24
6688,0.0,1999-04-25
6689,0.14699219264592595,1999-04-26
6690,41.431948592725746,1999-04-27
6691,28.601357239921764,1999-04-28
6692,8.390797200916102,1999-04-29
6693,0.0,1999-04-30
6694,0.0,1999-05-01
6695,0.0,1999-05-02
6696,0.0,1999-05-03
6697,0.0020004057674463892,1999-05-04
6698,1.9259833808658409,1999-05-05
6699,4.204462242741739,1999-05-06
6700,20.02445668812023,1999-05-07
6701,7.031873957166923,1999-05-08
6702,0.5495329328296471,1999-05-09
6703,0.0,1999-05-10
6704,1.4678361238272661,1999-05-11
6705,9.67518544616588,1999-05-12
6706,4.719064941196499,1999-05-13
6707,0.947462921142578,1999-05-14
6708,1.0927183086221868,1999-05-15
6709,0.0,1999-05-16
6710,5.643220041560287,1999-05-17
6711,3.8949617959746874,1999-05-18
6712,4.825253316705875,1999-05-19
6713,13.153147807331035,1999-05-20
6714,0.008480036223738774,1999-05-21
6715,0.0,1999-05-22
6716,0.0,1999-05-23
6717,0.0,1999-05-24
6718,0.0,1999-05-25
6719,0.27611998267187754,1999-05-26
6720,4.466918896272384,1999-05-27
6721,7.933421583091758,1999-05-28
6722,0.0,1999-05-29
6723,0.0,1999-05-30
6724,0.0,1999-05-31
6725,0.7023907866715686,1999-06-01
6726,7.471261569467807,1999-06-02
6727,6.492412793895016,1999-06-03
6728,4.56349756154147,1999-06-04
6729,12.768665591544764,1999-06-05
6730,12.519818195108098,1999-06-06
6731,0.0,1999-06-07
6732,4.628918644689744,1999-06-08
6733,10.343540674696222,1999-06-09
6734,34.10283215419288,1999-06-10
6735,22.84624346394693,1999-06-11
6736,18.770213131275355,1999-06-12
6737,1.6394047848989535,1999-06-13
6738,11.25200587331375,1999-06-14
6739,26.802801703903338,1999-06-15
6740,16.035361925499878,1999-06-16
6741,14.889058893041526,1999-06-17
6742,18.523892222485582,1999-06-18
6743,10.888158927648997,1999-06-19
6744,9.341564680697978,1999-06-20
6745,1.913405862469827,1999-06-21
6746,4.186071940293411,1999-06-22
6747,11.50452834632739,1999-06-23
6748,0.5522029594522069,1999-06-24
6749,17.628343075335554,1999-06-25
6750,0.44281699258910595,1999-06-26
6751,5.769326524734497,1999-06-27
6752,17.287147585681453,1999-06-28
6753,21.340744399772714,1999-06-29
6754,26.233083270847622,1999-06-30
6755,14.22896370473845,1999-07-01
6756,17.049384393272515,1999-07-02
6757,7.191862876757846,1999-07-03
6758,31.069746620759943,1999-07-04
6759,10.521802097191905,1999-07-05
6760,29.827024636702102,1999-07-06
6761,5.123392284790443,1999-07-07
6762,1.0515559268627002,1999-07-08
6763,16.077006084828085,1999-07-09
6764,31.11200436354383,1999-07-10
6765,46.382721423375656,1999-07-11
6766,21.520918543024145,1999-07-12
6767,4.694005047163307,1999-07-13
6768,12.813572937106805,1999-07-14
6769,0.19480922145228233,1999-07-15
6770,8.10411360637184,1999-07-16
6771,21.340075512603576,1999-07-17
6772,11.615232718906794,1999-07-18
6773,12.904535235239964,1999-07-19
6774,9.96740069056536,1999-07-20
6775,12.322202559831904,1999-07-21
6776,4.5856977975123785,1999-07-22
6777,19.312203387375103,1999-07-23
6778,1.5484337152274126,1999-07-24
6779,1.7735028454844903,1999-07-25
6780,0.0,1999-07-26
6781,1.2507747176945034,1999-07-27
6782,3.418735682747581,1999-07-28
6783,1.9525452011980966,1999-07-29
6784,58.63372095001756,1999-07-30
6785,0.0,1999-07-31
6786,7.1306345513699,1999-08-01
6787,5.8114998251392,1999-08-02
6788,3.085817800309302,1999-08-03
6789,0.8592149907892401,1999-08-04
6790,0.36777251352662566,1999-08-05
6791,2.997934603928821,1999-08-06
6792,7.2675574236111915,1999-08-07
6793,15.379708867758252,1999-08-08
6794,3.576661592690477,1999-08-09
6795,13.740198357210133,1999-08-10
6796,17.867867536125306,1999-08-11
6797,8.973148860036455,1999-08-12
6798,1.2367742975855853,1999-08-13
6799,0.07838311746323214,1999-08-14
6800,2.9942371663739604,1999-08-15
6801,8.190674510295787,1999-08-16
6802,18.289335493915605,1999-08-17
6803,24.09672387539817,1999-08-18
6804,17.64167788659373,1999-08-19
6805,20.569374771425803,1999-08-20
6806,0.6347803400548672,1999-08-21
6807,0.0,1999-08-22
6808,2.4571747704335323,1999-08-23
6809,13.094348355737948,1999-08-24
6810,10.863815298164344,1999-08-25
6811,11.327474574399478,1999-08-26
6812,14.587424456604763,1999-08-27
6813,1.51472006867708,1999-08-28
6814,0.9895872267949614,1999-08-29
6815,0.024859962715081806,1999-08-30
6816,0.03266499642402895,1999-08-31
6817,3.3333490582575203,1999-09-01
6818,40.45309124899052,1999-09-02
6819,22.591244602650846,1999-09-03
6820,1.1893274259986768,1999-09-04
6821,15.716967456823221,1999-09-05
6822,7.360868225125624,1999-09-06
6823,17.447766002196374,1999-09-07
6824,18.40309852409923,1999-09-08
6825,42.30259752793744,1999-09-09
6826,22.273345987006717,1999-09-10
6827,17.283813715064976,1999-09-11
6828,2.9192156205778605,1999-09-12
6829,21.355438680844564,1999-09-13
6830,27.90181129304544,1999-09-14
6831,7.827962508215584,1999-09-15
6832,11.736448948516173,1999-09-16
6833,8.271543852422946,1999-09-17
6834,18.351232614601116,1999-09-18
6835,30.266476644029368,1999-09-19
6836,25.08353257098157,1999-09-20
6837,41.09571053781818,1999-09-21
6838,3.7253221483314496,1999-09-22
6839,0.5228772182968006,1999-09-23
6840,22.48712699761488,1999-09-24
6841,20.89313789781587,1999-09-25
6842,24.050187956706516,1999-09-26
6843,8.375245043371429,1999-09-27
6844,16.15652746290056,1999-09-28
6845,7.678468796878268,1999-09-29
6846,22.010905641740358,1999-09-30
6847,12.740968041126331,1999-10-01
6848,11.515409010050934,1999-10-02
6849,34.52534305516576,1999-10-03
6850,16.338094561009108,1999-10-04
6851,10.639585142946665,1999-10-05
6852,0.8679889495491632,1999-10-06
6853,40.30308315758133,1999-10-07
6854,4.8735860281745715,1999-10-08
6855,2.2958397577235425,1999-10-09
6856,11.872851016500482,1999-10-10
6857,5.112169499662965,1999-10-11
6858,0.3173445574349323,1999-10-12
6859,7.121130355767841,1999-10-13
6860,0.0,1999-10-14
6861,12.561077777381518,1999-10-15
6862,5.548557351215842,1999-10-16
6863,21.344127860530726,1999-10-17
6864,14.254988147981704,1999-10-18
6865,10.366389711273728,1999-10-19
6866,13.59158116816076,1999-10-20
6867,30.19968683405007,1999-10-21
6868,5.234209948285234,1999-10-22
6869,0.0,1999-10-23
6870,0.0,1999-10-24
6871,0.0,1999-10-25
6872,0.0,1999-10-26
6873,0.0,1999-10-27
6874,0.0,1999-10-28
6875,0.0,1999-10-29
6876,1.2934142274940468,1999-10-30
6877,0.0,1999-10-31
6878,1.9635794552050725,1999-11-01
6879,0.0,1999-11-02
6880,0.18069794962483068,1999-11-03
6881,0.7247959877528753,1999-11-04
6882,1.039870734816073,1999-11-05
6883,13.558695099626473,1999-11-06
6884,13.443382057794027,1999-11-07
6885,7.594776364211812,1999-11-08
6886,16.426005668919807,1999-11-09
6887,13.318322875842323,1999-11-10
6888,18.824996496631254,1999-11-11
6889,5.147014708001595,1999-11-12
6890,0.15611773381834507,1999-11-13
6891,0.0,1999-11-14
6892,0.0,1999-11-15
6893,0.27444820411044485,1999-11-16
6894,4.186569561496858,1999-11-17
6895,2.048140929437453,1999-11-18
6896,0.0,1999-11-19
6897,0.0,1999-11-20
6898,0.0,1999-11-21
6899,0.0,1999-11-22
6900,1.7167017359467895,1999-11-23
6901,3.1669091856444687,1999-11-24
6902,6.208055319688187,1999-11-25
6903,0.0,1999-11-26
6904,0.0,1999-11-27
6905,7.99553356573379,1999-11-28
6906,0.0,1999-11-29
6907,0.0,1999-11-30
6908,0.0,1999-12-01
6909,0.0,1999-12-02
6910,0.0,1999-12-03
6911,0.0,1999-12-04
6912,0.0,1999-12-05
6913,0.0,1999-12-06
6914,0.0,1999-12-07
6915,0.0,1999-12-08
6916,0.0,1999-12-09
6917,0.0,1999-12-10
6918,0.0,1999-12-11
6919,0.0,1999-12-12
6920,0.0,1999-12-13
6921,1.214882059404927,1999-12-14
6922,0.0,1999-12-15
6923,0.0,1999-12-16
6924,0.0,1999-12-17
6925,0.0,1999-12-18
6926,0.0,1999-12-19
6927,0.0,1999-12-20
6928,72.2050054973032,1999-12-21
6929,0.0,1999-12-22
6930,0.0,1999-12-23
6931,0.0,1999-12-24
6932,0.0,1999-12-25
6933,0.0,1999-12-26
6934,0.0,1999-12-27
6935,0.0,1999-12-28
6936,0.0,1999-12-29
6937,0.0,1999-12-30
6938,0.0,1999-12-31
6939,0.0,2000-01-01
6940,0.0,2000-01-02
6941,0.0,2000-01-03
6942,0.0,2000-01-04
6943,13.57209203110412,2000-01-05
6944,6.241766481259699,2000-01-06
6945,0.012373216802423651,2000-01-07
6946,0.79446060608559,2000-01-08
6947,0.0,2000-01-09
6948,0.34656534863357324,2000-01-10
6949,0.0,2000-01-11
6950,0.0,2000-01-12
6951,0.051806912624940846,2000-01-13
6952,10.552110544271834,2000-01-14
6953,6.245844714033289,2000-01-15
6954,21.663041385471654,2000-01-16
6955,8.937845773389263,2000-01-17
6956,3.6463286520379032,2000-01-18
6957,1.8981722974637387,2000-01-19
6958,0.0,2000-01-20
6959,5.245333337308375,2000-01-21
6960,2.811479887668688,2000-01-22
6961,0.0,2000-01-23
6962,0.0,2000-01-24
6963,0.0,2000-01-25
6964,0.0,2000-01-26
6965,0.0,2000-01-27
6966,0.0,2000-01-28
6967,0.0,2000-01-29
6968,12.987353750575673,2000-01-30
6969,3.9864304032423625,2000-01-31
6970,0.0,2000-02-01
6971,14.630084773760041,2000-02-02
6972,0.0,2000-02-03
6973,1.2294318837644067,2000-02-04
6974,4.343942198879208,2000-02-05
6975,1.8034240548421911,2000-02-06
6976,0.3167445765632339,2000-02-07
6977,0.0,2000-02-08
6978,0.43099342323817813,2000-02-09
6979,0.0,2000-02-10
6980,0.0,2000-02-11
6981,0.0,2000-02-12
6982,0.0,2000-02-13
6983,0.0,2000-02-14
6984,0.8504476162974786,2000-02-15
6985,0.00461010849021397,2000-02-16
6986,0.0,2000-02-17
6987,0.14654268512977534,2000-02-18
6988,19.303062924045275,2000-02-19
6989,5.130928014995767,2000-02-20
6990,2.4124600041576842,2000-02-21
6991,0.351166221613059,2000-02-22
6992,0.0,2000-02-23
6993,0.0,2000-02-24
6994,0.0,2000-02-25
6995,0.0,2000-02-26
6996,0.0,2000-02-27
6997,0.9880444923943442,2000-02-28
6998,0.0,2000-02-29
6999,0.0,2000-03-01
7000,0.0,2000-03-02
7001,0.25754512216338665,2000-03-03
7002,0.0,2000-03-04
7003,0.3380453102050289,2000-03-05
7004,0.8168712924163014,2000-03-06
7005,4.031909115475293,2000-03-07
7006,14.797041922846148,2000-03-08
7007,9.884774643962338,2000-03-09
7008,0.0,2000-03-10
7009,0.0,2000-03-11
7010,0.05888973121419331,2000-03-12
7011,0.0,2000-03-13
7012,0.0,2000-03-14
7013,0.0,2000-03-15
7014,0.2079748106981652,2000-03-16
7015,0.0,2000-03-17
7016,0.00453108384811983,2000-03-18
7017,0.2915570365368796,2000-03-19
7018,0.0,2000-03-20
7019,0.0,2000-03-21
7020,0.0,2000-03-22
7021,0.0,2000-03-23
7022,0.0,2000-03-24
7023,0.0,2000-03-25
7024,0.02767363159537665,2000-03-26
7025,0.0,2000-03-27
7026,0.0,2000-03-28
7027,0.0,2000-03-29
7028,0.0,2000-03-30
7029,0.0,2000-03-31
7030,0.0,2000-04-01
7031,0.0,2000-04-02
7032,0.0,2000-04-03
7033,0.0,2000-04-04
7034,7.616034277247546,2000-04-05
7035,0.0,2000-04-06
7036,0.0,2000-04-07
7037,0.0,2000-04-08
7038,0.10383682160083849,2000-04-09
7039,0.0,2000-04-10
7040,16.942998847541915,2000-04-11
7041,0.2968405209119019,2000-04-12
7042,0.023717468295279136,2000-04-13
7043,11.890045546590406,2000-04-14
7044,0.0028696434938313324,2000-04-15
7045,1.0016939447072946,2000-04-16
7046,0.0,2000-04-17
7047,0.0,2000-04-18
7048,0.0,2000-04-19
7049,0.0,2000-04-20
7050,0.0,2000-04-21
7051,0.0,2000-04-22
7052,0.0,2000-04-23
7053,0.0,2000-04-24
7054,0.0,2000-04-25
7055,0.0,2000-04-26
7056,0.0,2000-04-27
7057,0.0,2000-04-28
7058,0.0,2000-04-29
7059,0.3873030339797571,2000-04-30
7060,0.0,2000-05-01
7061,1.295485402258261,2000-05-02
7062,2.4521887304845795,2000-05-03
7063,2.37610646628914,2000-05-04
7064,0.10391087597066707,2000-05-05
7065,4.247109920048645,2000-05-06
7066,6.502215621464416,2000-05-07
7067,2.2326320805647506,2000-05-08
7068,11.224426276578928,2000-05-09
7069,11.541083880449666,2000-05-10
7070,33.23444433150752,2000-05-11
7071,10.865726020762647,2000-05-12
7072,29.995809897369654,2000-05-13
7073,23.59872594380309,2000-05-14
7074,0.006337600859029552,2000-05-15
7075,23.234701354678432,2000-05-16
7076,7.1943322914157095,2000-05-17
7077,22.276920664331435,2000-05-18
7078,37.59326570941557,2000-05-19
7079,27.6658809872177,2000-05-20
7080,8.72300920592725,2000-05-21
7081,23.721055461234712,2000-05-22
7082,13.325719712948175,2000-05-23
7083,14.028905104835708,2000-05-24
7084,23.98727964753629,2000-05-25
7085,15.507916735092566,2000-05-26
7086,12.833842743540792,2000-05-27
7087,7.088157944609344,2000-05-28
7088,8.72103975681965,2000-05-29
7089,5.129039231996733,2000-05-30
7090,19.884591274093665,2000-05-31
7091,20.47862128814295,2000-06-01
7092,7.4245509031860735,2000-06-02
7093,0.16712313528983824,2000-06-03
7094,22.181192332852273,2000-06-04
7095,16.98647929205573,2000-06-05
7096,7.831523712667201,2000-06-06
7097,21.57660571481476,2000-06-07
7098,22.69009519705676,2000-06-08
7099,11.918272060886505,2000-06-09
7100,14.668239231696926,2000-06-10
7101,18.29296784096099,2000-06-11
7102,25.120108886674007,2000-06-12
7103,7.417400300062298,2000-06-13
7104,3.8622690725186697,2000-06-14
7105,13.738922949536454,2000-06-15
7106,14.134439762372777,2000-06-16
7107,0.16515665118645365,2000-06-17
7108,2.1092727280362267,2000-06-18
7109,15.11763844671837,2000-06-19
7110,8.321920735493432,2000-06-20
7111,9.028721605395992,2000-06-21
7112,6.226221547644161,2000-06-22
7113,0.0,2000-06-23
7114,0.0,2000-06-24
7115,0.0,2000-06-25
7116,9.012618176972062,2000-06-26
7117,0.0,2000-06-27
7118,0.0,2000-06-28
7119,13.870491110320666,2000-06-29
7120,9.530430928339355,2000-06-30
7121,32.58766461159827,2000-07-01
7122,0.0,2000-07-02
7123,0.0,2000-07-03
7124,3.8486645227023937,2000-07-04
7125,4.678015947146149,2000-07-05
7126,0.6546397088909429,2000-07-06
7127,12.497162126138413,2000-07-07
7128,0.0,2000-07-08
7129,2.9577576014722897,2000-07-09
7130,24.41385708146082,2000-07-10
7131,20.643206901214686,2000-07-11
7132,0.0,2000-07-12
7133,0.0,2000-07-13
7134,0.0,2000-07-14
7135,0.0,2000-07-15
7136,0.0,2000-07-16
7137,1.7224894970533087,2000-07-17
7138,33.16513690842212,2000-07-18
7139,1.547805939335977,2000-07-19
7140,4.931429220238738,2000-07-20
7141,0.0,2000-07-21
7142,2.5217703143592454,2000-07-22
7143,69.03697656871984,2000-07-23
7144,20.112356303877842,2000-07-24
7145,11.135064947737979,2000-07-25
7146,3.74659341940782,2000-07-26
7147,0.0,2000-07-27
7148,0.0,2000-07-28
7149,1.9405505931552203,2000-07-29
7150,14.419771324840108,2000-07-30
7151,1.908830907379777,2000-07-31
7152,7.594403885424661,2000-08-01
7153,39.27146870028588,2000-08-02
7154,0.49929329981202614,2000-08-03
7155,2.9011417538259736,2000-08-04
7156,10.812081394531162,2000-08-05
7157,10.374992360649218,2000-08-06
7158,13.355966039920478,2000-08-07
7159,33.98410940668101,2000-08-08
7160,34.926877409132345,2000-08-09
7161,36.52630415494142,2000-08-10
7162,2.6496798593627395,2000-08-11
7163,40.151451063295966,2000-08-12
7164,0.0,2000-08-13
7165,10.161650411796014,2000-08-14
7166,24.740371759811804,2000-08-15
7167,6.1940504710905016,2000-08-16
7168,0.0,2000-08-17
7169,1.8337593381216102,2000-08-18
7170,4.241666104464937,2000-08-19
7171,15.542664597111363,2000-08-20
7172,1.3642480481055475,2000-08-21
7173,0.14326433332784436,2000-08-22
7174,3.755295310649703,2000-08-23
7175,0.0,2000-08-24
7176,0.17861405157273816,2000-08-25
7177,0.0,2000-08-26
7178,0.0,2000-08-27
7179,7.487962093073601,2000-08-28
7180,18.39923024750875,2000-08-29
7181,17.651883036426092,2000-08-30
7182,17.559755152705133,2000-08-31
7183,3.0669604650480657,2000-09-01
7184,19.59649787958766,2000-09-02
7185,0.2089012598501972,2000-09-03
7186,3.402434657815614,2000-09-04
7187,21.366207430831153,2000-09-05
7188,14.575058407154252,2000-09-06
7189,0.12598119106460526,2000-09-07
7190,32.95293613691133,2000-09-08
7191,12.021212240705735,2000-09-09
7192,3.0364426888049176,2000-09-10
7193,4.799231027955534,2000-09-11
7194,14.437020886384849,2000-09-12
7195,11.800100056321044,2000-09-13
7196,18.274341077329133,2000-09-14
7197,28.689153786264907,2000-09-15
7198,16.16834508107205,2000-09-16
7199,21.49227299922373,2000-09-17
7200,16.282571706799818,2000-09-18
7201,22.658289355728282,2000-09-19
7202,14.480559472534315,2000-09-20
7203,4.021928599824653,2000-09-21
7204,2.6171982323878673,2000-09-22
7205,7.4864129090798555,2000-09-23
7206,8.851884457093178,2000-09-24
7207,11.4548728415973,2000-09-25
7208,7.841809329734869,2000-09-26
7209,8.38208868236486,2000-09-27
7210,45.105623618766366,2000-09-28
7211,7.5702454094313465,2000-09-29
7212,1.1450023263500584,2000-09-30
7213,42.26192702866719,2000-10-01
7214,28.854796862672156,2000-10-02
7215,16.683589746134018,2000-10-03
7216,1.2155682604613542,2000-10-04
7217,6.8804279781576465,2000-10-05
7218,35.5273719264615,2000-10-06
7219,37.8693052744376,2000-10-07
7220,0.0,2000-10-08
7221,6.376062334905273,2000-10-09
7222,1.8812632335316053,2000-10-10
7223,24.87403890648895,2000-10-11
7224,0.3684188869621747,2000-10-12
7225,1.3204664242652155,2000-10-13
7226,0.0,2000-10-14
7227,11.056900983569909,2000-10-15
7228,13.043202487911998,2000-10-16
7229,0.0,2000-10-17
7230,0.0,2000-10-18
7231,0.0,2000-10-19
7232,0.0,2000-10-20
7233,0.0,2000-10-21
7234,0.0,2000-10-22
7235,11.830036666512141,2000-10-23
7236,0.0,2000-10-24
7237,0.0,2000-10-25
7238,0.4148291397094727,2000-10-26
7239,12.755431406910471,2000-10-27
7240,0.0,2000-10-28
7241,0.0,2000-10-29
7242,0.0,2000-10-30
7243,0.0,2000-10-31
7244,0.004918486911180782,2000-11-01
7245,0.7793507171026772,2000-11-02
7246,0.0,2000-11-03
7247,0.0,2000-11-04
7248,0.0,2000-11-05
7249,0.0,2000-11-06
7250,0.0,2000-11-07
7251,0.0,2000-11-08
7252,0.0,2000-11-09
7253,16.203066674117817,2000-11-10
7254,3.025685539525275,2000-11-11
7255,0.0,2000-11-12
7256,0.0,2000-11-13
7257,0.0,2000-11-14
7258,0.0,2000-11-15
7259,0.0,2000-11-16
7260,0.0,2000-11-17
7261,0.0,2000-11-18
7262,0.0,2000-11-19
7263,0.0,2000-11-20
7264,0.005389380245264674,2000-11-21
7265,0.007049309682985904,2000-11-22
7266,0.0,2000-11-23
7267,0.0,2000-11-24
7268,0.0,2000-11-25
7269,0.0,2000-11-26
7270,82.45813297282916,2000-11-27
7271,1.9821572972183006,2000-11-28
7272,0.0,2000-11-29
7273,0.005856474543596642,2000-11-30
7274,8.020111000223244,2000-12-01
7275,7.86133722618528,2000-12-02
7276,1.7478748708316658,2000-12-03
7277,0.0,2000-12-04
7278,2.9510278361144304,2000-12-05
7279,0.6763288778154032,2000-12-06
7280,0.0,2000-12-07
7281,0.0,2000-12-08
7282,0.0,2000-12-09
7283,0.0,2000-12-10
7284,0.0,2000-12-11
7285,0.4373507869418416,2000-12-12
7286,1.835779506901492,2000-12-13
7287,0.3070155998968309,2000-12-14
7288,4.815511689703485,2000-12-15
7289,0.0,2000-12-16
7290,2.1136368036409974,2000-12-17
7291,1.535445253366599,2000-12-18
7292,1.4805568390787525,2000-12-19
7293,10.384908963732004,2000-12-20
7294,0.15976290101529567,2000-12-21
7295,29.251731554462058,2000-12-22
7296,5.11663082539511,2000-12-23
7297,0.0,2000-12-24
7298,0.0,2000-12-25
7299,0.0,2000-12-26
7300,0.0,2000-12-27
7301,0.0,2000-12-28
7302,8.35892846294862,2000-12-29
7303,7.24388759880122,2000-12-30
7304,0.0,2000-12-31
7305,0.0,2001-01-01
7306,3.623122946411983,2001-01-02
7307,10.339440529059807,2001-01-03
7308,0.10912555863780361,2001-01-04
7309,0.0,2001-01-05
7310,0.0,2001-01-06
7311,0.0,2001-01-07
7312,0.0,2001-01-08
7313,9.660789647591779,2001-01-09
7314,0.0,2001-01-10
7315,0.0,2001-01-11
7316,1.815761080809003,2001-01-12
7317,4.600326788278619,2001-01-13
7318,0.0,2001-01-14
7319,0.0,2001-01-15
7320,0.0,2001-01-16
7321,0.0,2001-01-17
7322,0.0,2001-01-18
7323,0.0,2001-01-19
7324,10.554715599971782,2001-01-20
7325,0.0,2001-01-21
7326,1.1816753423668422,2001-01-22
7327,0.0,2001-01-23
7328,0.0,2001-01-24
7329,16.854378410238674,2001-01-25
7330,7.969519898450969,2001-01-26
7331,0.0,2001-01-27
7332,0.0,2001-01-28
7333,0.0,2001-01-29
7334,0.0,2001-01-30
7335,0.0,2001-01-31
7336,0.0,2001-02-01
7337,0.0,2001-02-02
7338,0.4442065709217553,2001-02-03
7339,3.8042752831562523,2001-02-04
7340,8.37037530180296,2001-02-05
7341,7.170385387426248,2001-02-06
7342,0.0,2001-02-07
7343,0.0,2001-02-08
7344,0.02155063942380665,2001-02-09
7345,0.0,2001-02-10
7346,2.2270943670468597,2001-02-11
7347,0.2055779962176102,2001-02-12
7348,0.8514601359269487,2001-02-13
7349,44.79043868920671,2001-02-14
7350,0.0,2001-02-15
7351,0.0,2001-02-16
7352,0.0,2001-02-17
7353,1.53761481816468,2001-02-18
7354,0.26662031015692567,2001-02-19
7355,0.0,2001-02-20
7356,4.93686781788152,2001-02-21
7357,0.0,2001-02-22
7358,0.0,2001-02-23
7359,0.0,2001-02-24
7360,0.0,2001-02-25
7361,0.954738607882055,2001-02-26
7362,0.0,2001-02-27
7363,0.0,2001-02-28
7364,0.0,2001-03-01
7365,0.0,2001-03-02
7366,15.012539193965823,2001-03-03
7367,15.491077465046184,2001-03-04
7368,6.993257632101736,2001-03-05
7369,0.8274502125373684,2001-03-06
7370,0.0,2001-03-07
7371,0.1270911442569274,2001-03-08
7372,0.0,2001-03-09
7373,0.0,2001-03-10
7374,0.019393555747448873,2001-03-11
7375,0.019393555747448873,2001-03-12
7376,0.034109705627139365,2001-03-13
7377,0.034109705627139365,2001-03-14
7378,0.034109705627139365,2001-03-15
7379,0.0,2001-03-16
7380,0.0,2001-03-17
7381,8.02986196992684,2001-03-18
7382,16.610160906056148,2001-03-19
7383,3.2401126021443933,2001-03-20
7384,2.09219804503701,2001-03-21
7385,0.1653476804267626,2001-03-22
7386,0.0,2001-03-23
7387,0.0,2001-03-24
7388,0.0,2001-03-25
7389,0.31902664173383516,2001-03-26
7390,0.15091340126529817,2001-03-27
7391,0.019518835418734733,2001-03-28
7392,0.06120985596061103,2001-03-29
7393,0.0934940335163273,2001-03-30
7394,0.8316539681272423,2001-03-31
7395,0.0,2001-04-01
7396,0.0,2001-04-02
7397,0.0,2001-04-03
7398,0.0,2001-04-04
7399,0.0,2001-04-05
7400,0.0,2001-04-06
7401,0.0,2001-04-07
7402,0.0,2001-04-08
7403,0.0,2001-04-09
7404,0.020779044886837957,2001-04-10
7405,0.0,2001-04-11
7406,0.0,2001-04-12
7407,0.0,2001-04-13
7408,0.0,2001-04-14
7409,0.0,2001-04-15
7410,0.0,2001-04-16
7411,0.0,2001-04-17
7412,0.0,2001-04-18
7413,0.0,2001-04-19
7414,0.0,2001-04-20
7415,0.0,2001-04-21
7416,0.0,2001-04-22
7417,0.0,2001-04-23
7418,0.0,2001-04-24
7419,0.0,2001-04-25
7420,3.290088500948596,2001-04-26
7421,0.4811510913742603,2001-04-27
7422,0.195094626823828,2001-04-28
7423,27.877965926005345,2001-04-29
7424,0.6417494433086989,2001-04-30
7425,0.0,2001-05-01
7426,2.089004131041664,2001-05-02
7427,0.16477853881998147,2001-05-03
7428,0.8490188163606303,2001-05-04
7429,0.0,2001-05-05
7430,0.9318059858618595,2001-05-06
7431,0.0,2001-05-07
7432,0.0,2001-05-08
7433,8.416086236081167,2001-05-09
7434,0.0,2001-05-10
7435,0.0,2001-05-11
7436,3.0145059740508406,2001-05-12
7437,0.009209101277012978,2001-05-13
7438,2.9176693452628126,2001-05-14
7439,0.0,2001-05-15
7440,0.0,2001-05-16
7441,0.0,2001-05-17
7442,0.7956799561397072,2001-05-18
7443,0.017247958155321586,2001-05-19
7444,0.0,2001-05-20
7445,0.5269473104393028,2001-05-21
7446,6.3632485145277995,2001-05-22
7447,15.928634788857181,2001-05-23
7448,7.778448442475885,2001-05-24
7449,20.58456083538246,2001-05-25
7450,10.862630229597569,2001-05-26
7451,0.0,2001-05-27
7452,22.671189558806656,2001-05-28
7453,41.89291561305699,2001-05-29
7454,9.429341782656586,2001-05-30
7455,15.965788309595105,2001-05-31
7456,9.806961133934534,2001-06-01
7457,20.544120764466673,2001-06-02
7458,5.402640364638522,2001-06-03
7459,0.7242778396606446,2001-06-04
7460,13.625919714085866,2001-06-05
7461,18.68043933778914,2001-06-06
7462,8.544228866219175,2001-06-07
7463,6.703361457589784,2001-06-08
7464,1.2619922557534358,2001-06-09
7465,0.6317782613888515,2001-06-10
7466,3.7753009886475954,2001-06-11
7467,10.176110110017214,2001-06-12
7468,5.941148832592448,2001-06-13
7469,10.11079277665035,2001-06-14
7470,2.4961836213869786,2001-06-15
7471,7.350455214872389,2001-06-16
7472,9.461305147573746,2001-06-17
7473,1.3144052835503632,2001-06-18
7474,0.0070022588601210255,2001-06-19
7475,5.909819744926743,2001-06-20
7476,0.0,2001-06-21
7477,2.477321459582824,2001-06-22
7478,5.590266945942405,2001-06-23
7479,1.5523132438044396,2001-06-24
7480,0.6325600697637654,2001-06-25
7481,0.0,2001-06-26
7482,14.958483231675938,2001-06-27
7483,11.272542020288732,2001-06-28
7484,0.0,2001-06-29
7485,3.640451870719708,2001-06-30
7486,1.0087956914314429,2001-07-01
7487,7.805700904183373,2001-07-02
7488,13.69554841711374,2001-07-03
7489,11.84250136543229,2001-07-04
7490,5.714502679008193,2001-07-05
7491,0.06938198883862091,2001-07-06
7492,0.17441756139402867,2001-07-07
7493,22.797001748965982,2001-07-08
7494,8.889731414562798,2001-07-09
7495,6.336216112092094,2001-07-10
7496,1.860067899849408,2001-07-11
7497,23.455631119289006,2001-07-12
7498,13.344201289733485,2001-07-13
7499,12.38938327959905,2001-07-14
7500,5.872127823899567,2001-07-15
7501,5.609937026843298,2001-07-16
7502,25.000275158085078,2001-07-17
7503,1.31129825155756,2001-07-18
7504,5.8387509421519175,2001-07-19
7505,0.0,2001-07-20
7506,0.0,2001-07-21
7507,0.002381113617301337,2001-07-22
7508,1.9872103236218002,2001-07-23
7509,17.396181131765633,2001-07-24
7510,7.915904522151891,2001-07-25
7511,19.2368283998372,2001-07-26
7512,10.399978000355608,2001-07-27
7513,11.78253231532413,2001-07-28
7514,6.305917860629621,2001-07-29
7515,18.375960461177435,2001-07-30
7516,5.971511239334285,2001-07-31
7517,0.31143388815289713,2001-08-01
7518,0.0,2001-08-02
7519,11.358055042563297,2001-08-03
7520,0.0,2001-08-04
7521,4.709731213158526,2001-08-05
7522,4.810230524449054,2001-08-06
7523,29.70751478211969,2001-08-07
7524,7.785409858373603,2001-08-08
7525,9.592036981163135,2001-08-09
7526,0.15853587430243618,2001-08-10
7527,0.5860052697190092,2001-08-11
7528,3.8107503383809864,2001-08-12
7529,12.239216607155338,2001-08-13
7530,9.14187467033912,2001-08-14
7531,6.007921047909868,2001-08-15
7532,2.953472315908528,2001-08-16
7533,0.1656782381275882,2001-08-17
7534,15.739349076726919,2001-08-18
7535,1.5518108184456478,2001-08-19
7536,0.0,2001-08-20
7537,1.5102463772010244,2001-08-21
7538,13.407909575263778,2001-08-22
7539,12.37353463757423,2001-08-23
7540,33.97537198947672,2001-08-24
7541,22.678163499468575,2001-08-25
7542,14.16583755484774,2001-08-26
7543,0.0,2001-08-27
7544,0.7288467022960137,2001-08-28
7545,7.657128183890648,2001-08-29
7546,0.0,2001-08-30
7547,9.332612499393676,2001-08-31
7548,0.9846574467298224,2001-09-01
7549,14.813048249157996,2001-09-02
7550,2.0319334714503583,2001-09-03
7551,5.021729289163943,2001-09-04
7552,3.474421031733762,2001-09-05
7553,4.371600959056286,2001-09-06
7554,18.223476333366463,2001-09-07
7555,13.260623405182464,2001-09-08
7556,10.142274632719603,2001-09-09
7557,25.200390046950304,2001-09-10
7558,5.423904579447862,2001-09-11
7559,0.10034798672471928,2001-09-12
7560,0.0,2001-09-13
7561,2.6649789367183563,2001-09-14
7562,16.544509649808106,2001-09-15
7563,21.074879492342998,2001-09-16
7564,8.776305699250566,2001-09-17
7565,1.061560103061262,2001-09-18
7566,4.661562825927288,2001-09-19
7567,15.035519775463342,2001-09-20
7568,26.272381505183112,2001-09-21
7569,17.61300292694674,2001-09-22
7570,12.876449555483727,2001-09-23
7571,3.167069991411002,2001-09-24
7572,20.057810171160874,2001-09-25
7573,23.284661306398007,2001-09-26
7574,28.316742144497958,2001-09-27
7575,9.226938590583913,2001-09-28
7576,13.419335875413285,2001-09-29
7577,3.0981079528059077,2001-09-30
7578,0.0,2001-10-01
7579,0.0,2001-10-02
7580,0.0,2001-10-03
7581,0.0,2001-10-04
7582,0.0,2001-10-05
7583,0.0,2001-10-06
7584,0.0,2001-10-07
7585,12.607322175258066,2001-10-08
7586,54.39728576212686,2001-10-09
7587,3.897772219481707,2001-10-10
7588,2.8947493439615646,2001-10-11
7589,0.0,2001-10-12
7590,0.41147120649164376,2001-10-13
7591,16.484987904892645,2001-10-14
7592,33.526739157232036,2001-10-15
7593,14.04164517550874,2001-10-16
7594,0.0,2001-10-17
7595,26.89202483935091,2001-10-18
7596,0.0,2001-10-19
7597,1.7438880295068289,2001-10-20
7598,0.023435201365227573,2001-10-21
7599,0.0,2001-10-22
7600,2.8099710936839974,2001-10-23
7601,21.655799243345292,2001-10-24
7602,8.470132955204361,2001-10-25
7603,13.63053424577909,2001-10-26
7604,0.0,2001-10-27
7605,0.0,2001-10-28
7606,0.0,2001-10-29
7607,0.0,2001-10-30
7608,0.0,2001-10-31
7609,0.0,2001-11-01
7610,0.0,2001-11-02
7611,0.0,2001-11-03
7612,0.7654067058507298,2001-11-04
7613,1.3706865490776352,2001-11-05
7614,0.24001814109489017,2001-11-06
7615,0.0,2001-11-07
7616,0.0,2001-11-08
7617,0.0,2001-11-09
7618,0.0,2001-11-10
7619,0.0,2001-11-11
7620,0.0,2001-11-12
7621,0.6341074813216312,2001-11-13
7622,0.0,2001-11-14
7623,0.0,2001-11-15
7624,0.0,2001-11-16
7625,0.3792189858176491,2001-11-17
7626,0.0,2001-11-18
7627,0.0,2001-11-19
7628,0.0,2001-11-20
7629,0.0,2001-11-21
7630,0.0,2001-11-22
7631,0.0,2001-11-23
7632,0.0,2001-11-24
7633,1.1296279452483324,2001-11-25
7634,33.26978491148292,2001-11-26
7635,20.089355304583776,2001-11-27
7636,16.57636384667539,2001-11-28
7637,1.325184311517173,2001-11-29
7638,1.9546476498936625,2001-11-30
7639,0.0,2001-12-01
7640,0.0,2001-12-02
7641,0.3801502784745784,2001-12-03
7642,0.09066375483515675,2001-12-04
7643,0.0,2001-12-05
7644,0.6046835758818909,2001-12-06
7645,0.0,2001-12-07
7646,0.0,2001-12-08
7647,0.0,2001-12-09
7648,0.4705348301912683,2001-12-10
7649,0.0,2001-12-11
7650,0.0,2001-12-12
7651,0.0,2001-12-13
7652,0.0,2001-12-14
7653,0.0,2001-12-15
7654,0.0,2001-12-16
7655,0.0,2001-12-17
7656,1.763784507768245,2001-12-18
7657,0.7493302334508588,2001-12-19
7658,27.915099093976956,2001-12-20
7659,2.219346598516112,2001-12-21
7660,0.0,2001-12-22
7661,0.0,2001-12-23
7662,18.41096812966981,2001-12-24
7663,0.0,2001-12-25
7664,3.04514027391361,2001-12-26
7665,1.9563749109195476,2001-12-27
7666,39.63146821819092,2001-12-28
7667,7.257380863928026,2001-12-29
7668,0.0,2001-12-30
7669,2.8211496296656096,2001-12-31
7670,7.378152026319086,2002-01-01
7671,0.8708173201440716,2002-01-02
7672,2.2186346503786325,2002-01-03
7673,0.0,2002-01-04
7674,0.0,2002-01-05
7675,5.681923803542016,2002-01-06
7676,3.390203383465317,2002-01-07
7677,0.16622843994073505,2002-01-08
7678,0.07537028516842123,2002-01-09
7679,0.0,2002-01-10
7680,0.0,2002-01-11
7681,0.0,2002-01-12
7682,0.1568829766046966,2002-01-13
7683,0.0,2002-01-14
7684,6.424116075884913,2002-01-15
7685,10.851330491902191,2002-01-16
7686,0.0,2002-01-17
7687,0.0,2002-01-18
7688,0.0,2002-01-19
7689,0.0,2002-01-20
7690,0.0,2002-01-21
7691,0.0,2002-01-22
7692,0.0,2002-01-23
7693,0.0,2002-01-24
7694,9.330830106539462,2002-01-25
7695,10.807125664148861,2002-01-26
7696,8.448872125491366,2002-01-27
7697,0.0,2002-01-28
7698,0.0,2002-01-29
7699,0.0,2002-01-30
7700,0.0,2002-01-31
7701,0.8322576570091359,2002-02-01
7702,2.8453286838811165,2002-02-02
7703,1.8667005942224408,2002-02-03
7704,0.0,2002-02-04
7705,0.0,2002-02-05
7706,0.0,2002-02-06
7707,0.0,2002-02-07
7708,3.9738572924437765,2002-02-08
7709,0.0,2002-02-09
7710,0.0,2002-02-10
7711,6.925296211102841,2002-02-11
7712,0.0,2002-02-12
7713,0.0,2002-02-13
7714,0.0,2002-02-14
7715,0.4272922614033271,2002-02-15
7716,0.0,2002-02-16
7717,5.024699638987566,2002-02-17
7718,0.13838725803185067,2002-02-18
7719,0.0,2002-02-19
7720,0.0,2002-02-20
7721,0.0,2002-02-21
7722,2.1341039250393417,2002-02-22
7723,17.976985918643546,2002-02-23
7724,22.496089861134283,2002-02-24
7725,0.056160200460215824,2002-02-25
7726,0.0,2002-02-26
7727,5.664489015945592,2002-02-27
7728,0.0,2002-02-28
7729,0.0,2002-03-01
7730,0.0,2002-03-02
7731,0.0,2002-03-03
7732,12.42722041837631,2002-03-04
7733,4.730518429272336,2002-03-05
7734,0.0,2002-03-06
7735,0.005119696474494822,2002-03-07
7736,0.0,2002-03-08
7737,0.0,2002-03-09
7738,3.5114028344895485,2002-03-10
7739,3.146535354177973,2002-03-11
7740,0.0,2002-03-12
7741,0.0,2002-03-13
7742,0.0,2002-03-14
7743,0.0,2002-03-15
7744,0.0,2002-03-16
7745,0.08142895962835407,2002-03-17
7746,0.0,2002-03-18
7747,0.0,2002-03-19
7748,0.0,2002-03-20
7749,10.413839523729344,2002-03-21
7750,8.088331041727598,2002-03-22
7751,0.5115755585141895,2002-03-23
7752,0.0,2002-03-24
7753,0.0,2002-03-25
7754,0.0,2002-03-26
7755,7.57557788004274,2002-03-27
7756,0.0,2002-03-28
7757,0.0,2002-03-29
7758,0.0,2002-03-30
7759,0.0,2002-03-31
7760,0.0,2002-04-01
7761,0.0,2002-04-02
7762,0.0,2002-04-03
7763,0.0,2002-04-04
7764,0.0,2002-04-05
7765,0.0,2002-04-06
7766,0.0,2002-04-07
7767,4.914109803518591,2002-04-08
7768,4.107616744027459,2002-04-09
7769,0.9941670033099714,2002-04-10
7770,9.900207554587872,2002-04-11
7771,0.09304629069968753,2002-04-12
7772,0.0,2002-04-13
7773,0.061255398244102685,2002-04-14
7774,0.0,2002-04-15
7775,0.0,2002-04-16
7776,0.0,2002-04-17
7777,0.0,2002-04-18
7778,0.0,2002-04-19
7779,0.0,2002-04-20
7780,0.0,2002-04-21
7781,0.0,2002-04-22
7782,0.0,2002-04-23
7783,0.0,2002-04-24
7784,0.0,2002-04-25
7785,0.18417869651772065,2002-04-26
7786,0.0,2002-04-27
7787,0.0,2002-04-28
7788,0.0,2002-04-29
7789,0.0,2002-04-30
7790,0.0,2002-05-01
7791,0.0,2002-05-02
7792,0.0,2002-05-03
7793,0.13170047267790766,2002-05-04
7794,5.352932295729338,2002-05-05
7795,0.0,2002-05-06
7796,0.0,2002-05-07
7797,0.0,2002-05-08
7798,0.0,2002-05-09
7799,0.0,2002-05-10
7800,0.0,2002-05-11
7801,3.5148742862600737,2002-05-12
7802,5.439012432937398,2002-05-13
7803,11.76650345693236,2002-05-14
7804,0.0,2002-05-15
7805,16.77314433738284,2002-05-16
7806,9.393795592456268,2002-05-17
7807,3.6533747745748846,2002-05-18
7808,41.11315682028046,2002-05-19
7809,0.0,2002-05-20
7810,0.0,2002-05-21
7811,11.516415279058423,2002-05-22
7812,10.21911128726523,2002-05-23
7813,0.0,2002-05-24
7814,1.4629519601301715,2002-05-25
7815,0.012143002619142057,2002-05-26
7816,4.685754758885179,2002-05-27
7817,0.0,2002-05-28
7818,1.3568083326837534,2002-05-29
7819,46.377126024531485,2002-05-30
7820,5.202655189771456,2002-05-31
7821,8.394485737585253,2002-06-01
7822,1.4918311148444932,2002-06-02
7823,6.021175082561908,2002-06-03
7824,16.117619202241873,2002-06-04
7825,10.506019703006467,2002-06-05
7826,20.848316500207897,2002-06-06
7827,13.73779461550223,2002-06-07
7828,3.2686157629566805,2002-06-08
7829,0.026925351612728715,2002-06-09
7830,0.7928623187437085,2002-06-10
7831,12.479013914712363,2002-06-11
7832,7.821327703090012,2002-06-12
7833,1.2254982295553707,2002-06-13
7834,13.326485514822595,2002-06-14
7835,24.09574063712202,2002-06-15
7836,7.037650339736266,2002-06-16
7837,23.042896933849256,2002-06-17
7838,7.250593901799221,2002-06-18
7839,15.23053367430164,2002-06-19
7840,10.685148135490083,2002-06-20
7841,24.03558069413708,2002-06-21
7842,1.9726559182276124,2002-06-22
7843,1.8689962070498647,2002-06-23
7844,0.4139966684772123,2002-06-24
7845,12.574751651070333,2002-06-25
7846,22.542188123244348,2002-06-26
7847,12.329912744029878,2002-06-27
7848,6.4989670735020795,2002-06-28
7849,0.5544594263261363,2002-06-29
7850,3.1528958038011257,2002-06-30
7851,17.60780892042121,2002-07-01
7852,0.05826894133671289,2002-07-02
7853,12.442120381128756,2002-07-03
7854,6.1849628266700885,2002-07-04
7855,20.181453571123807,2002-07-05
7856,6.932301384179125,2002-07-06
7857,2.7546667852709374,2002-07-07
7858,1.739517870452747,2002-07-08
7859,6.711929682678492,2002-07-09
7860,8.774884189874195,2002-07-10
7861,8.227297836594568,2002-07-11
7862,28.983844035951268,2002-07-12
7863,18.79731362983279,2002-07-13
7864,18.04369182155979,2002-07-14
7865,13.658687845465032,2002-07-15
7866,1.6841152490968228,2002-07-16
7867,24.074399473128782,2002-07-17
7868,0.8913506359089155,2002-07-18
7869,14.281791910188288,2002-07-19
7870,1.3331662076239712,2002-07-20
7871,18.37497266249223,2002-07-21
7872,4.210563678405852,2002-07-22
7873,0.948794823252211,2002-07-23
7874,10.582618564706396,2002-07-24
7875,3.5126594130104936,2002-07-25
7876,0.5673379490312593,2002-07-26
7877,17.696164974648926,2002-07-27
7878,43.02889061857878,2002-07-28
7879,8.90446099077152,2002-07-29
7880,30.671022763406082,2002-07-30
7881,7.114138163904992,2002-07-31
7882,0.0,2002-08-01
7883,1.2702600202392622,2002-08-02
7884,0.887385467853714,2002-08-03
7885,7.0501326839245655,2002-08-04
7886,1.1978187285280648,2002-08-05
7887,2.3460610219110847,2002-08-06
7888,0.19054551132962852,2002-08-07
7889,0.0,2002-08-08
7890,0.0,2002-08-09
7891,0.01894906147484206,2002-08-10
7892,10.747747735753439,2002-08-11
7893,17.932552944474203,2002-08-12
7894,5.2629747401094855,2002-08-13
7895,0.14072435709038789,2002-08-14
7896,6.124102428693574,2002-08-15
7897,0.0,2002-08-16
7898,11.190794335949803,2002-08-17
7899,33.28947444389993,2002-08-18
7900,6.046938200584256,2002-08-19
7901,1.2536243113184953,2002-08-20
7902,3.0250131731229097,2002-08-21
7903,23.265438491172453,2002-08-22
7904,2.4837315168408702,2002-08-23
7905,6.337522455366477,2002-08-24
7906,6.730661809031914,2002-08-25
7907,0.0,2002-08-26
7908,1.3061103075200862,2002-08-27
7909,1.6734841322689114,2002-08-28
7910,39.11424772139519,2002-08-29
7911,13.021264789670795,2002-08-30
7912,13.893897943580606,2002-08-31
7913,6.636408254198314,2002-09-01
7914,1.4143199468428087,2002-09-02
7915,21.37478479844035,2002-09-03
7916,17.08421905296639,2002-09-04
7917,1.1499699370392606,2002-09-05
7918,8.68768629267069,2002-09-06
7919,12.032365834468271,2002-09-07
7920,22.547032842384397,2002-09-08
7921,9.436659528670774,2002-09-09
7922,28.347148301244825,2002-09-10
7923,17.026816392602104,2002-09-11
7924,14.298738735735942,2002-09-12
7925,9.920682930932365,2002-09-13
7926,2.3013303729446055,2002-09-14
7927,16.859935696062106,2002-09-15
7928,0.9278983438609283,2002-09-16
7929,0.5431803469224409,2002-09-17
7930,0.0,2002-09-18
7931,1.4730350379999781,2002-09-19
7932,25.573432311228643,2002-09-20
7933,9.602161844510837,2002-09-21
7934,4.350149789541699,2002-09-22
7935,11.696215648483328,2002-09-23
7936,19.221109940760996,2002-09-24
7937,4.937927203541979,2002-09-25
7938,7.31192513292486,2002-09-26
7939,12.594484182704578,2002-09-27
7940,20.769524583145323,2002-09-28
7941,25.307694295620283,2002-09-29
7942,9.604578566900797,2002-09-30
7943,14.08392406346162,2002-10-01
7944,16.729012491472307,2002-10-02
7945,20.60243646823067,2002-10-03
7946,15.92612237038151,2002-10-04
7947,12.3762145383337,2002-10-05
7948,2.7411683841604644,2002-10-06
7949,5.122184716389676,2002-10-07
7950,0.0,2002-10-08
7951,0.0,2002-10-09
7952,13.396565260229924,2002-10-10
7953,1.1590531260806445,2002-10-11
7954,20.414386027271796,2002-10-12
7955,0.0,2002-10-13
7956,3.118332370523134,2002-10-14
7957,0.4763508550582394,2002-10-15
7958,0.0,2002-10-16
7959,10.746406572850919,2002-10-17
7960,0.0,2002-10-18
7961,0.0,2002-10-19
7962,0.0,2002-10-20
7963,0.13020073336939658,2002-10-21
7964,16.557632718295995,2002-10-22
7965,0.0,2002-10-23
7966,0.0,2002-10-24
7967,0.0,2002-10-25
7968,0.0,2002-10-26
7969,17.586229375800087,2002-10-27
7970,0.0,2002-10-28
7971,15.754343021650122,2002-10-29
7972,3.521713308351131,2002-10-30
7973,25.072715536156714,2002-10-31
7974,21.700454763373322,2002-11-01
7975,1.3074755901325483,2002-11-02
7976,0.0,2002-11-03
7977,3.6877808254834847,2002-11-04
7978,0.0,2002-11-05
7979,0.002642844191744181,2002-11-06
7980,28.495274998393576,2002-11-07
7981,0.00421571121887028,2002-11-08
7982,1.1429307374926256,2002-11-09
7983,0.0,2002-11-10
7984,0.0,2002-11-11
7985,0.00259307883701716,2002-11-12
7986,64.09273647599206,2002-11-13
7987,0.0,2002-11-14
7988,0.0029388226372055993,2002-11-15
7989,0.0,2002-11-16
7990,0.007374325749461602,2002-11-17
7991,0.0,2002-11-18
7992,0.0,2002-11-19
7993,0.0,2002-11-20
7994,0.0030273480009822902,2002-11-21
7995,0.0,2002-11-22
7996,0.0,2002-11-23
7997,0.0,2002-11-24
7998,0.0,2002-11-25
7999,0.0,2002-11-26
8000,0.0,2002-11-27
8001,0.004301615963933056,2002-11-28
8002,0.0,2002-11-29
8003,0.0,2002-11-30
8004,0.6239658800108342,2002-12-01
8005,0.0,2002-12-02
8006,0.0,2002-12-03
8007,0.0,2002-12-04
8008,0.22318350288525357,2002-12-05
8009,0.24720784170536703,2002-12-06
8010,10.420118103782452,2002-12-07
8011,0.0,2002-12-08
8012,0.0,2002-12-09
8013,0.5944358953772402,2002-12-10
8014,0.0,2002-12-11
8015,0.0,2002-12-12
8016,0.9445278476759835,2002-12-13
8017,4.7885200065881275,2002-12-14
8018,0.0,2002-12-15
8019,0.0,2002-12-16
8020,2.800620106657929,2002-12-17
8021,0.0,2002-12-18
8022,0.0,2002-12-19
8023,2.1082226027631337,2002-12-20
8024,5.601798823641893,2002-12-21
8025,0.0,2002-12-22
8026,0.0,2002-12-23
8027,0.0,2002-12-24
8028,3.1173480009822905,2002-12-25
8029,7.379416734494073,2002-12-26
8030,0.0,2002-12-27
8031,20.128542809808014,2002-12-28
8032,10.728057581462469,2002-12-29
8033,0.0,2002-12-30
8034,0.0,2002-12-31
8035,7.361565925984089,2003-01-01
8036,0.0,2003-01-02
8037,15.289702943315254,2003-01-03
8038,0.3398879049530477,2003-01-04
8039,0.0,2003-01-05
8040,0.27543634789430504,2003-01-06
8041,5.646210194640845,2003-01-07
8042,1.5933413727052752,2003-01-08
8043,0.0,2003-01-09
8044,0.0,2003-01-10
8045,0.0,2003-01-11
8046,1.8028126960206243,2003-01-12
8047,4.564606918491576,2003-01-13
8048,8.234953424811714,2003-01-14
8049,0.0,2003-01-15
8050,0.0,2003-01-16
8051,5.331666681759518,2003-01-17
8052,0.0,2003-01-18
8053,0.5591558521583981,2003-01-19
8054,0.0,2003-01-20
8055,0.0,2003-01-21
8056,0.0,2003-01-22
8057,6.529638447999255,2003-01-23
8058,16.651278572138455,2003-01-24
8059,0.0,2003-01-25
8060,0.0,2003-01-26
8061,9.61889923187994,2003-01-27
8062,7.755973823692791,2003-01-28
8063,0.0,2003-01-29
8064,0.0,2003-01-30
8065,0.0,2003-01-31
8066,7.992379152320349,2003-02-01
8067,0.0,2003-02-02
8068,0.0,2003-02-03
8069,0.0,2003-02-04
8070,1.22568439229143,2003-02-05
8071,0.0,2003-02-06
8072,0.0,2003-02-07
8073,3.1190842111649055,2003-02-08
8074,0.0,2003-02-09
8075,0.0,2003-02-10
8076,2.5183735690578346,2003-02-11
8077,0.42526892194999627,2003-02-12
8078,8.769204520018572,2003-02-13
8079,0.0,2003-02-14
8080,0.0,2003-02-15
8081,0.0,2003-02-16
8082,15.272860992633,2003-02-17
8083,6.269420994146129,2003-02-18
8084,0.22114421858465916,2003-02-19
8085,0.0,2003-02-20
8086,6.694268527939873,2003-02-21
8087,0.0,2003-02-22
8088,0.03030815907587404,2003-02-23
8089,0.0,2003-02-24
8090,0.0,2003-02-25
8091,0.0,2003-02-26
8092,0.0,2003-02-27
8093,0.0,2003-02-28
8094,0.0,2003-03-01
8095,0.0,2003-03-02
8096,1.3919615605150153,2003-03-03
8097,0.0,2003-03-04
8098,0.0,2003-03-05
8099,0.0,2003-03-06
8100,0.0,2003-03-07
8101,0.0,2003-03-08
8102,0.0,2003-03-09
8103,0.0,2003-03-10
8104,0.0,2003-03-11
8105,0.0,2003-03-12
8106,0.0,2003-03-13
8107,0.0,2003-03-14
8108,0.0,2003-03-15
8109,11.992441283055417,2003-03-16
8110,0.0,2003-03-17
8111,0.0,2003-03-18
8112,0.0,2003-03-19
8113,0.0,2003-03-20
8114,0.0,2003-03-21
8115,0.0,2003-03-22
8116,17.534908830077768,2003-03-23
8117,0.0,2003-03-24
8118,0.0,2003-03-25
8119,6.207765543817426,2003-03-26
8120,24.43073945641169,2003-03-27
8121,0.0,2003-03-28
8122,10.695916920435394,2003-03-29
8123,61.72948062426883,2003-03-30
8124,0.0,2003-03-31
8125,0.0,2003-04-01
8126,0.0,2003-04-02
8127,0.0,2003-04-03
8128,0.0,2003-04-04
8129,0.0,2003-04-05
8130,0.0,2003-04-06
8131,0.0,2003-04-07
8132,0.0,2003-04-08
8133,20.882363200872874,2003-04-09
8134,0.0,2003-04-10
8135,0.0,2003-04-11
8136,0.0,2003-04-12
8137,0.14088088858512138,2003-04-13
8138,2.061273247804111,2003-04-14
8139,0.0,2003-04-15
8140,0.0,2003-04-16
8141,0.0,2003-04-17
8142,0.0,2003-04-18
8143,0.0,2003-04-19
8144,0.0,2003-04-20
8145,0.0,2003-04-21
8146,0.0,2003-04-22
8147,0.0,2003-04-23
8148,0.0,2003-04-24
8149,0.0,2003-04-25
8150,0.22868598921208091,2003-04-26
8151,0.0,2003-04-27
8152,3.655958454490057,2003-04-28
8153,0.0,2003-04-29
8154,0.3665840589965194,2003-04-30
8155,0.0,2003-05-01
8156,0.3849138980037656,2003-05-02
8157,3.9148862984732813,2003-05-03
8158,2.7702180598767985,2003-05-04
8159,0.0,2003-05-05
8160,0.0,2003-05-06
8161,0.0768894522770409,2003-05-07
8162,0.0,2003-05-08
8163,0.0,2003-05-09
8164,0.8814310653608217,2003-05-10
8165,0.0,2003-05-11
8166,0.0,2003-05-12
8167,4.162535457806854,2003-05-13
8168,11.595956635433211,2003-05-14
8169,3.6582302564889457,2003-05-15
8170,0.0,2003-05-16
8171,7.830791738264022,2003-05-17
8172,5.038250652841806,2003-05-18
8173,3.1629917647761685,2003-05-19
8174,2.5291138863004203,2003-05-20
8175,11.01152699087372,2003-05-21
8176,2.1309888808118975,2003-05-22
8177,0.6811268547063699,2003-05-23
8178,1.1492034635795525,2003-05-24
8179,0.03167275515469638,2003-05-25
8180,5.254124553406344,2003-05-26
8181,7.558804210120282,2003-05-27
8182,14.27206676312556,2003-05-28
8183,16.138204411173845,2003-05-29
8184,21.07090011551933,2003-05-30
8185,7.350437482738775,2003-05-31
8186,12.865858306157627,2003-06-01
8187,9.808951507817264,2003-06-02
8188,2.611783757699201,2003-06-03
8189,4.9047183640751335,2003-06-04
8190,9.12825861002343,2003-06-05
8191,23.149462985656832,2003-06-06
8192,3.6294818500899146,2003-06-07
8193,7.452232166693007,2003-06-08
8194,17.76971396205712,2003-06-09
8195,2.5148945320666365,2003-06-10
8196,0.0,2003-06-11
8197,0.3841024143744774,2003-06-12
8198,10.359102310281347,2003-06-13
8199,1.0957714379497987,2003-06-14
8200,1.7904000929723387,2003-06-15
8201,0.0,2003-06-16
8202,1.7227431683526362,2003-06-17
8203,27.03978225928948,2003-06-18
8204,18.659081115974352,2003-06-19
8205,17.815864102092306,2003-06-20
8206,3.603544520408877,2003-06-21
8207,13.520346533783725,2003-06-22
8208,12.57349531914831,2003-06-23
8209,4.700472065961957,2003-06-24
8210,25.542109957160843,2003-06-25
8211,3.672992718506419,2003-06-26
8212,21.875963027428323,2003-06-27
8213,3.6560112381540786,2003-06-28
8214,5.451778676880418,2003-06-29
8215,4.306120990616135,2003-06-30
8216,2.110859466452053,2003-07-01
8217,6.843230064453617,2003-07-02
8218,1.6895900401901291,2003-07-03
8219,0.0,2003-07-04
8220,12.334373606740552,2003-07-05
8221,13.576048564239684,2003-07-06
8222,22.437539598794974,2003-07-07
8223,5.890384741109137,2003-07-08
8224,10.456312047784976,2003-07-09
8225,0.0,2003-07-10
8226,1.4961279955217917,2003-07-11
8227,0.0,2003-07-12
8228,4.776388231736125,2003-07-13
8229,47.0315404193632,2003-07-14
8230,10.290068007550284,2003-07-15
8231,27.68656935375806,2003-07-16
8232,4.677743359674806,2003-07-17
8233,1.1878117231329868,2003-07-18
8234,0.01028585993299736,2003-07-19
8235,16.548866588698797,2003-07-20
8236,41.809011884281006,2003-07-21
8237,24.20457980460784,2003-07-22
8238,0.0,2003-07-23
8239,0.0,2003-07-24
8240,0.5144913243268592,2003-07-25
8241,20.62549390532754,2003-07-26
8242,13.498288420679984,2003-07-27
8243,42.2482112264773,2003-07-28
8244,6.263359426990634,2003-07-29
8245,3.318563671727335,2003-07-30
8246,0.008556312493914385,2003-07-31
8247,20.255104269547907,2003-08-01
8248,0.0,2003-08-02
8249,0.0,2003-08-03
8250,0.7070013787250016,2003-08-04
8251,1.7515092716049239,2003-08-05
8252,7.093293602515527,2003-08-06
8253,4.087442303906439,2003-08-07
8254,0.0,2003-08-08
8255,0.847985665693311,2003-08-09
8256,0.1813208871433113,2003-08-10
8257,5.86869893999743,2003-08-11
8258,4.614762963996955,2003-08-12
8259,19.765144547269486,2003-08-13
8260,3.897529776620725,2003-08-14
8261,9.628156500757616,2003-08-15
8262,13.379419070185111,2003-08-16
8263,11.581156672228818,2003-08-17
8264,2.0581524112846843,2003-08-18
8265,15.847731031966003,2003-08-19
8266,0.0,2003-08-20
8267,0.2757050076258148,2003-08-21
8268,7.867976329669226,2003-08-22
8269,3.983552546794814,2003-08-23
8270,1.9871265999802399,2003-08-24
8271,0.0,2003-08-25
8272,0.0,2003-08-26
8273,0.0,2003-08-27
8274,8.826338734207264,2003-08-28
8275,0.8072071893473874,2003-08-29
8276,21.705553483767236,2003-08-30
8277,14.786185579971134,2003-08-31
8278,7.209823022126455,2003-09-01
8279,15.883681451680022,2003-09-02
8280,3.206544447700299,2003-09-03
8281,8.028089497473934,2003-09-04
8282,0.0,2003-09-05
8283,0.0,2003-09-06
8284,9.780954584893596,2003-09-07
8285,13.471338515435496,2003-09-08
8286,0.22738563201993792,2003-09-09
8287,0.35466310731826295,2003-09-10
8288,0.0,2003-09-11
8289,0.431466091832807,2003-09-12
8290,9.597814720606875,2003-09-13
8291,35.846516808540606,2003-09-14
8292,7.921065823647285,2003-09-15
8293,20.61170292348107,2003-09-16
8294,2.4783726994802526,2003-09-17
8295,4.046417815999901,2003-09-18
8296,6.808663840112101,2003-09-19
8297,0.3890022863181106,2003-09-20
8298,13.928131300375258,2003-09-21
8299,1.5217870333886916,2003-09-22
8300,21.20711726345275,2003-09-23
8301,0.0,2003-09-24
8302,0.023201198410078925,2003-09-25
8303,5.525327610815726,2003-09-26
8304,8.537237647048194,2003-09-27
8305,4.539112569747435,2003-09-28
8306,19.49330512418775,2003-09-29
8307,23.930682686221218,2003-09-30
8308,24.4499958958444,2003-10-01
8309,3.6658942791024267,2003-10-02
8310,2.4195568005430386,2003-10-03
8311,1.6735024637071267,2003-10-04
8312,14.856257443358125,2003-10-05
8313,8.560668710641497,2003-10-06
8314,19.030865774853837,2003-10-07
8315,19.561654979756145,2003-10-08
8316,12.044347257698039,2003-10-09
8317,0.6979834214263648,2003-10-10
8318,2.6549941437545064,2003-10-11
8319,9.116454541102877,2003-10-12
8320,1.7011473046859338,2003-10-13
8321,0.9392199193837006,2003-10-14
8322,0.0,2003-10-15
8323,2.826885836648801,2003-10-16
8324,0.0,2003-10-17
8325,10.398521473960093,2003-10-18
8326,2.379660100852989,2003-10-19
8327,0.0,2003-10-20
8328,5.645561880575948,2003-10-21
8329,0.0,2003-10-22
8330,0.0,2003-10-23
8331,0.22515073731497937,2003-10-24
8332,0.0,2003-10-25
8333,0.0,2003-10-26
8334,0.0,2003-10-27
8335,14.902062383970557,2003-10-28
8336,0.04534308984482394,2003-10-29
8337,9.13070224129909,2003-10-30
8338,0.0,2003-10-31
8339,55.35302087123791,2003-11-01
8340,4.010727998839796,2003-11-02
8341,0.01798647603681011,2003-11-03
8342,0.0,2003-11-04
8343,0.17959810077969282,2003-11-05
8344,14.926115653745596,2003-11-06
8345,0.33463596869773526,2003-11-07
8346,65.03050204056096,2003-11-08
8347,14.932118509913472,2003-11-09
8348,57.617030316573775,2003-11-10
8349,20.94264659624295,2003-11-11
8350,3.0273190166663566,2003-11-12
8351,0.0,2003-11-13
8352,0.0,2003-11-14
8353,0.0,2003-11-15
8354,2.050108033848648,2003-11-16
8355,0.0,2003-11-17
8356,1.1713857701097417,2003-11-18
8357,1.9050761473982916,2003-11-19
8358,8.388057586412625,2003-11-20
8359,0.0,2003-11-21
8360,0.0,2003-11-22
8361,0.0,2003-11-23
8362,0.0,2003-11-24
8363,0.0,2003-11-25
8364,0.0,2003-11-26
8365,0.0,2003-11-27
8366,0.0,2003-11-28
8367,0.0,2003-11-29
8368,0.0,2003-11-30
8369,0.0,2003-12-01
8370,11.22649142905764,2003-12-02
8371,0.0,2003-12-03
8372,0.034200671690999586,2003-12-04
8373,0.0,2003-12-05
8374,0.0,2003-12-06
8375,2.032362191935788,2003-12-07
8376,0.0,2003-12-08
8377,0.0,2003-12-09
8378,0.0,2003-12-10
8379,0.0,2003-12-11
8380,0.0,2003-12-12
8381,0.0,2003-12-13
8382,1.3909133864148273,2003-12-14
8383,1.2607799976941776,2003-12-15
8384,0.0,2003-12-16
8385,15.60612526795731,2003-12-17
8386,0.33122145023513755,2003-12-18
8387,0.42238637046030886,2003-12-19
8388,0.0,2003-12-20
8389,0.0,2003-12-21
8390,0.09594351961465875,2003-12-22
8391,0.0,2003-12-23
8392,5.401471561644435,2003-12-24
8393,0.0,2003-12-25
8394,0.0,2003-12-26
8395,5.555491351354157,2003-12-27
8396,0.0,2003-12-28
8397,2.1065638324871787,2003-12-29
8398,5.985196966467715,2003-12-30
8399,4.2929422405807856,2003-12-31
8400,1.4586259396684484,2004-01-01
8401,0.03597269902830599,2004-01-02
8402,8.40157905793959,2004-01-03
8403,0.0,2004-01-04
8404,0.0,2004-01-05
8405,0.0,2004-01-06
8406,4.504701938880854,2004-01-07
8407,4.048225111416008,2004-01-08
8408,0.07761904878700235,2004-01-09
8409,0.044761799339674786,2004-01-10
8410,6.128589641369683,2004-01-11
8411,1.6867923933739537,2004-01-12
8412,0.0,2004-01-13
8413,9.270962564462792,2004-01-14
8414,0.0,2004-01-15
8415,0.0,2004-01-16
8416,0.0,2004-01-17
8417,0.0,2004-01-18
8418,0.0,2004-01-19
8419,10.747524055777406,2004-01-20
8420,0.0,2004-01-21
8421,2.1384132113694445,2004-01-22
8422,8.634586035652944,2004-01-23
8423,0.0,2004-01-24
8424,0.0,2004-01-25
8425,0.0,2004-01-26
8426,0.0,2004-01-27
8427,19.26974909678932,2004-01-28
8428,0.0,2004-01-29
8429,0.0,2004-01-30
8430,2.517376287018449,2004-01-31
8431,0.4258477761109204,2004-02-01
8432,0.0,2004-02-02
8433,2.7094158207426324,2004-02-03
8434,0.0,2004-02-04
8435,0.0,2004-02-05
8436,0.0,2004-02-06
8437,0.0,2004-02-07
8438,10.049999609524905,2004-02-08
8439,0.0,2004-02-09
8440,0.0,2004-02-10
8441,0.0,2004-02-11
8442,0.0,2004-02-12
8443,0.0,2004-02-13
8444,0.0,2004-02-14
8445,7.210789062676193,2004-02-15
8446,4.123002616513159,2004-02-16
8447,9.655262369074784,2004-02-17
8448,4.605690092662914,2004-02-18
8449,0.0,2004-02-19
8450,0.0,2004-02-20
8451,0.0,2004-02-21
8452,0.0,2004-02-22
8453,0.0,2004-02-23
8454,0.07690455089915883,2004-02-24
8455,0.0,2004-02-25
8456,0.0,2004-02-26
8457,0.0,2004-02-27
8458,0.0,2004-02-28
8459,0.0,2004-02-29
8460,1.5570904300219852,2004-03-01
8461,0.0,2004-03-02
8462,0.0,2004-03-03
8463,0.0,2004-03-04
8464,0.0,2004-03-05
8465,0.0,2004-03-06
8466,0.0,2004-03-07
8467,0.2805184000188654,2004-03-08
8468,0.0,2004-03-09
8469,0.7525652510679363,2004-03-10
8470,0.0,2004-03-11
8471,0.0,2004-03-12
8472,0.0,2004-03-13
8473,0.6291267873814378,2004-03-14
8474,0.0,2004-03-15
8475,0.0,2004-03-16
8476,0.0,2004-03-17
8477,0.0,2004-03-18
8478,0.0,2004-03-19
8479,2.788161818121186,2004-03-20
8480,0.0,2004-03-21
8481,5.2821643012989306,2004-03-22
8482,3.21237353976521,2004-03-23
8483,2.608738278279906,2004-03-24
8484,2.6988239482420986,2004-03-25
8485,0.828873410490601,2004-03-26
8486,0.2946722129642789,2004-03-27
8487,0.0,2004-03-28
8488,1.9009952993756516,2004-03-29
8489,0.6973399889713858,2004-03-30
8490,13.742274266352053,2004-03-31
8491,2.4591337868754817,2004-04-01
8492,0.0,2004-04-02
8493,1.7540456260614032,2004-04-03
8494,3.2323590733089054,2004-04-04
8495,0.0,2004-04-05
8496,0.0,2004-04-06
8497,0.0,2004-04-07
8498,7.93547408341662,2004-04-08
8499,5.986185943262321,2004-04-09
8500,10.531601081299991,2004-04-10
8501,3.1677591449284486,2004-04-11
8502,4.691495234469866,2004-04-12
8503,30.77411513409656,2004-04-13
8504,0.0,2004-04-14
8505,0.0,2004-04-15
8506,0.0,2004-04-16
8507,0.0,2004-04-17
8508,0.0,2004-04-18
8509,0.0,2004-04-19
8510,0.0,2004-04-20
8511,0.0,2004-04-21
8512,0.0,2004-04-22
8513,0.0,2004-04-23
8514,0.0,2004-04-24
8515,9.848603793211346,2004-04-25
8516,14.136817485496097,2004-04-26
8517,0.0,2004-04-27
8518,0.0,2004-04-28
8519,6.026133510472138,2004-04-29
8520,0.0,2004-04-30
8521,0.9025941246345944,2004-05-01
8522,40.48006338097134,2004-05-02
8523,0.0,2004-05-03
8524,3.2660815575675177,2004-05-04
8525,0.0,2004-05-05
8526,0.0,2004-05-06
8527,0.007829459461648444,2004-05-07
8528,0.0,2004-05-08
8529,0.0,2004-05-09
8530,0.0,2004-05-10
8531,0.24294241577998635,2004-05-11
8532,11.645527784593641,2004-05-12
8533,2.791602659197497,2004-05-13
8534,9.397053297593796,2004-05-14
8535,6.964685227849965,2004-05-15
8536,0.01586817632322787,2004-05-16
8537,0.0,2004-05-17
8538,24.14657484432119,2004-05-18
8539,20.172304276301364,2004-05-19
8540,5.12199297879798,2004-05-20
8541,0.0,2004-05-21
8542,0.1492115950933999,2004-05-22
8543,0.0,2004-05-23
8544,0.0,2004-05-24
8545,0.0,2004-05-25
8546,0.0,2004-05-26
8547,9.793294814409046,2004-05-27
8548,5.278565105874518,2004-05-28
8549,4.467744094395568,2004-05-29
8550,14.696490646149755,2004-05-30
8551,6.604151073159362,2004-05-31
8552,21.578881751365333,2004-06-01
8553,17.73276824366662,2004-06-02
8554,11.953218349641372,2004-06-03
8555,0.8048926007502939,2004-06-04
8556,0.04864177178078033,2004-06-05
8557,6.098163821033018,2004-06-06
8558,14.787461393921255,2004-06-07
8559,15.365483265818039,2004-06-08
8560,17.03829539161973,2004-06-09
8561,21.07454397844779,2004-06-10
8562,5.142994478371137,2004-06-11
8563,13.327205973174914,2004-06-12
8564,18.530696573453216,2004-06-13
8565,1.363351793974376,2004-06-14
8566,13.150810402313631,2004-06-15
8567,1.869640096709176,2004-06-16
8568,1.1775336131602088,2004-06-17
8569,0.5055288607354038,2004-06-18
8570,11.307688189587635,2004-06-19
8571,0.0,2004-06-20
8572,1.9396788616963494,2004-06-21
8573,2.2150346853726064,2004-06-22
8574,8.177199719504525,2004-06-23
8575,16.527802112556973,2004-06-24
8576,12.010716373563861,2004-06-25
8577,11.519054046865785,2004-06-26
8578,0.0,2004-06-27
8579,0.23752213497665275,2004-06-28
8580,33.74928031485103,2004-06-29
8581,3.025880107152497,2004-06-30
8582,22.608962257754417,2004-07-01
8583,0.2571915356924107,2004-07-02
8584,0.0,2004-07-03
8585,0.0,2004-07-04
8586,3.460285278191665,2004-07-05
8587,53.20181147094347,2004-07-06
8588,11.391881383716886,2004-07-07
8589,13.747488289606538,2004-07-08
8590,22.00997101456539,2004-07-09
8591,17.90988777831852,2004-07-10
8592,29.634839631525313,2004-07-11
8593,0.0,2004-07-12
8594,4.263888717550686,2004-07-13
8595,6.493272464506088,2004-07-14
8596,0.6789356796063286,2004-07-15
8597,0.0,2004-07-16
8598,6.7273555393163065,2004-07-17
8599,10.644492954837258,2004-07-18
8600,9.13797581110532,2004-07-19
8601,0.836550031980811,2004-07-20
8602,0.06902721424606188,2004-07-21
8603,21.654114748823325,2004-07-22
8604,2.308592250661766,2004-07-23
8605,1.6568995530025,2004-07-24
8606,0.47636278309080954,2004-07-25
8607,15.391116803160866,2004-07-26
8608,11.764659144857413,2004-07-27
8609,0.0,2004-07-28
8610,7.341273817079162,2004-07-29
8611,0.702397973124932,2004-07-30
8612,32.180230632793176,2004-07-31
8613,2.4574479084769996,2004-08-01
8614,2.474810960761263,2004-08-02
8615,7.271173792053178,2004-08-03
8616,3.1994717925594696,2004-08-04
8617,4.737641547865881,2004-08-05
8618,1.619200839520899,2004-08-06
8619,0.06440951227093024,2004-08-07
8620,0.013477520872770517,2004-08-08
8621,16.107105845985533,2004-08-09
8622,0.0,2004-08-10
8623,1.1301467705891628,2004-08-11
8624,0.009361733355480207,2004-08-12
8625,0.0,2004-08-13
8626,0.1826731971421899,2004-08-14
8627,10.790282962385156,2004-08-15
8628,8.576381208526074,2004-08-16
8629,0.007687096302110779,2004-08-17
8630,8.628754026798909,2004-08-18
8631,8.263748393688035,2004-08-19
8632,0.0,2004-08-20
8633,0.0960756249022274,2004-08-21
8634,6.231235643873467,2004-08-22
8635,2.244773906892346,2004-08-23
8636,17.139035083401588,2004-08-24
8637,15.730262647612,2004-08-25
8638,4.389129217265288,2004-08-26
8639,0.6893314089733136,2004-08-27
8640,5.214772906177554,2004-08-28
8641,1.1862003945605146,2004-08-29
8642,8.216112317143997,2004-08-30
8643,22.711495144583957,2004-08-31
8644,1.2230277330225163,2004-09-01
8645,0.26701872985034397,2004-09-02
8646,1.8311097996675372,2004-09-03
8647,1.4565326857916423,2004-09-04
8648,4.658912263405988,2004-09-05
8649,0.5515604338548051,2004-09-06
8650,5.187861915963138,2004-09-07
8651,6.06205273116439,2004-09-08
8652,18.241597188015486,2004-09-09
8653,0.0,2004-09-10
8654,2.330192874785393,2004-09-11
8655,0.0,2004-09-12
8656,7.870937670235063,2004-09-13
8657,0.0,2004-09-14
8658,30.637287743699872,2004-09-15
8659,2.364812781454182,2004-09-16
8660,7.526261622800855,2004-09-17
8661,1.5227746282225132,2004-09-18
8662,0.0,2004-09-19
8663,12.434915821741056,2004-09-20
8664,4.0056023258477715,2004-09-21
8665,2.0391232829499453,2004-09-22
8666,19.15807584740199,2004-09-23
8667,30.429280067622837,2004-09-24
8668,7.883817604853611,2004-09-25
8669,0.7106032398648976,2004-09-26
8670,30.074149587301214,2004-09-27
8671,12.5341585413242,2004-09-28
8672,2.33297285451917,2004-09-29
8673,10.804446854381617,2004-09-30
8674,1.1028067986496732,2004-10-01
8675,0.15885470158193818,2004-10-02
8676,17.135725906909034,2004-10-03
8677,6.001804598307681,2004-10-04
8678,15.35314920391855,2004-10-05
8679,4.901458454104114,2004-10-06
8680,26.409222619680378,2004-10-07
8681,1.1377310820828435,2004-10-08
8682,19.13388231338994,2004-10-09
8683,30.40408954659516,2004-10-10
8684,16.13122302158837,2004-10-11
8685,1.2100418907316548,2004-10-12
8686,5.232153139953392,2004-10-13
8687,0.0,2004-10-14
8688,11.001581547784665,2004-10-15
8689,0.03801946791036388,2004-10-16
8690,21.397004718612706,2004-10-17
8691,11.426155579922137,2004-10-18
8692,0.11243019104003907,2004-10-19
8693,0.0,2004-10-20
8694,0.0,2004-10-21
8695,0.0,2004-10-22
8696,0.0,2004-10-23
8697,0.0,2004-10-24
8698,0.0,2004-10-25
8699,0.0,2004-10-26
8700,0.0,2004-10-27
8701,0.0,2004-10-28
8702,0.0,2004-10-29
8703,0.0,2004-10-30
8704,0.0,2004-10-31
8705,0.0,2004-11-01
8706,0.448893916166423,2004-11-02
8707,0.04860273973683109,2004-11-03
8708,51.88986029085176,2004-11-04
8709,74.08424369991002,2004-11-05
8710,4.583969612569054,2004-11-06
8711,0.0,2004-11-07
8712,0.0,2004-11-08
8713,0.0,2004-11-09
8714,0.0,2004-11-10
8715,0.0,2004-11-11
8716,0.4363509598785132,2004-11-12
8717,0.03499755941178442,2004-11-13
8718,0.4232405971012507,2004-11-14
8719,0.997315448959552,2004-11-15
8720,1.7137737817848184,2004-11-16
8721,0.21173251001016838,2004-11-17
8722,0.021715977310784753,2004-11-18
8723,0.06146635101687523,2004-11-19
8724,0.0,2004-11-20
8725,0.0,2004-11-21
8726,1.6986229123537844,2004-11-22
8727,0.8405987324113371,2004-11-23
8728,0.6522055851049787,2004-11-24
8729,2.9452894623887853,2004-11-25
8730,3.7396242843415384,2004-11-26
8731,0.0,2004-11-27
8732,0.0,2004-11-28
8733,0.0,2004-11-29
8734,0.0,2004-11-30
8735,0.0,2004-12-01
8736,1.0699728563593978,2004-12-02
8737,0.0,2004-12-03
8738,0.0719940846966159,2004-12-04
8739,0.0,2004-12-05
8740,0.0,2004-12-06
8741,0.0,2004-12-07
8742,0.9762261523808903,2004-12-08
8743,0.0,2004-12-09
8744,0.0,2004-12-10
8745,6.09720596207202,2004-12-11
8746,9.775128503838593,2004-12-12
8747,0.0,2004-12-13
8748,4.788842309213455,2004-12-14
8749,0.0,2004-12-15
8750,0.0,2004-12-16
8751,0.0,2004-12-17
8752,0.0,2004-12-18
8753,0.0,2004-12-19
8754,5.257688998197181,2004-12-20
8755,0.0,2004-12-21
8756,0.0,2004-12-22
8757,0.0,2004-12-23
8758,0.0,2004-12-24
8759,6.6667106788808645,2004-12-25
8760,11.836158604412136,2004-12-26
8761,0.0,2004-12-27
8762,0.0,2004-12-28
8763,0.0,2004-12-29
8764,0.12998665955059688,2004-12-30
8765,0.0,2004-12-31
8766,0.0,2005-01-01
8767,0.0,2005-01-02
8768,4.049820795310906,2005-01-03
8769,9.302055685653018,2005-01-04
8770,0.0,2005-01-05
8771,0.0,2005-01-06
8772,0.0,2005-01-07
8773,0.0,2005-01-08
8774,18.239866332840013,2005-01-09
8775,6.371918931245105,2005-01-10
8776,0.0,2005-01-11
8777,0.0,2005-01-12
8778,0.0,2005-01-13
8779,10.339897271097579,2005-01-14
8780,0.5985102394529103,2005-01-15
8781,0.0,2005-01-16
8782,1.6123239785415335,2005-01-17
8783,2.168609586531116,2005-01-18
8784,4.107948149376251,2005-01-19
8785,0.0,2005-01-20
8786,0.0,2005-01-21
8787,0.0,2005-01-22
8788,0.0,2005-01-23
8789,9.37865944691767,2005-01-24
8790,5.892717144817901,2005-01-25
8791,2.0125621152693225,2005-01-26
8792,0.0,2005-01-27
8793,0.0,2005-01-28
8794,8.995030800883718,2005-01-29
8795,0.8488047277053431,2005-01-30
8796,0.0,2005-01-31
8797,0.0,2005-02-01
8798,0.0,2005-02-02
8799,2.7488719130820893,2005-02-03
8800,9.770604046866342,2005-02-04
8801,0.0,2005-02-05
8802,0.0,2005-02-06
8803,1.536770753776573,2005-02-07
8804,0.0,2005-02-08
8805,0.0,2005-02-09
8806,0.0,2005-02-10
8807,7.825851242059837,2005-02-11
8808,0.7354004304499921,2005-02-12
8809,0.0,2005-02-13
8810,0.0,2005-02-14
8811,0.0,2005-02-15
8812,0.0,2005-02-16
8813,1.3031193795861387,2005-02-17
8814,0.0,2005-02-18
8815,0.0,2005-02-19
8816,0.0,2005-02-20
8817,0.0,2005-02-21
8818,0.0,2005-02-22
8819,0.0,2005-02-23
8820,0.0,2005-02-24
8821,5.232831109360166,2005-02-25
8822,0.0,2005-02-26
8823,0.0,2005-02-27
8824,0.0,2005-02-28
8825,0.0,2005-03-01
8826,0.0,2005-03-02
8827,5.041044236208337,2005-03-03
8828,0.0,2005-03-04
8829,0.0,2005-03-05
8830,0.0,2005-03-06
8831,6.923579648792568,2005-03-07
8832,3.569757267205247,2005-03-08
8833,0.0,2005-03-09
8834,30.024989165085152,2005-03-10
8835,10.73723462759225,2005-03-11
8836,0.0,2005-03-12
8837,0.0,2005-03-13
8838,0.0,2005-03-14
8839,0.0,2005-03-15
8840,0.0,2005-03-16
8841,0.0,2005-03-17
8842,24.624238877729937,2005-03-18
8843,0.0,2005-03-19
8844,17.3638042000242,2005-03-20
8845,6.072158106722791,2005-03-21
8846,12.058853274552355,2005-03-22
8847,1.140862604683795,2005-03-23
8848,0.0,2005-03-24
8849,2.766508761473066,2005-03-25
8850,3.437153566422001,2005-03-26
8851,0.33165063270725464,2005-03-27
8852,15.74836805047178,2005-03-28
8853,0.0,2005-03-29
8854,1.6398811721801758,2005-03-30
8855,0.03942219781735775,2005-03-31
8856,0.5529385301025034,2005-04-01
8857,23.072848690234316,2005-04-02
8858,0.0,2005-04-03
8859,0.0,2005-04-04
8860,0.0,2005-04-05
8861,0.0,2005-04-06
8862,0.0,2005-04-07
8863,1.6304970799163638,2005-04-08
8864,0.0,2005-04-09
8865,0.0,2005-04-10
8866,0.0,2005-04-11
8867,0.0,2005-04-12
8868,10.921858182330984,2005-04-13
8869,0.0,2005-04-14
8870,4.34232721127373,2005-04-15
8871,0.0,2005-04-16
8872,0.0,2005-04-17
8873,0.0,2005-04-18
8874,0.0,2005-04-19
8875,0.0,2005-04-20
8876,0.0,2005-04-21
8877,0.0,2005-04-22
8878,0.6965709930710778,2005-04-23
8879,16.90246155543061,2005-04-24
8880,0.0,2005-04-25
8881,0.20468987146081113,2005-04-26
8882,0.0,2005-04-27
8883,3.6056773029114852,2005-04-28
8884,0.0,2005-04-29
8885,0.0,2005-04-30
8886,0.2682223554510525,2005-05-01
8887,0.0,2005-05-02
8888,0.0,2005-05-03
8889,13.548308899269776,2005-05-04
8890,4.9586122953437295,2005-05-05
8891,0.0,2005-05-06
8892,0.0,2005-05-07
8893,0.0,2005-05-08
8894,5.7558117565451505,2005-05-09
8895,2.4146956041761163,2005-05-10
8896,12.80698003880789,2005-05-11
8897,4.668551932471939,2005-05-12
8898,0.07948279011634088,2005-05-13
8899,0.029315508761363993,2005-05-14
8900,2.274299979391685,2005-05-15
8901,5.821108356556935,2005-05-16
8902,6.504455033411375,2005-05-17
8903,0.8978455318453724,2005-05-18
8904,3.6877031230786677,2005-05-19
8905,0.5547828601322566,2005-05-20
8906,0.0,2005-05-21
8907,3.1506120952063648,2005-05-22
8908,3.1581132001960732,2005-05-23
8909,12.784865664554832,2005-05-24
8910,7.213766582424692,2005-05-25
8911,3.795646262406604,2005-05-26
8912,14.294574386786858,2005-05-27
8913,7.772240432378483,2005-05-28
8914,4.764163721481728,2005-05-29
8915,2.172143460242979,2005-05-30
8916,4.8372465698320495,2005-05-31
8917,8.626257328399815,2005-06-01
8918,0.0,2005-06-02
8919,4.601511143141828,2005-06-03
8920,4.480501536316187,2005-06-04
8921,4.739274287069998,2005-06-05
8922,5.205957792539402,2005-06-06
8923,9.313833769101901,2005-06-07
8924,0.857515861701406,2005-06-08
8925,0.009174534861992531,2005-06-09
8926,0.0,2005-06-10
8927,7.607599031302938,2005-06-11
8928,4.761278790336902,2005-06-12
8929,27.562144144902835,2005-06-13
8930,32.25325443122394,2005-06-14
8931,17.001157975686258,2005-06-15
8932,15.127549933268526,2005-06-16
8933,17.521620417564147,2005-06-17
8934,16.84267941872046,2005-06-18
8935,18.831169070694113,2005-06-19
8936,24.879537933271305,2005-06-20
8937,19.416656721680038,2005-06-21
8938,33.69496613975143,2005-06-22
8939,35.05479216824528,2005-06-23
8940,30.50467507628052,2005-06-24
8941,3.206534491871808,2005-06-25
8942,2.935052034260591,2005-06-26
8943,32.508759974706216,2005-06-27
8944,20.81955297274324,2005-06-28
8945,3.992397045236179,2005-06-29
8946,12.435464764508332,2005-06-30
8947,8.115922148696137,2005-07-01
8948,7.977473582270555,2005-07-02
8949,11.398168642709683,2005-07-03
8950,5.204697788355987,2005-07-04
8951,13.682711786902198,2005-07-05
8952,1.8162812327779283,2005-07-06
8953,29.28668910974632,2005-07-07
8954,0.0,2005-07-08
8955,1.2979734509711391,2005-07-09
8956,10.679646228415526,2005-07-10
8957,24.489219687061926,2005-07-11
8958,22.01563031529401,2005-07-12
8959,31.731175452033792,2005-07-13
8960,13.130501027512757,2005-07-14
8961,27.418281028725186,2005-07-15
8962,24.58018516003561,2005-07-16
8963,11.544785506340766,2005-07-17
8964,14.020564672548401,2005-07-18
8965,13.774793921495815,2005-07-19
8966,6.3688110851891935,2005-07-20
8967,0.2763102227711608,2005-07-21
8968,0.0,2005-07-22
8969,0.0,2005-07-23
8970,38.98737281614733,2005-07-24
8971,5.532632013080407,2005-07-25
8972,13.344810327518724,2005-07-26
8973,18.634956266677275,2005-07-27
8974,4.3485913505442335,2005-07-28
8975,9.018603584535663,2005-07-29
8976,3.9304575435157396,2005-07-30
8977,0.24626804351806644,2005-07-31
8978,0.11255002413327395,2005-08-01
8979,11.800391263514319,2005-08-02
8980,11.592275211468472,2005-08-03
8981,2.943855112444971,2005-08-04
8982,9.420391277413916,2005-08-05
8983,10.689997652646737,2005-08-06
8984,20.124103178432613,2005-08-07
8985,0.8552716885284247,2005-08-08
8986,2.7934691414315678,2005-08-09
8987,4.791118050376691,2005-08-10
8988,3.170081058821021,2005-08-11
8989,24.804139771894974,2005-08-12
8990,9.135508307012294,2005-08-13
8991,7.588409643396957,2005-08-14
8992,18.328879682870895,2005-08-15
8993,26.17262115316307,2005-08-16
8994,20.81237858260482,2005-08-17
8995,9.020665144263123,2005-08-18
8996,39.95996318352886,2005-08-19
8997,27.330390382694006,2005-08-20
8998,20.345868010702716,2005-08-21
8999,0.0,2005-08-22
9000,20.32056770665904,2005-08-23
9001,14.604295257948714,2005-08-24
9002,9.848233946131822,2005-08-25
9003,1.4621764806708286,2005-08-26
9004,0.0,2005-08-27
9005,0.896399038040743,2005-08-28
9006,15.388279977725754,2005-08-29
9007,13.211034315478422,2005-08-30
9008,18.560564646063657,2005-08-31
9009,7.514135286157779,2005-09-01
9010,12.101215856082282,2005-09-02
9011,3.9699452370562507,2005-09-03
9012,8.910435335349478,2005-09-04
9013,0.9336007567794442,2005-09-05
9014,10.615123594541355,2005-09-06
9015,0.006136725305462163,2005-09-07
9016,3.518869597778991,2005-09-08
9017,5.924290178248609,2005-09-09
9018,21.805221989427498,2005-09-10
9019,21.647897578488347,2005-09-11
9020,0.7747105420020319,2005-09-12
9021,5.356070497630279,2005-09-13
9022,16.521510062063893,2005-09-14
9023,12.202447379495393,2005-09-15
9024,18.858103692342805,2005-09-16
9025,17.57284491477474,2005-09-17
9026,0.035163556935150955,2005-09-18
9027,1.1085587144667104,2005-09-19
9028,6.912773514045648,2005-09-20
9029,3.7578196245903848,2005-09-21
9030,17.49966927967463,2005-09-22
9031,27.19720837198745,2005-09-23
9032,14.971301877869193,2005-09-24
9033,30.734590419758106,2005-09-25
9034,7.553462694285551,2005-09-26
9035,20.477079795658415,2005-09-27
9036,4.721721218604148,2005-09-28
9037,19.796344428719664,2005-09-29
9038,0.7903829473624132,2005-09-30
9039,6.433244600729509,2005-10-01
9040,0.0,2005-10-02
9041,19.072217830506936,2005-10-03
9042,20.931909785620274,2005-10-04
9043,26.524954621043733,2005-10-05
9044,30.586663399917292,2005-10-06
9045,44.80335558832567,2005-10-07
9046,37.452648847585564,2005-10-08
9047,0.21537956590177026,2005-10-09
9048,11.065487722022093,2005-10-10
9049,1.0186355569565402,2005-10-11
9050,0.0,2005-10-12
9051,0.6021485470187279,2005-10-13
9052,0.0,2005-10-14
9053,0.0,2005-10-15
9054,0.0,2005-10-16
9055,0.0,2005-10-17
9056,0.0,2005-10-18
9057,0.0,2005-10-19
9058,2.768361047985268,2005-10-20
9059,0.0,2005-10-21
9060,0.0,2005-10-22
9061,0.0,2005-10-23
9062,0.0,2005-10-24
9063,0.0,2005-10-25
9064,0.0,2005-10-26
9065,0.0,2005-10-27
9066,0.0,2005-10-28
9067,0.0,2005-10-29
9068,0.0,2005-10-30
9069,1.4524386973115355,2005-10-31
9070,9.570427345040954,2005-11-01
9071,0.0,2005-11-02
9072,0.03910643949536634,2005-11-03
9073,0.0,2005-11-04
9074,0.0,2005-11-05
9075,0.0,2005-11-06
9076,13.579645929084842,2005-11-07
9077,10.307967844960283,2005-11-08
9078,2.8225913024018596,2005-11-09
9079,4.954068355448435,2005-11-10
9080,9.791289993017648,2005-11-11
9081,0.0,2005-11-12
9082,0.0,2005-11-13
9083,1.5882292038534394,2005-11-14
9084,0.0,2005-11-15
9085,0.004770224674705887,2005-11-16
9086,3.3817756128730663,2005-11-17
9087,3.031942496761199,2005-11-18
9088,0.0,2005-11-19
9089,0.0,2005-11-20
9090,3.3452232412858454,2005-11-21
9091,8.816747337827936,2005-11-22
9092,0.0,2005-11-23
9093,0.0,2005-11-24
9094,0.0,2005-11-25
9095,0.0,2005-11-26
9096,0.0,2005-11-27
9097,0.0,2005-11-28
9098,0.03871752294277516,2005-11-29
9099,12.80985591935971,2005-11-30
9100,0.0,2005-12-01
9101,1.2795496485589888,2005-12-02
9102,0.0,2005-12-03
9103,0.0,2005-12-04
9104,0.0,2005-12-05
9105,0.0,2005-12-06
9106,0.0,2005-12-07
9107,2.3819618969019563,2005-12-08
9108,2.490383028494648,2005-12-09
9109,3.6099369543109128,2005-12-10
9110,1.687950515677153,2005-12-11
9111,0.15500212725306536,2005-12-12
9112,0.0,2005-12-13
9113,0.0,2005-12-14
9114,0.0,2005-12-15
9115,0.0,2005-12-16
9116,0.07631196662477734,2005-12-17
9117,0.0,2005-12-18
9118,1.372292105095827,2005-12-19
9119,1.5719317389932894,2005-12-20
9120,4.9609760010627015,2005-12-21
9121,0.0,2005-12-22
9122,0.0,2005-12-23
9123,0.0,2005-12-24
9124,0.0,2005-12-25
9125,0.0,2005-12-26
9126,0.0,2005-12-27
9127,0.0,2005-12-28
9128,0.0,2005-12-29
9129,19.64194003524669,2005-12-30
9130,24.28830858269744,2005-12-31
9131,20.44322254818556,2006-01-01
9132,0.0,2006-01-02
9133,0.0,2006-01-03
9134,3.304454647858472,2006-01-04
9135,0.4397278866809834,2006-01-05
9136,157.9113973978887,2006-01-06
9137,0.0,2006-01-07
9138,0.0,2006-01-08
9139,0.0,2006-01-09
9140,0.0,2006-01-10
9141,0.0,2006-01-11
9142,0.0,2006-01-12
9143,0.0,2006-01-13
9144,0.0,2006-01-14
9145,0.0,2006-01-15
9146,0.0,2006-01-16
9147,0.0,2006-01-17
9148,0.0,2006-01-18
9149,0.0,2006-01-19
9150,0.0,2006-01-20
9151,0.0,2006-01-21
9152,0.0,2006-01-22
9153,0.7258650883201979,2006-01-23
9154,0.0,2006-01-24
9155,0.0,2006-01-25
9156,0.0,2006-01-26
9157,0.0,2006-01-27
9158,0.0,2006-01-28
9159,0.0,2006-01-29
9160,0.0,2006-01-30
9161,29.766472430970314,2006-01-31
9162,0.0,2006-02-01
9163,0.0,2006-02-02
9164,0.03427681276875158,2006-02-03
9165,59.347298809622046,2006-02-04
9166,17.984219861296264,2006-02-05
9167,0.0,2006-02-06
9168,0.0,2006-02-07
9169,0.0,2006-02-08
9170,0.0,2006-02-09
9171,0.0,2006-02-10
9172,0.0,2006-02-11
9173,0.0,2006-02-12
9174,0.0,2006-02-13
9175,0.0,2006-02-14
9176,0.0,2006-02-15
9177,0.0,2006-02-16
9178,0.0,2006-02-17
9179,0.0,2006-02-18
9180,0.0,2006-02-19
9181,0.0,2006-02-20
9182,0.0,2006-02-21
9183,0.0,2006-02-22
9184,0.0,2006-02-23
9185,0.0,2006-02-24
9186,0.0,2006-02-25
9187,0.0,2006-02-26
9188,0.0,2006-02-27
9189,0.0,2006-02-28
9190,0.0,2006-03-01
9191,0.0,2006-03-02
9192,0.0,2006-03-03
9193,2.987694791670769,2006-03-04
9194,3.723260087910985,2006-03-05
9195,3.1309770527892793,2006-03-06
9196,0.0,2006-03-07
9197,0.0,2006-03-08
9198,0.0,2006-03-09
9199,0.0,2006-03-10
9200,0.0,2006-03-11
9201,0.0,2006-03-12
9202,0.0,2006-03-13
9203,0.0,2006-03-14
9204,5.436045116469309,2006-03-15
9205,0.669906679835837,2006-03-16
9206,0.0,2006-03-17
9207,0.0,2006-03-18
9208,0.0,2006-03-19
9209,0.0,2006-03-20
9210,0.0,2006-03-21
9211,0.0,2006-03-22
9212,0.0,2006-03-23
9213,16.08277510766059,2006-03-24
9214,8.759976164127027,2006-03-25
9215,23.13666069612475,2006-03-26
9216,3.1411780935438496,2006-03-27
9217,0.3199536113794948,2006-03-28
9218,0.0,2006-03-29
9219,0.43797282926497927,2006-03-30
9220,3.0337027686502225,2006-03-31
9221,0.0,2006-04-01
9222,0.0,2006-04-02
9223,0.0,2006-04-03
9224,0.0,2006-04-04
9225,0.0,2006-04-05
9226,0.0,2006-04-06
9227,0.0,2006-04-07
9228,0.14026254284766412,2006-04-08
9229,0.0,2006-04-09
9230,0.0,2006-04-10
9231,0.0,2006-04-11
9232,0.0,2006-04-12
9233,0.0,2006-04-13
9234,0.0,2006-04-14
9235,1.8764220407491554,2006-04-15
9236,0.0,2006-04-16
9237,0.0,2006-04-17
9238,0.0,2006-04-18
9239,0.0,2006-04-19
9240,5.913753093093021,2006-04-20
9241,3.0863452863833074,2006-04-21
9242,0.3016085352296354,2006-04-22
9243,9.710961477218136,2006-04-23
9244,21.277566822980507,2006-04-24
9245,36.09292588510822,2006-04-25
9246,2.0374635549304774,2006-04-26
9247,0.0,2006-04-27
9248,0.9907451111130702,2006-04-28
9249,0.0,2006-04-29
9250,0.0,2006-04-30
9251,0.5372094632103996,2006-05-01
9252,0.977229476352591,2006-05-02
9253,0.04475904143800484,2006-05-03
9254,2.0194752200397925,2006-05-04
9255,0.0,2006-05-05
9256,0.0,2006-05-06
9257,0.0,2006-05-07
9258,0.47711347592541203,2006-05-08
9259,0.5106248408468588,2006-05-09
9260,2.3831210010981634,2006-05-10
9261,8.977213023065474,2006-05-11
9262,13.679903586043636,2006-05-12
9263,5.278455252549514,2006-05-13
9264,15.80809804357042,2006-05-14
9265,1.0192423646121431,2006-05-15
9266,5.584179295878258,2006-05-16
9267,0.8881955053379809,2006-05-17
9268,4.203566552914483,2006-05-18
9269,2.643285792090676,2006-05-19
9270,4.982961557953239,2006-05-20
9271,0.0,2006-05-21
9272,27.924562165772112,2006-05-22
9273,19.2205819228947,2006-05-23
9274,5.919483473601579,2006-05-24
9275,0.6581453036422953,2006-05-25
9276,6.466740396952699,2006-05-26
9277,25.34631981097359,2006-05-27
9278,34.17126497822424,2006-05-28
9279,3.7326391713150784,2006-05-29
9280,15.8143563977015,2006-05-30
9281,18.32276214571643,2006-05-31
9282,22.023046168162335,2006-06-01
9283,0.8707792455499822,2006-06-02
9284,51.22873127598916,2006-06-03
9285,12.941710500968867,2006-06-04
9286,20.13861229692386,2006-06-05
9287,6.520823908159811,2006-06-06
9288,0.678619867084313,2006-06-07
9289,37.566366381379524,2006-06-08
9290,85.3447776635581,2006-06-09
9291,12.677779239811159,2006-06-10
9292,0.3606274436995431,2006-06-11
9293,1.3124035286833462,2006-06-12
9294,11.827229487399553,2006-06-13
9295,7.9942610593275605,2006-06-14
9296,52.60408770452148,2006-06-15
9297,5.6685815423534756,2006-06-16
9298,7.099307126635332,2006-06-17
9299,5.350798933135449,2006-06-18
9300,1.8935346301909417,2006-06-19
9301,0.8599492419849744,2006-06-20
9302,7.664297117977198,2006-06-21
9303,2.252727525436983,2006-06-22
9304,39.59462288663534,2006-06-23
9305,1.4766916808075221,2006-06-24
9306,0.0,2006-06-25
9307,25.469118201124356,2006-06-26
9308,0.25369619419847417,2006-06-27
9309,11.510553620581753,2006-06-28
9310,5.353858350546829,2006-06-29
9311,0.024643218412427257,2006-06-30
9312,0.8762907172787574,2006-07-01
9313,6.946335391690655,2006-07-02
9314,17.08126348631123,2006-07-03
9315,10.12555524090518,2006-07-04
9316,0.9126803754991102,2006-07-05
9317,12.6701050134698,2006-07-06
9318,8.300221406147978,2006-07-07
9319,0.0,2006-07-08
9320,3.7212979769776635,2006-07-09
9321,23.362297305669255,2006-07-10
9322,4.036254766805431,2006-07-11
9323,10.753523060667193,2006-07-12
9324,7.360608717227611,2006-07-13
9325,11.902373308673981,2006-07-14
9326,3.3781806550347566,2006-07-15
9327,0.5129900310885521,2006-07-16
9328,28.166274755483496,2006-07-17
9329,0.0,2006-07-18
9330,10.306065875637914,2006-07-19
9331,56.72675315722693,2006-07-20
9332,20.79397806738129,2006-07-21
9333,19.543589688074547,2006-07-22
9334,24.170569907772926,2006-07-23
9335,1.3684208471264658,2006-07-24
9336,0.0,2006-07-25
9337,0.0,2006-07-26
9338,0.0,2006-07-27
9339,0.8989726770798132,2006-07-28
9340,15.243097304235103,2006-07-29
9341,19.318203386295576,2006-07-30
9342,4.24731374301519,2006-07-31
9343,1.3485554550959569,2006-08-01
9344,4.152391854842737,2006-08-02
9345,7.754687898054151,2006-08-03
9346,15.587141962806502,2006-08-04
9347,14.084045520681789,2006-08-05
9348,10.050721653297854,2006-08-06
9349,2.3594254073229703,2006-08-07
9350,0.7798343796604191,2006-08-08
9351,14.861656969803168,2006-08-09
9352,7.5126898533437965,2006-08-10
9353,1.2416271127493852,2006-08-11
9354,4.446444442474948,2006-08-12
9355,7.800113348387553,2006-08-13
9356,20.08218041003275,2006-08-14
9357,0.7994037672921009,2006-08-15
9358,0.0,2006-08-16
9359,0.0,2006-08-17
9360,0.0,2006-08-18
9361,4.0689094729996835,2006-08-19
9362,17.279048594477597,2006-08-20
9363,6.9496424405945385,2006-08-21
9364,11.942966851265199,2006-08-22
9365,2.4211211100072103,2006-08-23
9366,3.6275685364899393,2006-08-24
9367,3.6399128722305516,2006-08-25
9368,7.415556970607498,2006-08-26
9369,0.0,2006-08-27
9370,2.271903443168685,2006-08-28
9371,6.230453599429199,2006-08-29
9372,14.105315536851407,2006-08-30
9373,9.829944434333756,2006-08-31
9374,13.07879391538782,2006-09-01
9375,3.1870887093809697,2006-09-02
9376,8.196527797945084,2006-09-03
9377,13.149804337437201,2006-09-04
9378,14.818723157284193,2006-09-05
9379,8.359284433968956,2006-09-06
9380,0.7082848145045841,2006-09-07
9381,0.14462803977675454,2006-09-08
9382,5.377308185834688,2006-09-09
9383,12.176567945144743,2006-09-10
9384,10.548815011922215,2006-09-11
9385,30.391681870043804,2006-09-12
9386,6.197232902336679,2006-09-13
9387,0.053614669531321595,2006-09-14
9388,2.249699822115409,2006-09-15
9389,0.6603672112887207,2006-09-16
9390,10.45085142608262,2006-09-17
9391,11.352270893645073,2006-09-18
9392,20.45144691366604,2006-09-19
9393,15.473065828088439,2006-09-20
9394,1.1369235454906115,2006-09-21
9395,10.752803966852232,2006-09-22
9396,12.196913071545689,2006-09-23
9397,11.793934448611353,2006-09-24
9398,0.6998424990925272,2006-09-25
9399,0.0,2006-09-26
9400,0.0,2006-09-27
9401,0.0,2006-09-28
9402,0.0,2006-09-29
9403,2.829613057021871,2006-09-30
9404,0.0,2006-10-01
9405,9.28430221445749,2006-10-02
9406,16.209105134499737,2006-10-03
9407,9.033754883204038,2006-10-04
9408,23.590148056399443,2006-10-05
9409,13.36058311297397,2006-10-06
9410,24.485687985070637,2006-10-07
9411,0.6617310756112824,2006-10-08
9412,3.227049232717833,2006-10-09
9413,12.476414433196844,2006-10-10
9414,0.04353067795202529,2006-10-11
9415,0.0,2006-10-12
9416,0.6011436967486161,2006-10-13
9417,3.866874773523325,2006-10-14
9418,0.9474282108374006,2006-10-15
9419,0.0,2006-10-16
9420,0.0,2006-10-17
9421,0.0,2006-10-18
9422,12.877552310210872,2006-10-19
9423,2.0785836062613123,2006-10-20
9424,15.223843408567815,2006-10-21
9425,2.8130485130824656,2006-10-22
9426,8.997781735193692,2006-10-23
9427,37.5698904470964,2006-10-24
9428,0.4224826345136089,2006-10-25
9429,0.0,2006-10-26
9430,0.0,2006-10-27
9431,30.68337833387762,2006-10-28
9432,0.008570075105012686,2006-10-29
9433,0.0,2006-10-30
9434,0.0,2006-10-31
9435,0.24146100912625487,2006-11-01
9436,1.7064465351328473,2006-11-02
9437,6.173873739158653,2006-11-03
9438,6.6346685345781165,2006-11-04
9439,0.0,2006-11-05
9440,0.0,2006-11-06
9441,0.0,2006-11-07
9442,0.005317351489472599,2006-11-08
9443,0.0,2006-11-09
9444,0.3789676492165261,2006-11-10
9445,0.5342331585926045,2006-11-11
9446,55.25543066827433,2006-11-12
9447,0.0,2006-11-13
9448,0.0,2006-11-14
9449,0.7815408248286095,2006-11-15
9450,29.03480407854679,2006-11-16
9451,0.7422290295939292,2006-11-17
9452,0.0,2006-11-18
9453,1.4069070307320513,2006-11-19
9454,5.893478329985723,2006-11-20
9455,0.6698298157415082,2006-11-21
9456,0.0989718472573065,2006-11-22
9457,0.0,2006-11-23
9458,0.0,2006-11-24
9459,0.0,2006-11-25
9460,0.0,2006-11-26
9461,1.362231259332025,2006-11-27
9462,0.0,2006-11-28
9463,0.0,2006-11-29
9464,0.0,2006-11-30
9465,7.634722504545867,2006-12-01
9466,13.917145522249061,2006-12-02
9467,0.3259049185140392,2006-12-03
9468,7.522685000036468,2006-12-04
9469,7.511176271466566,2006-12-05
9470,0.3287651452151212,2006-12-06
9471,0.0,2006-12-07
9472,2.305914826127441,2006-12-08
9473,2.5388593653849494,2006-12-09
9474,0.2431020547637492,2006-12-10
9475,0.987131263028142,2006-12-11
9476,0.0,2006-12-12
9477,0.0,2006-12-13
9478,0.0,2006-12-14
9479,0.04586449407762097,2006-12-15
9480,0.0,2006-12-16
9481,0.0,2006-12-17
9482,0.0,2006-12-18
9483,2.48726921786311,2006-12-19
9484,6.733924028446945,2006-12-20
9485,0.0,2006-12-21
9486,0.0,2006-12-22
9487,0.0,2006-12-23
9488,0.7722223918109347,2006-12-24
9489,8.529672958676068,2006-12-25
9490,15.461655563035672,2006-12-26
9491,0.0,2006-12-27
9492,0.0,2006-12-28
9493,0.0,2006-12-29
9494,0.0,2006-12-30
9495,0.0,2006-12-31
9496,0.0,2007-01-01
9497,8.796189283499618,2007-01-02
9498,3.7769990992336324,2007-01-03
9499,0.0,2007-01-04
9500,0.0,2007-01-05
9501,0.0,2007-01-06
9502,0.0,2007-01-07
9503,7.266636662720937,2007-01-08
9504,8.875132371980776,2007-01-09
9505,5.101564075016905,2007-01-10
9506,10.087257373675575,2007-01-11
9507,0.0,2007-01-12
9508,1.137894944389545,2007-01-13
9509,0.046651793644924666,2007-01-14
9510,0.0,2007-01-15
9511,5.125023268394806,2007-01-16
9512,12.884359865831838,2007-01-17
9513,5.938170254810815,2007-01-18
9514,0.26479897551522574,2007-01-19
9515,0.0,2007-01-20
9516,0.0,2007-01-21
9517,0.0,2007-01-22
9518,0.0,2007-01-23
9519,0.012501605193286348,2007-01-24
9520,15.709814837139724,2007-01-25
9521,0.16993987890282686,2007-01-26
9522,0.0,2007-01-27
9523,0.0,2007-01-28
9524,20.619680893022647,2007-01-29
9525,0.0,2007-01-30
9526,0.0,2007-01-31
9527,0.0,2007-02-01
9528,0.0,2007-02-02
9529,0.0,2007-02-03
9530,0.7059849274822695,2007-02-04
9531,0.0,2007-02-05
9532,6.594548302535785,2007-02-06
9533,0.5117291588377743,2007-02-07
9534,0.0,2007-02-08
9535,0.0,2007-02-09
9536,0.0,2007-02-10
9537,4.870924919343764,2007-02-11
9538,0.0,2007-02-12
9539,0.0,2007-02-13
9540,0.0,2007-02-14
9541,0.0,2007-02-15
9542,10.253877180175,2007-02-16
9543,0.0,2007-02-17
9544,7.015120076028482,2007-02-18
9545,0.0,2007-02-19
9546,0.0,2007-02-20
9547,0.0,2007-02-21
9548,0.0,2007-02-22
9549,5.431529252200532,2007-02-23
9550,0.0,2007-02-24
9551,0.0,2007-02-25
9552,0.0,2007-02-26
9553,0.0,2007-02-27
9554,0.0,2007-02-28
9555,0.0,2007-03-01
9556,0.0,2007-03-02
9557,0.0,2007-03-03
9558,0.2958102572208975,2007-03-04
9559,0.5857958262267351,2007-03-05
9560,0.3056540676016262,2007-03-06
9561,0.0,2007-03-07
9562,0.0,2007-03-08
9563,0.0,2007-03-09
9564,0.16664650310169565,2007-03-10
9565,0.0,2007-03-11
9566,0.20284060083875907,2007-03-12
9567,0.0,2007-03-13
9568,0.0,2007-03-14
9569,0.0,2007-03-15
9570,68.01989258181668,2007-03-16
9571,0.8313333659018239,2007-03-17
9572,0.0,2007-03-18
9573,0.0,2007-03-19
9574,0.0,2007-03-20
9575,0.0,2007-03-21
9576,0.21158322686673606,2007-03-22
9577,0.18547131244737733,2007-03-23
9578,0.0,2007-03-24
9579,0.0,2007-03-25
9580,0.0,2007-03-26
9581,0.0,2007-03-27
9582,0.0,2007-03-28
9583,9.266278135350023,2007-03-29
9584,0.07228588051110768,2007-03-30
9585,0.0,2007-03-31
9586,0.0,2007-04-01
9587,0.06811141486741232,2007-04-02
9588,1.1964353269426007,2007-04-03
9589,10.193495665071993,2007-04-04
9590,4.048422465618055,2007-04-05
9591,7.553072780793714,2007-04-06
9592,0.0,2007-04-07
9593,0.0,2007-04-08
9594,0.0,2007-04-09
9595,0.0,2007-04-10
9596,0.0,2007-04-11
9597,0.0,2007-04-12
9598,1.4348329337671009,2007-04-13
9599,10.91691348976404,2007-04-14
9600,4.984322255377895,2007-04-15
9601,0.050308183658857156,2007-04-16
9602,0.0,2007-04-17
9603,0.0,2007-04-18
9604,0.0,2007-04-19
9605,0.0,2007-04-20
9606,1.7669221598661542,2007-04-21
9607,0.0,2007-04-22
9608,0.0,2007-04-23
9609,0.0,2007-04-24
9610,0.0,2007-04-25
9611,0.23666942943226207,2007-04-26
9612,0.7855593149682993,2007-04-27
9613,2.8243126146814346,2007-04-28
9614,0.08131039406896687,2007-04-29
9615,0.0,2007-04-30
9616,0.0,2007-05-01
9617,0.0,2007-05-02
9618,0.0,2007-05-03
9619,6.61576290850066,2007-05-04
9620,0.003516283958188949,2007-05-05
9621,0.012456048450861507,2007-05-06
9622,0.0,2007-05-07
9623,0.0,2007-05-08
9624,0.0,2007-05-09
9625,0.0,2007-05-10
9626,0.0,2007-05-11
9627,0.8650152133566893,2007-05-12
9628,0.011279252533339335,2007-05-13
9629,0.0,2007-05-14
9630,0.23711017815598295,2007-05-15
9631,0.0,2007-05-16
9632,0.0,2007-05-17
9633,0.0,2007-05-18
9634,2.7588520163315136,2007-05-19
9635,0.0,2007-05-20
9636,0.0,2007-05-21
9637,0.0,2007-05-22
9638,0.0,2007-05-23
9639,0.0,2007-05-24
9640,0.1674421278892025,2007-05-25
9641,4.639299704783823,2007-05-26
9642,0.0,2007-05-27
9643,2.618794529822565,2007-05-28
9644,22.654847607263022,2007-05-29
9645,14.442103982265394,2007-05-30
9646,14.014223599755518,2007-05-31
9647,0.0,2007-06-01
9648,0.0,2007-06-02
9649,0.21766806515780363,2007-06-03
9650,12.498011610473007,2007-06-04
9651,18.485359213149447,2007-06-05
9652,46.846501400743435,2007-06-06
9653,22.79772173157185,2007-06-07
9654,8.288777579562057,2007-06-08
9655,0.0,2007-06-09
9656,7.053134010851907,2007-06-10
9657,0.526044019743844,2007-06-11
9658,0.01109920177291915,2007-06-12
9659,5.298424935466733,2007-06-13
9660,18.277603906592308,2007-06-14
9661,38.462473549716975,2007-06-15
9662,27.089527624695176,2007-06-16
9663,4.807121381004534,2007-06-17
9664,21.576952230895362,2007-06-18
9665,9.023489184113888,2007-06-19
9666,3.487050088647524,2007-06-20
9667,0.500340964241811,2007-06-21
9668,3.9091933535690537,2007-06-22
9669,11.76548855798335,2007-06-23
9670,12.142644894199986,2007-06-24
9671,22.462165209974362,2007-06-25
9672,3.999320193987089,2007-06-26
9673,6.6942757815419744,2007-06-27
9674,3.160082089907963,2007-06-28
9675,8.96336194343231,2007-06-29
9676,2.394136570513773,2007-06-30
9677,0.5547992624775056,2007-07-01
9678,14.651116176588443,2007-07-02
9679,14.286973691196387,2007-07-03
9680,8.349040890215424,2007-07-04
9681,0.0,2007-07-05
9682,0.08821720967894076,2007-07-06
9683,0.874770219472846,2007-07-07
9684,2.131241391537127,2007-07-08
9685,0.0,2007-07-09
9686,0.0,2007-07-10
9687,2.0023314456436294,2007-07-11
9688,25.56669377503158,2007-07-12
9689,0.0,2007-07-13
9690,10.244491581007884,2007-07-14
9691,26.86795167458721,2007-07-15
9692,34.198186641200884,2007-07-16
9693,5.459276652042468,2007-07-17
9694,4.0224985632239205,2007-07-18
9695,30.877840951768547,2007-07-19
9696,0.010710665347639068,2007-07-20
9697,7.615964451283654,2007-07-21
9698,1.6928667349270015,2007-07-22
9699,2.139639743905613,2007-07-23
9700,14.723824481572573,2007-07-24
9701,34.8039906630418,2007-07-25
9702,2.9031169572533746,2007-07-26
9703,10.660126038352766,2007-07-27
9704,8.185160347247749,2007-07-28
9705,8.656334832322914,2007-07-29
9706,10.436834823574838,2007-07-30
9707,0.6532501262933279,2007-07-31
9708,1.8501467109355758,2007-08-01
9709,1.0022767074506653,2007-08-02
9710,2.7231788287344565,2007-08-03
9711,6.364838057179605,2007-08-04
9712,25.265048513636216,2007-08-05
9713,34.261130519654394,2007-08-06
9714,0.4804917858492944,2007-08-07
9715,0.19973798581232424,2007-08-08
9716,8.123719030866873,2007-08-09
9717,6.493062564928161,2007-08-10
9718,4.811207836939793,2007-08-11
9719,32.89819469580552,2007-08-12
9720,67.76847941748208,2007-08-13
9721,28.489138310535903,2007-08-14
9722,11.172671410680863,2007-08-15
9723,9.952889991323971,2007-08-16
9724,30.447447582256057,2007-08-17
9725,3.1478662942231934,2007-08-18
9726,0.0,2007-08-19
9727,0.0,2007-08-20
9728,19.648069797079586,2007-08-21
9729,4.135409175587539,2007-08-22
9730,10.577080577699318,2007-08-23
9731,10.731434026114053,2007-08-24
9732,12.878000525477347,2007-08-25
9733,13.553836157314942,2007-08-26
9734,9.507840699785968,2007-08-27
9735,3.3318601013418516,2007-08-28
9736,4.523347807517848,2007-08-29
9737,16.898334099218637,2007-08-30
9738,17.40716524096179,2007-08-31
9739,9.699985631428156,2007-09-01
9740,6.652136094828853,2007-09-02
9741,1.7171918451471417,2007-09-03
9742,11.279451223412565,2007-09-04
9743,30.784885634928504,2007-09-05
9744,4.324356851717593,2007-09-06
9745,4.61882812611868,2007-09-07
9746,19.179286751341614,2007-09-08
9747,8.984239596929022,2007-09-09
9748,12.610054982484614,2007-09-10
9749,17.883087422854743,2007-09-11
9750,10.118244648483138,2007-09-12
9751,0.14229960718462545,2007-09-13
9752,0.6661745588241085,2007-09-14
9753,1.3499491271525184,2007-09-15
9754,0.0,2007-09-16
9755,4.3248489539854,2007-09-17
9756,0.0,2007-09-18
9757,2.221860600133096,2007-09-19
9758,1.4887723684450744,2007-09-20
9759,12.011079333800376,2007-09-21
9760,6.968200133427147,2007-09-22
9761,7.732189276686861,2007-09-23
9762,2.0050320154900425,2007-09-24
9763,65.19734358354049,2007-09-25
9764,31.171425388201943,2007-09-26
9765,7.451653251424215,2007-09-27
9766,15.813393320324138,2007-09-28
9767,17.488789095165444,2007-09-29
9768,0.1236860625415254,2007-09-30
9769,10.257066358862733,2007-10-01
9770,0.0,2007-10-02
9771,0.0,2007-10-03
9772,0.0,2007-10-04
9773,0.4146776456077778,2007-10-05
9774,0.0,2007-10-06
9775,16.05400513690937,2007-10-07
9776,0.0,2007-10-08
9777,1.2633798297199685,2007-10-09
9778,51.678496392773056,2007-10-10
9779,34.15686101314959,2007-10-11
9780,16.756983265862786,2007-10-12
9781,34.95799260259722,2007-10-13
9782,3.924740048965051,2007-10-14
9783,0.16078049710069583,2007-10-15
9784,2.421084816364949,2007-10-16
9785,5.256593111854844,2007-10-17
9786,22.460711088655984,2007-10-18
9787,33.60017767472701,2007-10-19
9788,14.541656412169385,2007-10-20
9789,5.796343420985158,2007-10-21
9790,1.612989987068512,2007-10-22
9791,14.903390250779315,2007-10-23
9792,34.516334389158025,2007-10-24
9793,0.0,2007-10-25
9794,0.0,2007-10-26
9795,0.0,2007-10-27
9796,0.0,2007-10-28
9797,0.0,2007-10-29
9798,0.0,2007-10-30
9799,0.0,2007-10-31
9800,0.0,2007-11-01
9801,0.0,2007-11-02
9802,0.0,2007-11-03
9803,0.0,2007-11-04
9804,0.30568745699795813,2007-11-05
9805,0.0,2007-11-06
9806,0.0,2007-11-07
9807,0.0,2007-11-08
9808,0.0,2007-11-09
9809,0.0,2007-11-10
9810,1.579828040159343,2007-11-11
9811,0.0,2007-11-12
9812,10.317067334630972,2007-11-13
9813,0.0,2007-11-14
9814,0.0,2007-11-15
9815,0.0,2007-11-16
9816,0.0,2007-11-17
9817,0.0,2007-11-18
9818,0.0,2007-11-19
9819,0.0,2007-11-20
9820,0.0,2007-11-21
9821,0.0,2007-11-22
9822,1.4017377429414006,2007-11-23
9823,0.0,2007-11-24
9824,0.0,2007-11-25
9825,7.6048765657933926,2007-11-26
9826,130.3146479477421,2007-11-27
9827,0.0,2007-11-28
9828,0.0,2007-11-29
9829,0.0,2007-11-30
9830,3.9956961825306476,2007-12-01
9831,0.0,2007-12-02
9832,0.07413505696830862,2007-12-03
9833,0.0,2007-12-04
9834,0.0,2007-12-05
9835,0.0,2007-12-06
9836,0.0,2007-12-07
9837,0.0,2007-12-08
9838,0.0,2007-12-09
9839,8.47570090309266,2007-12-10
9840,0.04852543000252016,2007-12-11
9841,1.7556579571385538,2007-12-12
9842,0.0,2007-12-13
9843,0.0,2007-12-14
9844,0.0,2007-12-15
9845,0.0,2007-12-16
9846,6.809913320737152,2007-12-17
9847,0.0,2007-12-18
9848,0.0,2007-12-19
9849,0.0,2007-12-20
9850,0.0,2007-12-21
9851,0.0,2007-12-22
9852,3.4644544169630125,2007-12-23
9853,0.5023517335964438,2007-12-24
9854,0.0,2007-12-25
9855,0.0,2007-12-26
9856,0.0,2007-12-27
9857,0.0,2007-12-28
9858,0.0,2007-12-29
9859,0.08403643149434646,2007-12-30
9860,8.995920765253107,2007-12-31
9861,0.026064666121586328,2008-01-01
9862,19.621457499898423,2008-01-02
9863,5.1904771933597535,2008-01-03
9864,0.07152689454842173,2008-01-04
9865,0.0,2008-01-05
9866,0.840996844691615,2008-01-06
9867,0.47979216333708113,2008-01-07
9868,0.0,2008-01-08
9869,1.7516155461342102,2008-01-09
9870,2.6143364917358,2008-01-10
9871,0.01204848001429762,2008-01-11
9872,0.0,2008-01-12
9873,0.0,2008-01-13
9874,10.328788672584244,2008-01-14
9875,0.0,2008-01-15
9876,0.0,2008-01-16
9877,0.0,2008-01-17
9878,0.0,2008-01-18
9879,0.0,2008-01-19
9880,17.480606528055638,2008-01-20
9881,4.884352006758413,2008-01-21
9882,0.0,2008-01-22
9883,0.0,2008-01-23
9884,0.6545616971152969,2008-01-24
9885,9.505978612480273,2008-01-25
9886,11.445980983969053,2008-01-26
9887,5.496134409834564,2008-01-27
9888,0.31610870982195277,2008-01-28
9889,0.0,2008-01-29
9890,0.0,2008-01-30
9891,0.0,2008-01-31
9892,0.0,2008-02-01
9893,0.15163097185822877,2008-02-02
9894,0.0,2008-02-03
9895,0.0,2008-02-04
9896,0.0,2008-02-05
9897,0.0,2008-02-06
9898,3.313198322732428,2008-02-07
9899,0.35350700157478754,2008-02-08
9900,0.0,2008-02-09
9901,5.2607964748930724,2008-02-10
9902,0.43075374662002164,2008-02-11
9903,0.0,2008-02-12
9904,0.2633506994163536,2008-02-13
9905,8.961185209967871,2008-02-14
9906,13.44423078240537,2008-02-15
9907,0.0,2008-02-16
9908,0.0,2008-02-17
9909,0.042745483152328,2008-02-18
9910,5.1706392752180355,2008-02-19
9911,0.0,2008-02-20
9912,0.0,2008-02-21
9913,0.0,2008-02-22
9914,0.0,2008-02-23
9915,5.609452524436885,2008-02-24
9916,0.0,2008-02-25
9917,0.0,2008-02-26
9918,0.6649206760272253,2008-02-27
9919,5.573192893864471,2008-02-28
9920,0.0,2008-02-29
9921,0.0,2008-03-01
9922,0.0,2008-03-02
9923,0.0,2008-03-03
9924,0.0,2008-03-04
9925,0.0,2008-03-05
9926,0.0,2008-03-06
9927,0.0,2008-03-07
9928,0.40963910961430794,2008-03-08
9929,0.0,2008-03-09
9930,0.0,2008-03-10
9931,0.0,2008-03-11
9932,0.0,2008-03-12
9933,0.0,2008-03-13
9934,0.0,2008-03-14
9935,0.0,2008-03-15
9936,0.0,2008-03-16
9937,0.0,2008-03-17
9938,0.0,2008-03-18
9939,0.0,2008-03-19
9940,53.60133628375369,2008-03-20
9941,0.0,2008-03-21
9942,28.626221092369548,2008-03-22
9943,0.0,2008-03-23
9944,0.0,2008-03-24
9945,0.0,2008-03-25
9946,0.0,2008-03-26
9947,0.0,2008-03-27
9948,0.0,2008-03-28
9949,0.0,2008-03-29
9950,0.15260668639912983,2008-03-30
9951,0.0,2008-03-31
9952,0.0,2008-04-01
9953,0.0,2008-04-02
9954,0.0,2008-04-03
9955,0.0,2008-04-04
9956,3.784972926088092,2008-04-05
9957,7.405738210202664,2008-04-06
9958,7.490310008686659,2008-04-07
9959,5.842973354764698,2008-04-08
9960,0.0,2008-04-09
9961,0.0,2008-04-10
9962,9.72410221631226,2008-04-11
9963,8.679705229784389,2008-04-12
9964,15.409230991290814,2008-04-13
9965,0.0,2008-04-14
9966,0.0,2008-04-15
9967,0.002375945108027752,2008-04-16
9968,0.0,2008-04-17
9969,0.0,2008-04-18
9970,0.0,2008-04-19
9971,0.0,2008-04-20
9972,0.0,2008-04-21
9973,0.003613249926972599,2008-04-22
9974,0.0,2008-04-23
9975,0.0,2008-04-24
9976,0.0,2008-04-25
9977,0.0,2008-04-26
9978,1.2730310525222959,2008-04-27
9979,0.0,2008-04-28
9980,0.0,2008-04-29
9981,0.6448097401839896,2008-04-30
9982,0.0,2008-05-01
9983,2.8014082473044533,2008-05-02
9984,12.425742119064779,2008-05-03
9985,15.503088367607587,2008-05-04
9986,0.045170902940185186,2008-05-05
9987,0.0,2008-05-06
9988,0.0,2008-05-07
9989,0.0,2008-05-08
9990,4.956904656768195,2008-05-09
9991,0.14678595021323373,2008-05-10
9992,0.29222338208005577,2008-05-11
9993,0.8787239766260747,2008-05-12
9994,2.413166593931988,2008-05-13
9995,0.0,2008-05-14
9996,0.0009605877210667407,2008-05-15
9997,2.524873887702517,2008-05-16
9998,0.0,2008-05-17
9999,3.0978995551951134,2008-05-18
10000,13.183824106842895,2008-05-19
10001,4.734995966153411,2008-05-20
10002,10.180276211853247,2008-05-21
10003,3.7483428347635117,2008-05-22
10004,2.6884915099325766,2008-05-23
10005,4.6342132378183845,2008-05-24
10006,10.021799296409853,2008-05-25
10007,26.935053463597452,2008-05-26
10008,0.0,2008-05-27
10009,0.0,2008-05-28
10010,0.05516943442157288,2008-05-29
10011,10.819313349234394,2008-05-30
10012,31.93484085088602,2008-05-31
10013,21.274394847053237,2008-06-01
10014,16.467604531962152,2008-06-02
10015,3.44817556683269,2008-06-03
10016,5.1805548704684306,2008-06-04
10017,4.289696049522446,2008-06-05
10018,17.94411554851141,2008-06-06
10019,18.149334055825065,2008-06-07
10020,15.127818728416194,2008-06-08
10021,12.992473293427494,2008-06-09
10022,7.4632643653360615,2008-06-10
10023,2.2699004408621017,2008-06-11
10024,18.000022948144817,2008-06-12
10025,3.642985004483779,2008-06-13
10026,1.3560872699787891,2008-06-14
10027,0.0,2008-06-15
10028,0.0,2008-06-16
10029,4.149874930689412,2008-06-17
10030,6.191271159516052,2008-06-18
10031,5.284493600741859,2008-06-19
10032,4.920352874808996,2008-06-20
10033,21.152081510873842,2008-06-21
10034,0.07053027636844042,2008-06-22
10035,3.91285899984522,2008-06-23
10036,4.715238768655884,2008-06-24
10037,3.5520616691343245,2008-06-25
10038,29.36175004589942,2008-06-26
10039,2.658632316421554,2008-06-27
10040,5.813719337357105,2008-06-28
10041,1.1481495978335832,2008-06-29
10042,28.70700312331974,2008-06-30
10043,41.81846652022556,2008-07-01
10044,28.298914215278067,2008-07-02
10045,28.550063258811523,2008-07-03
10046,33.81500036222844,2008-07-04
10047,43.23768155576197,2008-07-05
10048,25.798912215414635,2008-07-06
10049,28.60870529241926,2008-07-07
10050,32.7205392315101,2008-07-08
10051,20.222766659924012,2008-07-09
10052,5.410226762092008,2008-07-10
10053,18.62614203483829,2008-07-11
10054,29.24315993026555,2008-07-12
10055,29.20871544063267,2008-07-13
10056,30.085331790789844,2008-07-14
10057,23.453335832836345,2008-07-15
10058,0.021880507818764605,2008-07-16
10059,0.0,2008-07-17
10060,11.515450318523865,2008-07-18
10061,41.960752104873876,2008-07-19
10062,69.91710051192567,2008-07-20
10063,14.941395143190089,2008-07-21
10064,29.231796382053865,2008-07-22
10065,27.89373537382422,2008-07-23
10066,6.5143048521360685,2008-07-24
10067,23.547387587807403,2008-07-25
10068,0.0,2008-07-26
10069,0.0,2008-07-27
10070,0.0,2008-07-28
10071,1.2368580485648775,2008-07-29
10072,15.75394053461964,2008-07-30
10073,26.853836833053315,2008-07-31
10074,17.90637347336039,2008-08-01
10075,0.7662928476081915,2008-08-02
10076,2.6018536881477603,2008-08-03
10077,20.590361399944232,2008-08-04
10078,13.402701037454463,2008-08-05
10079,10.901898842081648,2008-08-06
10080,14.363874060779024,2008-08-07
10081,2.8464086628799214,2008-08-08
10082,14.612221140204285,2008-08-09
10083,21.248605637760114,2008-08-10
10084,3.6676692026311697,2008-08-11
10085,5.777365801816809,2008-08-12
10086,13.96251429926965,2008-08-13
10087,22.026677587906285,2008-08-14
10088,17.959939101182822,2008-08-15
10089,2.868230590316907,2008-08-16
10090,0.3196289233657972,2008-08-17
10091,0.0,2008-08-18
10092,0.4956642298544607,2008-08-19
10093,30.626533277405326,2008-08-20
10094,2.2736937544143094,2008-08-21
10095,2.8885429822524635,2008-08-22
10096,1.0745741872423904,2008-08-23
10097,0.004549350346987549,2008-08-24
10098,0.0,2008-08-25
10099,0.0,2008-08-26
10100,37.05187615895203,2008-08-27
10101,11.168242815666535,2008-08-28
10102,21.29219737061308,2008-08-29
10103,0.3877595315301174,2008-08-30
10104,0.025825946114280008,2008-08-31
10105,23.29377042966155,2008-09-01
10106,9.917392416349957,2008-09-02
10107,14.298907246323978,2008-09-03
10108,16.330129456002698,2008-09-04
10109,6.4138651052178535,2008-09-05
10110,11.536217780574676,2008-09-06
10111,3.241504188143263,2008-09-07
10112,9.538376335720162,2008-09-08
10113,3.1613603393073655,2008-09-09
10114,4.713101336096039,2008-09-10
10115,0.0,2008-09-11
10116,5.464619786550573,2008-09-12
10117,4.154877590000454,2008-09-13
10118,17.374903365943435,2008-09-14
10119,0.5233853445864144,2008-09-15
10120,6.652994527760836,2008-09-16
10121,11.017945041041221,2008-09-17
10122,30.93219140572981,2008-09-18
10123,21.93729267573427,2008-09-19
10124,23.43055714212904,2008-09-20
10125,6.909299798473233,2008-09-21
10126,12.012065758271651,2008-09-22
10127,36.92454744870362,2008-09-23
10128,14.306489849426182,2008-09-24
10129,6.028475221874425,2008-09-25
10130,40.839831696563444,2008-09-26
10131,22.52956255529633,2008-09-27
10132,13.596496195415597,2008-09-28
10133,0.0631000163618071,2008-09-29
10134,0.0,2008-09-30
10135,4.953262264777489,2008-10-01
10136,0.0,2008-10-02
10137,2.8878872449097397,2008-10-03
10138,4.501399246786348,2008-10-04
10139,0.0,2008-10-05
10140,2.5242171474356105,2008-10-06
10141,11.261844423355596,2008-10-07
10142,0.0,2008-10-08
10143,13.767279359867846,2008-10-09
10144,1.3715180703551888,2008-10-10
10145,34.8197459258362,2008-10-11
10146,7.802262674706423,2008-10-12
10147,0.0,2008-10-13
10148,0.030361420639798783,2008-10-14
10149,5.5171062949116285,2008-10-15
10150,154.26479334990654,2008-10-16
10151,46.56818301226038,2008-10-17
10152,9.74969789298049,2008-10-18
10153,2.1095013344392743,2008-10-19
10154,0.0,2008-10-20
10155,0.0,2008-10-21
10156,0.0,2008-10-22
10157,0.0,2008-10-23
10158,0.0,2008-10-24
10159,0.0,2008-10-25
10160,0.0,2008-10-26
10161,0.0,2008-10-27
10162,0.0,2008-10-28
10163,0.0,2008-10-29
10164,0.0,2008-10-30
10165,0.0,2008-10-31
10166,0.6614936144820408,2008-11-01
10167,0.0,2008-11-02
10168,0.0,2008-11-03
10169,0.0,2008-11-04
10170,0.0,2008-11-05
10171,0.0,2008-11-06
10172,0.0,2008-11-07
10173,3.8252560309860355,2008-11-08
10174,0.0,2008-11-09
10175,0.0,2008-11-10
10176,0.0,2008-11-11
10177,0.0,2008-11-12
10178,1.7899829246990842,2008-11-13
10179,0.0,2008-11-14
10180,1.6550266533792892,2008-11-15
10181,16.824786783033815,2008-11-16
10182,0.0,2008-11-17
10183,0.0,2008-11-18
10184,0.0,2008-11-19
10185,0.0,2008-11-20
10186,0.0,2008-11-21
10187,0.0,2008-11-22
10188,5.9981774050469285,2008-11-23
10189,6.76114477062505,2008-11-24
10190,0.0,2008-11-25
10191,6.320282925328903,2008-11-26
10192,0.0,2008-11-27
10193,0.0,2008-11-28
10194,0.0,2008-11-29
10195,0.0,2008-11-30
10196,1.9965435869882533,2008-12-01
10197,0.19199240388059197,2008-12-02
10198,0.0,2008-12-03
10199,15.693301933489936,2008-12-04
10200,35.50666712819653,2008-12-05
10201,0.0,2008-12-06
10202,0.0,2008-12-07
10203,0.0,2008-12-08
10204,0.0,2008-12-09
10205,1.1147986843578976,2008-12-10
10206,2.0353647535497497,2008-12-11
10207,0.0,2008-12-12
10208,0.0,2008-12-13
10209,0.0,2008-12-14
10210,0.0,2008-12-15
10211,0.08915057951404202,2008-12-16
10212,0.6371193876294446,2008-12-17
10213,0.0,2008-12-18
10214,0.0,2008-12-19
10215,0.0,2008-12-20
10216,0.0,2008-12-21
10217,1.683358661897721,2008-12-22
10218,0.0,2008-12-23
10219,0.0,2008-12-24
10220,0.0,2008-12-25
10221,0.0,2008-12-26
10222,0.0,2008-12-27
10223,0.0,2008-12-28
10224,0.0,2008-12-29
10225,1.4028036660392964,2008-12-30
10226,0.09340730759405322,2008-12-31
10227,0.0,2009-01-01
10228,0.0,2009-01-02
10229,0.0,2009-01-03
10230,0.0,2009-01-04
10231,0.0,2009-01-05
10232,0.0,2009-01-06
10233,0.0,2009-01-07
10234,0.0,2009-01-08
10235,0.16165189955591105,2009-01-09
10236,0.019185922572340086,2009-01-10
10237,94.89170705935123,2009-01-11
10238,0.0,2009-01-12
10239,5.242524639588296,2009-01-13
10240,0.0,2009-01-14
10241,0.0,2009-01-15
10242,0.0,2009-01-16
10243,0.0,2009-01-17
10244,0.0,2009-01-18
10245,0.0,2009-01-19
10246,0.0,2009-01-20
10247,0.0,2009-01-21
10248,0.0,2009-01-22
10249,0.0,2009-01-23
10250,0.0,2009-01-24
10251,0.0,2009-01-25
10252,0.0,2009-01-26
10253,0.0,2009-01-27
10254,0.0,2009-01-28
10255,0.0,2009-01-29
10256,0.0,2009-01-30
10257,0.0,2009-01-31
10258,7.827481225089245,2009-02-01
10259,0.0,2009-02-02
10260,9.369936104771677,2009-02-03
10261,9.905040002414559,2009-02-04
10262,3.0885892307863205,2009-02-05
10263,9.631666399936172,2009-02-06
10264,0.0,2009-02-07
10265,0.0,2009-02-08
10266,0.0,2009-02-09
10267,0.0,2009-02-10
10268,0.0,2009-02-11
10269,0.0,2009-02-12
10270,0.0,2009-02-13
10271,0.0,2009-02-14
10272,0.18951328943202222,2009-02-15
10273,0.0,2009-02-16
10274,0.0,2009-02-17
10275,0.0,2009-02-18
10276,0.0,2009-02-19
10277,6.884858826695999,2009-02-20
10278,0.0,2009-02-21
10279,0.0,2009-02-22
10280,3.140405641986478,2009-02-23
10281,4.046360646384903,2009-02-24
10282,0.7691765971757101,2009-02-25
10283,0.0,2009-02-26
10284,0.0,2009-02-27
10285,0.0,2009-02-28
10286,0.0,2009-03-01
10287,11.137306477135574,2009-03-02
10288,0.0,2009-03-03
10289,0.0,2009-03-04
10290,0.0,2009-03-05
10291,0.0,2009-03-06
10292,0.08795954349103911,2009-03-07
10293,0.0,2009-03-08
10294,0.0,2009-03-09
10295,0.0,2009-03-10
10296,0.0,2009-03-11
10297,0.0,2009-03-12
10298,0.26345710849482296,2009-03-13
10299,0.0,2009-03-14
10300,0.0,2009-03-15
10301,0.0,2009-03-16
10302,2.1768369386063298,2009-03-17
10303,0.0,2009-03-18
10304,0.0,2009-03-19
10305,5.214898396670993,2009-03-20
10306,0.0,2009-03-21
10307,1.8556630465292163,2009-03-22
10308,0.0,2009-03-23
10309,0.0,2009-03-24
10310,0.0,2009-03-25
10311,0.0,2009-03-26
10312,0.0,2009-03-27
10313,0.0,2009-03-28
10314,5.879587911105227,2009-03-29
10315,0.0,2009-03-30
10316,0.0,2009-03-31
10317,0.0,2009-04-01
10318,0.0,2009-04-02
10319,0.0,2009-04-03
10320,0.0,2009-04-04
10321,0.0,2009-04-05
10322,0.0,2009-04-06
10323,0.0,2009-04-07
10324,0.0,2009-04-08
10325,0.0,2009-04-09
10326,0.0,2009-04-10
10327,0.0,2009-04-11
10328,0.0,2009-04-12
10329,0.0,2009-04-13
10330,0.47293357173019146,2009-04-14
10331,0.6980727152950253,2009-04-15
10332,0.0,2009-04-16
10333,0.0,2009-04-17
10334,0.0,2009-04-18
10335,0.0,2009-04-19
10336,0.0,2009-04-20
10337,0.0,2009-04-21
10338,0.0,2009-04-22
10339,0.0,2009-04-23
10340,0.22852130453607555,2009-04-24
10341,18.741258675359916,2009-04-25
10342,6.022797829622397,2009-04-26
10343,0.0,2009-04-27
10344,4.98036899556862,2009-04-28
10345,0.06390605297256424,2009-04-29
10346,13.43782780775926,2009-04-30
10347,3.3926083107777707,2009-05-01
10348,12.696390583703947,2009-05-02
10349,7.03963923210972,2009-05-03
10350,12.903344445186626,2009-05-04
10351,9.277422052534448,2009-05-05
10352,5.031805139189242,2009-05-06
10353,8.862915612749342,2009-05-07
10354,4.7569832837616595,2009-05-08
10355,20.91735608472852,2009-05-09
10356,15.511074803931276,2009-05-10
10357,0.3351333756880327,2009-05-11
10358,3.6706690596135836,2009-05-12
10359,10.048145040025462,2009-05-13
10360,5.948289142759666,2009-05-14
10361,19.808460558278828,2009-05-15
10362,1.7120869698902028,2009-05-16
10363,5.6123545698126724,2009-05-17
10364,8.452947219082336,2009-05-18
10365,4.410999628861278,2009-05-19
10366,2.303622840842194,2009-05-20
10367,0.0,2009-05-21
10368,0.0,2009-05-22
10369,5.429187544601754,2009-05-23
10370,0.4573893647599431,2009-05-24
10371,5.422237283938792,2009-05-25
10372,4.927081951381875,2009-05-26
10373,3.8952305521643393,2009-05-27
10374,0.9949761781804375,2009-05-28
10375,1.4817172592895822,2009-05-29
10376,6.276876234420934,2009-05-30
10377,0.5879476747275099,2009-05-31
10378,9.283343779068886,2009-06-01
10379,21.204888552332903,2009-06-02
10380,8.583448036115538,2009-06-03
10381,0.34422052951152726,2009-06-04
10382,0.0,2009-06-05
10383,5.115921952423813,2009-06-06
10384,0.02735367912001624,2009-06-07
10385,0.5750253686876942,2009-06-08
10386,5.8761175482294075,2009-06-09
10387,0.2783866201607713,2009-06-10
10388,0.0,2009-06-11
10389,0.8859774617086058,2009-06-12
10390,0.0,2009-06-13
10391,0.0,2009-06-14
10392,7.339835196100721,2009-06-15
10393,18.623234627967005,2009-06-16
10394,17.547578879884956,2009-06-17
10395,14.499784549534148,2009-06-18
10396,15.012667962518952,2009-06-19
10397,22.037878212187653,2009-06-20
10398,20.93457573437621,2009-06-21
10399,5.293043670710231,2009-06-22
10400,16.33467885081719,2009-06-23
10401,2.19525788715508,2009-06-24
10402,7.694617393527213,2009-06-25
10403,7.6932603373485575,2009-06-26
10404,7.075340603285872,2009-06-27
10405,5.060410069524369,2009-06-28
10406,18.587099500135952,2009-06-29
10407,13.084311640255617,2009-06-30
10408,15.38444635346488,2009-07-01
10409,7.9535672902082055,2009-07-02
10410,8.65162535298255,2009-07-03
10411,10.77192390939707,2009-07-04
10412,0.0,2009-07-05
10413,0.0,2009-07-06
10414,4.946442035272323,2009-07-07
10415,35.453675429016975,2009-07-08
10416,45.625361181242376,2009-07-09
10417,17.796087765511878,2009-07-10
10418,5.063568520196372,2009-07-11
10419,15.999263984758487,2009-07-12
10420,3.2532491676688546,2009-07-13
10421,6.412898695993284,2009-07-14
10422,0.0,2009-07-15
10423,15.925802195960127,2009-07-16
10424,3.01155970307739,2009-07-17
10425,11.4711033854107,2009-07-18
10426,0.038106023195551994,2009-07-19
10427,0.0,2009-07-20
10428,4.330513578551956,2009-07-21
10429,0.44446057748934387,2009-07-22
10430,4.499116875265351,2009-07-23
10431,11.102597456272049,2009-07-24
10432,4.264383062603186,2009-07-25
10433,18.19460414050262,2009-07-26
10434,2.150593139530976,2009-07-27
10435,0.4219940579601747,2009-07-28
10436,0.0,2009-07-29
10437,14.245630069296382,2009-07-30
10438,18.28313201574287,2009-07-31
10439,27.510541392910863,2009-08-01
10440,21.64914791065227,2009-08-02
10441,1.2841843375432527,2009-08-03
10442,0.0,2009-08-04
10443,0.0,2009-08-05
10444,0.0,2009-08-06
10445,0.04275626028737715,2009-08-07
10446,3.152377023109593,2009-08-08
10447,16.375445787675925,2009-08-09
10448,1.4331945136285598,2009-08-10
10449,0.007446628581743436,2009-08-11
10450,0.1775552292932863,2009-08-12
10451,0.334678246646333,2009-08-13
10452,3.103389840447658,2009-08-14
10453,1.5654606265965794,2009-08-15
10454,1.438427032906988,2009-08-16
10455,12.877340052512384,2009-08-17
10456,35.88130232531305,2009-08-18
10457,3.421318579167564,2009-08-19
10458,10.086737555282907,2009-08-20
10459,8.489470984243578,2009-08-21
10460,4.6549040982031045,2009-08-22
10461,0.0,2009-08-23
10462,0.0,2009-08-24
10463,14.14704136753362,2009-08-25
10464,3.2042566196519955,2009-08-26
10465,0.0,2009-08-27
10466,23.957955848156878,2009-08-28
10467,7.5288466382236425,2009-08-29
10468,14.93868539812977,2009-08-30
10469,2.0012022530228513,2009-08-31
10470,11.449719421129428,2009-09-01
10471,2.514356359414691,2009-09-02
10472,6.2649073842124166,2009-09-03
10473,0.2158152216410707,2009-09-04
10474,1.7045141644351993,2009-09-05
10475,2.706533581825995,2009-09-06
10476,12.922652031669168,2009-09-07
10477,1.0848186802234818,2009-09-08
10478,7.562642954703302,2009-09-09
10479,1.029236102020286,2009-09-10
10480,3.0339892734460467,2009-09-11
10481,16.217841209372466,2009-09-12
10482,13.214722020213552,2009-09-13
10483,13.196623120377842,2009-09-14
10484,0.0,2009-09-15
10485,0.0,2009-09-16
10486,0.0,2009-09-17
10487,5.073942396438017,2009-09-18
10488,5.965751461968744,2009-09-19
10489,4.8356058489891804,2009-09-20
10490,10.457124801423193,2009-09-21
10491,3.0228521944420783,2009-09-22
10492,7.424976254124796,2009-09-23
10493,21.28042558384781,2009-09-24
10494,3.9459542138555537,2009-09-25
10495,22.3545261686079,2009-09-26
10496,3.8740910704884017,2009-09-27
10497,0.25887961878454935,2009-09-28
10498,0.062361431960835836,2009-09-29
10499,16.90050015146083,2009-09-30
10500,2.4403379411781287,2009-10-01
10501,0.0,2009-10-02
10502,0.0,2009-10-03
10503,0.0,2009-10-04
10504,0.0,2009-10-05
10505,0.023745047046292215,2009-10-06
10506,22.16609324088894,2009-10-07
10507,3.798696520209662,2009-10-08
10508,0.38736176455824956,2009-10-09
10509,8.990904112785094,2009-10-10
10510,7.304657503838412,2009-10-11
10511,10.171235316352064,2009-10-12
10512,5.228218425152238,2009-10-13
10513,0.0,2009-10-14
10514,0.0,2009-10-15
10515,0.0,2009-10-16
10516,7.467516739697053,2009-10-17
10517,0.1936982177779122,2009-10-18
10518,0.20405179468417797,2009-10-19
10519,0.0,2009-10-20
10520,0.0,2009-10-21
10521,0.0,2009-10-22
10522,0.0,2009-10-23
10523,0.11676615018648837,2009-10-24
10524,0.0,2009-10-25
10525,0.0,2009-10-26
10526,0.0,2009-10-27
10527,21.954580251800003,2009-10-28
10528,0.0,2009-10-29
10529,0.0,2009-10-30
10530,14.302126756595376,2009-10-31
10531,15.802285152614292,2009-11-01
10532,0.4994225053983001,2009-11-02
10533,0.0,2009-11-03
10534,0.0,2009-11-04
10535,75.98563751086463,2009-11-05
10536,0.0,2009-11-06
10537,33.62171702236725,2009-11-07
10538,6.964280251030347,2009-11-08
10539,0.0,2009-11-09
10540,0.0,2009-11-10
10541,0.0,2009-11-11
10542,0.0,2009-11-12
10543,0.0,2009-11-13
10544,0.0,2009-11-14
10545,0.0,2009-11-15
10546,0.0,2009-11-16
10547,0.0,2009-11-17
10548,0.0,2009-11-18
10549,0.0,2009-11-19
10550,0.0,2009-11-20
10551,0.0,2009-11-21
10552,0.0,2009-11-22
10553,0.0,2009-11-23
10554,0.0,2009-11-24
10555,0.0,2009-11-25
10556,0.0,2009-11-26
10557,0.0,2009-11-27
10558,0.0,2009-11-28
10559,15.890063560743133,2009-11-29
10560,0.0,2009-11-30
10561,0.0,2009-12-01
10562,0.0,2009-12-02
10563,0.0,2009-12-03
10564,0.0,2009-12-04
10565,0.9817437408816431,2009-12-05
10566,0.43977396335769603,2009-12-06
10567,0.0,2009-12-07
10568,0.0,2009-12-08
10569,0.0,2009-12-09
10570,0.0,2009-12-10
10571,0.0,2009-12-11
10572,0.0,2009-12-12
10573,0.0,2009-12-13
10574,0.015061930407526907,2009-12-14
10575,0.0,2009-12-15
10576,0.39669149763772915,2009-12-16
10577,0.047575518952087226,2009-12-17
10578,0.6655105337159725,2009-12-18
10579,1.0449136111743291,2009-12-19
10580,45.0834607152855,2009-12-20
10581,57.200610563216664,2009-12-21
10582,0.0,2009-12-22
10583,0.0,2009-12-23
10584,0.0,2009-12-24
10585,0.0,2009-12-25
10586,0.0,2009-12-26
10587,0.0,2009-12-27
10588,1.0371045963085992,2009-12-28
10589,0.6280815720628083,2009-12-29
10590,0.17832894136479172,2009-12-30
10591,0.387252669795867,2009-12-31
10592,0.0,2010-01-01
10593,13.417984803946483,2010-01-02
10594,0.0,2010-01-03
10595,0.0,2010-01-04
10596,0.07941599086582486,2010-01-05
10597,0.0,2010-01-06
10598,0.0,2010-01-07
10599,0.0,2010-01-08
10600,4.728144567369365,2010-01-09
10601,1.2958556565651096,2010-01-10
10602,0.0,2010-01-11
10603,0.0,2010-01-12
10604,1.7749095227501608,2010-01-13
10605,0.0,2010-01-14
10606,0.0,2010-01-15
10607,0.0,2010-01-16
10608,5.953199117358479,2010-01-17
10609,0.0,2010-01-18
10610,0.0,2010-01-19
10611,0.0,2010-01-20
10612,0.0,2010-01-21
10613,0.0,2010-01-22
10614,0.0,2010-01-23
10615,0.0,2010-01-24
10616,6.160492850552556,2010-01-25
10617,0.0,2010-01-26
10618,4.227004091494943,2010-01-27
10619,0.0,2010-01-28
10620,0.0,2010-01-29
10621,0.6580590713338769,2010-01-30
10622,18.651180802090778,2010-01-31
10623,0.0,2010-02-01
10624,1.2021851411802678,2010-02-02
10625,0.33131362990549934,2010-02-03
10626,0.0,2010-02-04
10627,0.0,2010-02-05
10628,0.35285689518948105,2010-02-06
10629,0.0,2010-02-07
10630,0.0,2010-02-08
10631,0.0,2010-02-09
10632,6.059528740955584,2010-02-10
10633,0.25227936604855,2010-02-11
10634,0.0,2010-02-12
10635,3.5044778394419436,2010-02-13
10636,0.0,2010-02-14
10637,0.0,2010-02-15
10638,11.076424314884846,2010-02-16
10639,0.0,2010-02-17
10640,5.107202458535472,2010-02-18
10641,0.0,2010-02-19
10642,0.0,2010-02-20
10643,0.0,2010-02-21
10644,0.0922362055736553,2010-02-22
10645,2.2323196695277416,2010-02-23
10646,5.663829894862917,2010-02-24
10647,2.181661980564643,2010-02-25
10648,0.0,2010-02-26
10649,0.07406437575991902,2010-02-27
10650,0.0,2010-02-28
10651,0.0,2010-03-01
10652,0.5278116832240936,2010-03-02
10653,4.613693926313406,2010-03-03
10654,0.0,2010-03-04
10655,0.1114901662921626,2010-03-05
10656,1.3163138528023999,2010-03-06
10657,1.3775944279645547,2010-03-07
10658,0.0,2010-03-08
10659,0.0,2010-03-09
10660,0.0,2010-03-10
10661,0.0,2010-03-11
10662,0.0,2010-03-12
10663,0.9176242151288343,2010-03-13
10664,0.0,2010-03-14
10665,0.0,2010-03-15
10666,0.0,2010-03-16
10667,8.5496735921843,2010-03-17
10668,0.2419272147315688,2010-03-18
10669,0.0,2010-03-19
10670,0.0,2010-03-20
10671,0.3584018253091493,2010-03-21
10672,0.6888383346568804,2010-03-22
10673,0.0,2010-03-23
10674,0.0,2010-03-24
10675,0.0,2010-03-25
10676,0.0,2010-03-26
10677,0.0,2010-03-27
10678,0.0,2010-03-28
10679,8.124705468762308,2010-03-29
10680,0.0,2010-03-30
10681,0.0,2010-03-31
10682,0.0,2010-04-01
10683,0.0,2010-04-02
10684,0.0,2010-04-03
10685,0.005165665366432884,2010-04-04
10686,0.0,2010-04-05
10687,0.0,2010-04-06
10688,1.4773621773370202,2010-04-07
10689,4.414520298966213,2010-04-08
10690,9.437822095865377,2010-04-09
10691,0.0,2010-04-10
10692,0.0,2010-04-11
10693,0.0,2010-04-12
10694,0.0,2010-04-13
10695,0.0,2010-04-14
10696,0.2643937228362232,2010-04-15
10697,9.902831646368297,2010-04-16
10698,12.139567777180604,2010-04-17
10699,17.33678853462869,2010-04-18
10700,8.681593437558393,2010-04-19
10701,0.0,2010-04-20
10702,0.05110678246293949,2010-04-21
10703,1.0008506082859208,2010-04-22
10704,5.475513536091076,2010-04-23
10705,0.0,2010-04-24
10706,3.98963937681791,2010-04-25
10707,0.0,2010-04-26
10708,1.8246310208340195,2010-04-27
10709,24.141304117745324,2010-04-28
10710,20.06859414184548,2010-04-29
10711,0.0,2010-04-30
10712,0.0,2010-05-01
10713,4.486008738842177,2010-05-02
10714,0.0,2010-05-03
10715,2.044079259987102,2010-05-04
10716,3.4608996414229325,2010-05-05
10717,0.0,2010-05-06
10718,0.0,2010-05-07
10719,0.0,2010-05-08
10720,0.0,2010-05-09
10721,0.0,2010-05-10
10722,0.0,2010-05-11
10723,0.0,2010-05-12
10724,0.18213194989738576,2010-05-13
10725,0.15930333582886502,2010-05-14
10726,1.4760198844213295,2010-05-15
10727,6.9672625221465,2010-05-16
10728,15.195414765349584,2010-05-17
10729,23.600554038911966,2010-05-18
10730,24.678360691741748,2010-05-19
10731,25.538357273336725,2010-05-20
10732,35.587049891228574,2010-05-21
10733,0.0245513145245415,2010-05-22
10734,8.512001982770009,2010-05-23
10735,1.2704445936812685,2010-05-24
10736,8.012889895816704,2010-05-25
10737,25.657076557137053,2010-05-26
10738,25.750607504970525,2010-05-27
10739,5.600581294588331,2010-05-28
10740,57.074287056125854,2010-05-29
10741,41.727808273181196,2010-05-30
10742,5.063244965824566,2010-05-31
10743,0.9442348587058506,2010-06-01
10744,0.9811564137299389,2010-06-02
10745,16.958307551834245,2010-06-03
10746,12.76631096392433,2010-06-04
10747,4.52463743955159,2010-06-05
10748,0.0,2010-06-06
10749,0.0,2010-06-07
10750,4.746590591581687,2010-06-08
10751,6.971285447039563,2010-06-09
10752,21.728250765199196,2010-06-10
10753,4.335580369216606,2010-06-11
10754,21.250177229660345,2010-06-12
10755,13.878627148122032,2010-06-13
10756,0.2295675424816322,2010-06-14
10757,24.395332599651073,2010-06-15
10758,26.967937168837302,2010-06-16
10759,26.474445422779443,2010-06-17
10760,6.885200357101531,2010-06-18
10761,3.097964225136989,2010-06-19
10762,10.08747301121262,2010-06-20
10763,0.6465777246693363,2010-06-21
10764,4.4374782219939926,2010-06-22
10765,0.0,2010-06-23
10766,0.0,2010-06-24
10767,6.9704721699152525,2010-06-25
10768,19.71694398824072,2010-06-26
10769,24.11839213441195,2010-06-27
10770,10.832413669289735,2010-06-28
10771,5.728759811057374,2010-06-29
10772,0.9657172003519501,2010-06-30
10773,0.004511396402487657,2010-07-01
10774,1.559996556900114,2010-07-02
10775,4.317591280335904,2010-07-03
10776,13.744976334837526,2010-07-04
10777,19.897954788599552,2010-07-05
10778,17.619417673737416,2010-07-06
10779,31.32498431202953,2010-07-07
10780,33.67958031780211,2010-07-08
10781,15.560738770017878,2010-07-09
10782,21.206310928937626,2010-07-10
10783,11.184077561985363,2010-07-11
10784,32.216895024028354,2010-07-12
10785,33.87728645257585,2010-07-13
10786,22.450793094718914,2010-07-14
10787,7.907656095706122,2010-07-15
10788,0.005191563581091917,2010-07-16
10789,7.417664588609401,2010-07-17
10790,30.98054041188484,2010-07-18
10791,22.137666226524065,2010-07-19
10792,9.484723019529998,2010-07-20
10793,19.88277019114787,2010-07-21
10794,13.522953224545699,2010-07-22
10795,13.520586236578973,2010-07-23
10796,3.153305502734925,2010-07-24
10797,6.291612868155201,2010-07-25
10798,20.28765494864008,2010-07-26
10799,32.42555380348586,2010-07-27
10800,42.858032582861945,2010-07-28
10801,12.64520799429885,2010-07-29
10802,5.057553778953218,2010-07-30
10803,0.0,2010-07-31
10804,12.289223472729459,2010-08-01
10805,24.368804956810926,2010-08-02
10806,33.28611994265112,2010-08-03
10807,41.49419088883835,2010-08-04
10808,3.3380177763550165,2010-08-05
10809,14.704018556757058,2010-08-06
10810,12.716645825881065,2010-08-07
10811,9.738677344587893,2010-08-08
10812,4.192332045060099,2010-08-09
10813,0.0,2010-08-10
10814,9.89302410363452,2010-08-11
10815,11.890444906520008,2010-08-12
10816,2.0357738844460407,2010-08-13
10817,3.486710076513878,2010-08-14
10818,19.002059109455686,2010-08-15
10819,8.846504282405999,2010-08-16
10820,8.909964786596662,2010-08-17
10821,7.1251308123037616,2010-08-18
10822,13.780872090499072,2010-08-19
10823,11.53632500961729,2010-08-20
10824,13.917586473509717,2010-08-21
10825,24.83455698511119,2010-08-22
10826,38.15780264823668,2010-08-23
10827,36.418670671860134,2010-08-24
10828,23.20387618196326,2010-08-25
10829,2.3964714271511838,2010-08-26
10830,20.265400728270457,2010-08-27
10831,35.853968441535315,2010-08-28
10832,19.139639773522653,2010-08-29
10833,36.930054211266935,2010-08-30
10834,5.330829852179699,2010-08-31
10835,5.7674649589851805,2010-09-01
10836,11.849875950351837,2010-09-02
10837,10.668131280938203,2010-09-03
10838,7.419081909188076,2010-09-04
10839,10.76669442369791,2010-09-05
10840,11.370948723907695,2010-09-06
10841,24.669322625325226,2010-09-07
10842,8.813746638619653,2010-09-08
10843,19.172102180911644,2010-09-09
10844,19.95033744165974,2010-09-10
10845,23.35818813911281,2010-09-11
10846,20.750064566240287,2010-09-12
10847,5.361701323713375,2010-09-13
10848,1.2343530433968015,2010-09-14
10849,0.20663656989849907,2010-09-15
10850,14.32597949648882,2010-09-16
10851,12.749085205363384,2010-09-17
10852,6.776852985994558,2010-09-18
10853,3.938929163479735,2010-09-19
10854,2.1921544479834365,2010-09-20
10855,5.80868253433809,2010-09-21
10856,5.3039125222964,2010-09-22
10857,13.645090058723852,2010-09-23
10858,18.85762020866193,2010-09-24
10859,35.19686643645212,2010-09-25
10860,6.75954322020679,2010-09-26
10861,18.43259689951922,2010-09-27
10862,41.56918108931735,2010-09-28
10863,55.63904891229443,2010-09-29
10864,2.2226357145673017,2010-09-30
10865,16.295705484183312,2010-10-01
10866,0.0,2010-10-02
10867,0.0,2010-10-03
10868,0.0,2010-10-04
10869,0.0,2010-10-05
10870,0.5778030507655438,2010-10-06
10871,0.0,2010-10-07
10872,0.0,2010-10-08
10873,0.0,2010-10-09
10874,0.0,2010-10-10
10875,0.0,2010-10-11
10876,0.0,2010-10-12
10877,0.07550467958198614,2010-10-13
10878,0.0705445144183475,2010-10-14
10879,0.0,2010-10-15
10880,0.0,2010-10-16
10881,0.0,2010-10-17
10882,0.17800972421148303,2010-10-18
10883,0.4127620926071123,2010-10-19
10884,0.0,2010-10-20
10885,0.0,2010-10-21
10886,0.0,2010-10-22
10887,0.0,2010-10-23
10888,8.91806011174781,2010-10-24
10889,3.64080801974993,2010-10-25
10890,11.457585050101855,2010-10-26
10891,0.5037838387699071,2010-10-27
10892,23.97318364621607,2010-10-28
10893,16.76484212785872,2010-10-29
10894,1.4405856751696455,2010-10-30
10895,0.0,2010-10-31
10896,0.0,2010-11-01
10897,0.0,2010-11-02
10898,0.3285281122045433,2010-11-03
10899,2.9207295576638144,2010-11-04
10900,0.0,2010-11-05
10901,0.0,2010-11-06
10902,0.0,2010-11-07
10903,0.0,2010-11-08
10904,0.39365186509498756,2010-11-09
10905,0.0,2010-11-10
10906,0.0,2010-11-11
10907,0.1165753837764438,2010-11-12
10908,0.0,2010-11-13
10909,0.0,2010-11-14
10910,0.0,2010-11-15
10911,0.0,2010-11-16
10912,0.0,2010-11-17
10913,0.006666507888749198,2010-11-18
10914,84.64050484503466,2010-11-19
10915,0.23949427803240914,2010-11-20
10916,0.18001270084437038,2010-11-21
10917,0.0,2010-11-22
10918,0.0,2010-11-23
10919,0.0,2010-11-24
10920,0.0,2010-11-25
10921,0.0,2010-11-26
10922,3.638559372697757,2010-11-27
10923,0.11280499992482475,2010-11-28
10924,0.0,2010-11-29
10925,0.0,2010-11-30
10926,4.04604658490402,2010-12-01
10927,8.825480859426461,2010-12-02
10928,0.8776558941480354,2010-12-03
10929,28.965034672242115,2010-12-04
10930,0.0,2010-12-05
10931,2.8828789858384565,2010-12-06
10932,0.0,2010-12-07
10933,0.0,2010-12-08
10934,0.0,2010-12-09
10935,0.2815708910475029,2010-12-10
10936,0.0,2010-12-11
10937,0.0,2010-12-12
10938,1.5968557839519466,2010-12-13
10939,0.043052049116654834,2010-12-14
10940,0.0,2010-12-15
10941,0.0,2010-12-16
10942,0.0,2010-12-17
10943,0.0,2010-12-18
10944,1.952471244705737,2010-12-19
10945,0.0,2010-12-20
10946,0.0,2010-12-21
10947,0.0,2010-12-22
10948,0.0,2010-12-23
10949,0.0,2010-12-24
10950,0.9154849655677147,2010-12-25
10951,2.6910856050060645,2010-12-26
10952,4.245527197482651,2010-12-27
10953,0.0,2010-12-28
10954,0.0,2010-12-29
10955,0.0,2010-12-30
10956,0.0,2010-12-31
10957,0.0,2011-01-01
10958,3.5120063852215093,2011-01-02
10959,10.550078331704013,2011-01-03
10960,0.03516083893538221,2011-01-04
10961,0.0,2011-01-05
10962,0.0,2011-01-06
10963,9.49175281085576,2011-01-07
10964,0.0,2011-01-08
10965,0.0,2011-01-09
10966,0.0,2011-01-10
10967,0.7949727302562456,2011-01-11
10968,16.107261711635196,2011-01-12
10969,11.032167764618949,2011-01-13
10970,10.394170032428505,2011-01-14
10971,0.0,2011-01-15
10972,0.14074725233564628,2011-01-16
10973,2.58865456402127,2011-01-17
10974,2.179854894649248,2011-01-18
10975,1.4321798730385968,2011-01-19
10976,0.0,2011-01-20
10977,0.0,2011-01-21
10978,6.154269179682578,2011-01-22
10979,0.0,2011-01-23
10980,0.5436807895755488,2011-01-24
10981,2.0819632610058156,2011-01-25
10982,27.133899272683774,2011-01-26
10983,6.121164632249089,2011-01-27
10984,13.032439856543215,2011-01-28
10985,0.0,2011-01-29
10986,0.0,2011-01-30
10987,0.0,2011-01-31
10988,0.0,2011-02-01
10989,0.0,2011-02-02
10990,0.0,2011-02-03
10991,0.0,2011-02-04
10992,0.13373274034069432,2011-02-05
10993,0.0,2011-02-06
10994,0.0,2011-02-07
10995,6.132162499917219,2011-02-08
10996,0.0,2011-02-09
10997,0.0,2011-02-10
10998,4.13463176995778,2011-02-11
10999,11.94617460684343,2011-02-12
11000,4.570127604811773,2011-02-13
11001,0.0,2011-02-14
11002,2.369602916163783,2011-02-15
11003,0.0,2011-02-16
11004,0.0,2011-02-17
11005,3.172650013473376,2011-02-18
11006,7.435340448152986,2011-02-19
11007,1.2999588203430175,2011-02-20
11008,0.0,2011-02-21
11009,0.0,2011-02-22
11010,0.21517582247334144,2011-02-23
11011,0.0,2011-02-24
11012,0.0,2011-02-25
11013,0.0,2011-02-26
11014,0.0,2011-02-27
11015,0.009985789189939975,2011-02-28
11016,2.087261202440234,2011-03-01
11017,3.2198151911738337,2011-03-02
11018,0.0,2011-03-03
11019,0.0,2011-03-04
11020,0.0,2011-03-05
11021,0.0,2011-03-06
11022,3.3562617031220463,2011-03-07
11023,0.0,2011-03-08
11024,0.0,2011-03-09
11025,3.592769873778492,2011-03-10
11026,20.073062962506874,2011-03-11
11027,6.852047520858453,2011-03-12
11028,0.0,2011-03-13
11029,0.0,2011-03-14
11030,0.0,2011-03-15
11031,4.751504788161025,2011-03-16
11032,19.69812848821063,2011-03-17
11033,0.014991054590846088,2011-03-18
11034,0.0,2011-03-19
11035,0.6598327910515571,2011-03-20
11036,0.5565183510318878,2011-03-21
11037,0.0,2011-03-22
11038,0.0,2011-03-23
11039,0.0,2011-03-24
11040,0.0,2011-03-25
11041,0.0,2011-03-26
11042,0.0,2011-03-27
11043,0.0,2011-03-28
11044,0.0,2011-03-29
11045,0.0,2011-03-30
11046,4.494410712278484,2011-03-31
11047,0.3695834104196767,2011-04-01
11048,0.32715355566869386,2011-04-02
11049,2.414021051901876,2011-04-03
11050,0.0,2011-04-04
11051,0.06952373527012262,2011-04-05
11052,9.91260325893279,2011-04-06
11053,0.0,2011-04-07
11054,5.4797880021148435,2011-04-08
11055,0.0,2011-04-09
11056,0.0,2011-04-10
11057,0.0,2011-04-11
11058,0.0,2011-04-12
11059,0.3937318213314605,2011-04-13
11060,0.0,2011-04-14
11061,0.0,2011-04-15
11062,0.0,2011-04-16
11063,0.0,2011-04-17
11064,0.0,2011-04-18
11065,0.34672258407838885,2011-04-19
11066,3.4583183394149604,2011-04-20
11067,17.94459020547504,2011-04-21
11068,8.25416092606933,2011-04-22
11069,16.623727944058064,2011-04-23
11070,7.441493147685033,2011-04-24
11071,0.6710097839825314,2011-04-25
11072,12.606318876932095,2011-04-26
11073,0.0,2011-04-27
11074,2.0104065369580852,2011-04-28
11075,20.96797902747683,2011-04-29
11076,0.0,2011-04-30
11077,0.0,2011-05-01
11078,0.0,2011-05-02
11079,0.3645384382432507,2011-05-03
11080,0.0,2011-05-04
11081,0.0,2011-05-05
11082,0.0,2011-05-06
11083,0.0,2011-05-07
11084,0.0,2011-05-08
11085,0.0,2011-05-09
11086,13.33161108897928,2011-05-10
11087,13.992888309193503,2011-05-11
11088,8.747176803997187,2011-05-12
11089,15.831492712854294,2011-05-13
11090,5.070789273267618,2011-05-14
11091,1.1625566801087945,2011-05-15
11092,0.0,2011-05-16
11093,1.1364717617482385,2011-05-17
11094,1.8161815749375356,2011-05-18
11095,0.38395037392367365,2011-05-19
11096,0.262244971252956,2011-05-20
11097,12.70321207320586,2011-05-21
11098,1.5742042970237848,2011-05-22
11099,0.0,2011-05-23
11100,0.0,2011-05-24
11101,0.0,2011-05-25
11102,0.5302145546272705,2011-05-26
11103,23.7096410015811,2011-05-27
11104,7.72924471220313,2011-05-28
11105,13.222304563578275,2011-05-29
11106,8.48485244023835,2011-05-30
11107,20.161871468104934,2011-05-31
11108,19.068867353735786,2011-06-01
11109,0.02338484576720297,2011-06-02
11110,0.0,2011-06-03
11111,5.111862909591093,2011-06-04
11112,0.0,2011-06-05
11113,0.0,2011-06-06
11114,0.0,2011-06-07
11115,23.911177250311166,2011-06-08
11116,19.78670033373791,2011-06-09
11117,3.556740263494229,2011-06-10
11118,2.439766207174822,2011-06-11
11119,15.571441507129725,2011-06-12
11120,5.905615040745555,2011-06-13
11121,0.6037954502161647,2011-06-14
11122,0.0,2011-06-15
11123,1.5386307404817376,2011-06-16
11124,5.648174387464775,2011-06-17
11125,20.91084128410586,2011-06-18
11126,43.54794119076995,2011-06-19
11127,48.06330476855952,2011-06-20
11128,17.178443801074433,2011-06-21
11129,4.571437833344134,2011-06-22
11130,3.2554540187522463,2011-06-23
11131,31.78509485932739,2011-06-24
11132,22.064162903391367,2011-06-25
11133,6.5207363232839155,2011-06-26
11134,15.616576139416516,2011-06-27
11135,17.714634052455605,2011-06-28
11136,19.261643318109154,2011-06-29
11137,21.06282849678197,2011-06-30
11138,30.587831989858856,2011-07-01
11139,27.55740199617627,2011-07-02
11140,10.627394340772435,2011-07-03
11141,0.34899241517366203,2011-07-04
11142,9.125340270520658,2011-07-05
11143,10.102023303096246,2011-07-06
11144,18.93986990405667,2011-07-07
11145,9.92017813556705,2011-07-08
11146,17.208791822841786,2011-07-09
11147,11.83476286675573,2011-07-10
11148,37.94851532133445,2011-07-11
11149,19.915533158786136,2011-07-12
11150,33.87557473923803,2011-07-13
11151,48.79552096179502,2011-07-14
11152,15.71245165259957,2011-07-15
11153,6.721585779301932,2011-07-16
11154,19.837974657243297,2011-07-17
11155,18.998091648359104,2011-07-18
11156,23.886694837497476,2011-07-19
11157,1.0112077048237373,2011-07-20
11158,5.314181350473085,2011-07-21
11159,3.005575546113627,2011-07-22
11160,18.2950005731275,2011-07-23
11161,0.9555016093939281,2011-07-24
11162,0.004586025976365612,2011-07-25
11163,0.0,2011-07-26
11164,1.5943935492730912,2011-07-27
11165,19.57395465671842,2011-07-28
11166,14.655909084197011,2011-07-29
11167,10.028342582445335,2011-07-30
11168,18.657606302244567,2011-07-31
11169,22.33270751203611,2011-08-01
11170,33.76408262563241,2011-08-02
11171,23.593124446421434,2011-08-03
11172,1.7601209807186182,2011-08-04
11173,0.0,2011-08-05
11174,0.0,2011-08-06
11175,0.3240201302777288,2011-08-07
11176,2.5602143659479806,2011-08-08
11177,0.576163710764776,2011-08-09
11178,13.59710912712858,2011-08-10
11179,1.5659465410003217,2011-08-11
11180,17.35566593231693,2011-08-12
11181,6.821549280703592,2011-08-13
11182,21.069186634779683,2011-08-14
11183,7.692067792450577,2011-08-15
11184,2.2671746927412375,2011-08-16
11185,0.27484610515605673,2011-08-17
11186,10.707159703945488,2011-08-18
11187,3.1911935149609527,2011-08-19
11188,24.57527177788295,2011-08-20
11189,5.737439762909743,2011-08-21
11190,27.593626915324823,2011-08-22
11191,0.6492777186195171,2011-08-23
11192,16.250058015784216,2011-08-24
11193,1.6877664158561012,2011-08-25
11194,23.83678336755972,2011-08-26
11195,11.623711015192299,2011-08-27
11196,34.172608262115205,2011-08-28
11197,19.886504743218072,2011-08-29
11198,27.898294132629786,2011-08-30
11199,24.257285201556527,2011-08-31
11200,15.528704328285288,2011-09-01
11201,7.1415870190785435,2011-09-02
11202,17.25825221383327,2011-09-03
11203,7.630828942749158,2011-09-04
11204,22.535742007056992,2011-09-05
11205,27.03267321086,2011-09-06
11206,26.039450853856785,2011-09-07
11207,16.734132418562595,2011-09-08
11208,16.16662009001478,2011-09-09
11209,13.53884154770032,2011-09-10
11210,0.0,2011-09-11
11211,20.426411571782356,2011-09-12
11212,47.402164453914786,2011-09-13
11213,2.650198283992555,2011-09-14
11214,6.1758060142651345,2011-09-15
11215,11.783362938749477,2011-09-16
11216,8.85114872921248,2011-09-17
11217,5.670722605350081,2011-09-18
11218,7.763902972101118,2011-09-19
11219,39.41851142066667,2011-09-20
11220,12.98614789308341,2011-09-21
11221,10.80184988178466,2011-09-22
11222,14.310945308383259,2011-09-23
11223,0.6780387146242204,2011-09-24
11224,8.337352793237681,2011-09-25
11225,4.116357529631808,2011-09-26
11226,0.0,2011-09-27
11227,22.417956951118985,2011-09-28
11228,7.9723791912783595,2011-09-29
11229,24.315801481151862,2011-09-30
11230,40.52205132783683,2011-10-01
11231,0.0,2011-10-02
11232,0.0,2011-10-03
11233,0.0,2011-10-04
11234,7.4231779532558395,2011-10-05
11235,29.093076329105408,2011-10-06
11236,17.47595824512918,2011-10-07
11237,16.871182980747168,2011-10-08
11238,0.0,2011-10-09
11239,13.772073879018206,2011-10-10
11240,39.98369880284732,2011-10-11
11241,46.11483800345501,2011-10-12
11242,15.143618908040338,2011-10-13
11243,35.198347529525996,2011-10-14
11244,39.15437382074396,2011-10-15
11245,1.846879137044778,2011-10-16
11246,0.0,2011-10-17
11247,35.54883018387379,2011-10-18
11248,61.9758996558539,2011-10-19
11249,0.0,2011-10-20
11250,0.0,2011-10-21
11251,0.0,2011-10-22
11252,0.0,2011-10-23
11253,0.0,2011-10-24
11254,0.0,2011-10-25
11255,0.0,2011-10-26
11256,0.0,2011-10-27
11257,0.0,2011-10-28
11258,0.0,2011-10-29
11259,0.0,2011-10-30
11260,0.0,2011-10-31
11261,0.0,2011-11-01
11262,0.0,2011-11-02
11263,5.045471722807003,2011-11-03
11264,11.832473791911104,2011-11-04
11265,0.0,2011-11-05
11266,0.0,2011-11-06
11267,7.461582660031807,2011-11-07
11268,0.0,2011-11-08
11269,0.0,2011-11-09
11270,0.023785957828644785,2011-11-10
11271,6.378434184010079,2011-11-11
11272,2.699200976447276,2011-11-12
11273,0.0,2011-11-13
11274,0.0,2011-11-14
11275,1.2991887159151765,2011-11-15
11276,11.54477627740228,2011-11-16
11277,12.751414190667113,2011-11-17
11278,2.019348776501295,2011-11-18
11279,0.08197761504880843,2011-11-19
11280,1.7504752228756455,2011-11-20
11281,18.742452125968818,2011-11-21
11282,0.0,2011-11-22
11283,1.3891976136965487,2011-11-23
11284,0.1239877842598297,2011-11-24
11285,0.0,2011-11-25
11286,0.0,2011-11-26
11287,0.0,2011-11-27
11288,12.255758515914515,2011-11-28
11289,0.0,2011-11-29
11290,0.0,2011-11-30
11291,0.0,2011-12-01
11292,0.0,2011-12-02
11293,1.8027385300275518,2011-12-03
11294,0.0,2011-12-04
11295,0.0,2011-12-05
11296,0.0,2011-12-06
11297,2.3995120884456242,2011-12-07
11298,4.057655107884114,2011-12-08
11299,1.433374975517698,2011-12-09
11300,0.0,2011-12-10
11301,0.0,2011-12-11
11302,0.0,2011-12-12
11303,5.054282042959219,2011-12-13
11304,4.652636625312292,2011-12-14
11305,5.387890439970402,2011-12-15
11306,12.23107523834251,2011-12-16
11307,0.23028141997776427,2011-12-17
11308,8.564078493733561,2011-12-18
11309,0.5174259395823102,2011-12-19
11310,0.0,2011-12-20
11311,0.0,2011-12-21
11312,0.0,2011-12-22
11313,0.05793914884416239,2011-12-23
11314,14.627834749445539,2011-12-24
11315,2.6046667632049827,2011-12-25
11316,2.386605371715736,2011-12-26
11317,0.0,2011-12-27
11318,5.501653391678662,2011-12-28
11319,0.0,2011-12-29
11320,0.0,2011-12-30
11321,1.8911464678856635,2011-12-31
11322,0.0,2012-01-01
11323,0.0,2012-01-02
11324,0.0,2012-01-03
11325,0.0,2012-01-04
11326,0.0,2012-01-05
11327,0.0,2012-01-06
11328,0.0,2012-01-07
11329,0.0,2012-01-08
11330,0.0,2012-01-09
11331,0.0,2012-01-10
11332,0.0,2012-01-11
11333,0.0,2012-01-12
11334,0.0,2012-01-13
11335,0.0,2012-01-14
11336,0.0,2012-01-15
11337,0.0,2012-01-16
11338,0.0,2012-01-17
11339,0.0,2012-01-18
11340,0.0,2012-01-19
11341,0.0,2012-01-20
11342,0.0,2012-01-21
11343,0.0,2012-01-22
11344,0.0,2012-01-23
11345,0.0,2012-01-24
11346,0.0,2012-01-25
11347,0.0,2012-01-26
11348,53.785250766563976,2012-01-27
11349,0.0,2012-01-28
11350,0.0,2012-01-29
11351,0.5188221454340691,2012-01-30
11352,90.6571361821418,2012-01-31
11353,17.11369519054715,2012-02-01
11354,66.06792587285862,2012-02-02
11355,2.76548161895394,2012-02-03
11356,1.8589353967202376,2012-02-04
11357,0.04227140395872054,2012-02-05
11358,0.21171258165689505,2012-02-06
11359,0.0,2012-02-07
11360,3.868759378925447,2012-02-08
11361,0.07779727496709293,2012-02-09
11362,2.038748010372487,2012-02-10
11363,0.0,2012-02-11
11364,0.3853426780029476,2012-02-12
11365,0.13376876903768858,2012-02-13
11366,0.0,2012-02-14
11367,0.0,2012-02-15
11368,0.0,2012-02-16
11369,0.0,2012-02-17
11370,0.0,2012-02-18
11371,0.0,2012-02-19
11372,0.13796468620076557,2012-02-20
11373,0.16044792309534514,2012-02-21
11374,0.0,2012-02-22
11375,0.0,2012-02-23
11376,0.0,2012-02-24
11377,0.6108711287422963,2012-02-25
11378,0.0,2012-02-26
11379,0.072451333468261,2012-02-27
11380,0.06846233437837393,2012-02-28
11381,0.0,2012-02-29
11382,0.0,2012-03-01
11383,0.0,2012-03-02
11384,0.0,2012-03-03
11385,0.03739801960606729,2012-03-04
11386,0.08761324818183251,2012-03-05
11387,0.07203230625723116,2012-03-06
11388,0.0,2012-03-07
11389,0.0,2012-03-08
11390,0.0,2012-03-09
11391,0.03008715151342129,2012-03-10
11392,0.0,2012-03-11
11393,0.0,2012-03-12
11394,0.0,2012-03-13
11395,0.0,2012-03-14
11396,0.0,2012-03-15
11397,0.0,2012-03-16
11398,0.0,2012-03-17
11399,0.0,2012-03-18
11400,0.0,2012-03-19
11401,0.9463309827787785,2012-03-20
11402,15.126106877746478,2012-03-21
11403,1.6245711455806608,2012-03-22
11404,1.8237678812955485,2012-03-23
11405,1.3844427520578557,2012-03-24
11406,6.917849018273116,2012-03-25
11407,7.021694645140529,2012-03-26
11408,0.2570721782337535,2012-03-27
11409,5.692342006118418,2012-03-28
11410,0.0,2012-03-29
11411,0.12001394255070394,2012-03-30
11412,26.78064321132,2012-03-31
11413,7.009988914948405,2012-04-01
11414,3.8945029144343044,2012-04-02
11415,11.184955963095614,2012-04-03
11416,11.906367135984809,2012-04-04
11417,1.5415835981984294,2012-04-05
11418,2.9508828726821625,2012-04-06
11419,7.458247726977395,2012-04-07
11420,0.0,2012-04-08
11421,0.0,2012-04-09
11422,0.0,2012-04-10
11423,0.45282513254898377,2012-04-11
11424,0.0,2012-04-12
11425,0.0,2012-04-13
11426,7.538960567121981,2012-04-14
11427,2.008114411446356,2012-04-15
11428,0.9696448272274386,2012-04-16
11429,12.55679063482369,2012-04-17
11430,11.766330113690623,2012-04-18
11431,0.0,2012-04-19
11432,0.0,2012-04-20
11433,0.0,2012-04-21
11434,0.6816135204852152,2012-04-22
11435,5.280858934268223,2012-04-23
11436,0.0,2012-04-24
11437,0.0,2012-04-25
11438,0.0,2012-04-26
11439,0.0,2012-04-27
11440,0.0,2012-04-28
11441,0.0,2012-04-29
11442,0.0,2012-04-30
11443,0.3559546723743338,2012-05-01
11444,0.0,2012-05-02
11445,0.0,2012-05-03
11446,0.0,2012-05-04
11447,2.654069056273207,2012-05-05
11448,1.1320985924882976,2012-05-06
11449,0.14098965818231757,2012-05-07
11450,0.0,2012-05-08
11451,0.18450558549847423,2012-05-09
11452,0.0,2012-05-10
11453,0.0,2012-05-11
11454,0.0,2012-05-12
11455,17.678644735330707,2012-05-13
11456,1.1563564354793066,2012-05-14
11457,0.0,2012-05-15
11458,27.174385832565626,2012-05-16
11459,10.703725138325847,2012-05-17
11460,4.799104998887809,2012-05-18
11461,9.586757353254077,2012-05-19
11462,20.751848736005083,2012-05-20
11463,0.010968904411338291,2012-05-21
11464,0.0,2012-05-22
11465,0.0,2012-05-23
11466,0.4702023222299615,2012-05-24
11467,10.27780538595317,2012-05-25
11468,30.318847636113762,2012-05-26
11469,32.75580886622677,2012-05-27
11470,30.202676767981288,2012-05-28
11471,11.15695568227349,2012-05-29
11472,1.5113396180899612,2012-05-30
11473,1.109336169290403,2012-05-31
11474,2.092222391699067,2012-06-01
11475,5.577219806906065,2012-06-02
11476,5.24731298529158,2012-06-03
11477,12.709953378959838,2012-06-04
11478,14.920952465247549,2012-06-05
11479,8.112290887441103,2012-06-06
11480,13.907044341794906,2012-06-07
11481,18.46286510624144,2012-06-08
11482,3.0218415344775242,2012-06-09
11483,9.578887615707263,2012-06-10
11484,6.941364443323129,2012-06-11
11485,0.0,2012-06-12
11486,0.840649535942637,2012-06-13
11487,13.049347459787496,2012-06-14
11488,2.6368570158838183,2012-06-15
11489,25.49653299779138,2012-06-16
11490,21.83011767401373,2012-06-17
11491,18.017660559321424,2012-06-18
11492,8.472124279195608,2012-06-19
11493,5.74662290156412,2012-06-20
11494,21.63093828430624,2012-06-21
11495,17.946161842066516,2012-06-22
11496,13.156309759470025,2012-06-23
11497,22.01961411176889,2012-06-24
11498,3.5404057903793205,2012-06-25
11499,25.185896257137625,2012-06-26
11500,4.951039307222338,2012-06-27
11501,6.690280007225328,2012-06-28
11502,9.774600082730267,2012-06-29
11503,0.0,2012-06-30
11504,11.928424850475055,2012-07-01
11505,17.58175946109806,2012-07-02
11506,3.7499501462136546,2012-07-03
11507,16.618513452132778,2012-07-04
11508,0.0,2012-07-05
11509,0.0,2012-07-06
11510,0.0,2012-07-07
11511,5.946276217150198,2012-07-08
11512,0.0,2012-07-09
11513,7.329906506915946,2012-07-10
11514,16.914245407070936,2012-07-11
11515,8.881811503832644,2012-07-12
11516,0.09350588156680559,2012-07-13
11517,1.8237458011621606,2012-07-14
11518,0.0444332014290818,2012-07-15
11519,0.0,2012-07-16
11520,33.588579363165714,2012-07-17
11521,10.279946497136898,2012-07-18
11522,8.580898538908302,2012-07-19
11523,4.587684907325902,2012-07-20
11524,2.3745834447911056,2012-07-21
11525,3.691249533007223,2012-07-22
11526,59.42665801084637,2012-07-23
11527,14.47220583068311,2012-07-24
11528,8.08358112290458,2012-07-25
11529,0.5032770628943122,2012-07-26
11530,7.977134868867934,2012-07-27
11531,0.8577069972197681,2012-07-28
11532,0.1663452164099014,2012-07-29
11533,12.446216638850325,2012-07-30
11534,5.279643728082829,2012-07-31
11535,5.08180962414336,2012-08-01
11536,1.0616882405602686,2012-08-02
11537,2.9179557870490114,2012-08-03
11538,25.644207208750885,2012-08-04
11539,6.591951076641809,2012-08-05
11540,0.6021036674410019,2012-08-06
11541,5.4601718703742605,2012-08-07
11542,6.8534044271620145,2012-08-08
11543,14.357296141515382,2012-08-09
11544,12.94239796347632,2012-08-10
11545,24.643164151882495,2012-08-11
11546,18.003165889639313,2012-08-12
11547,17.54998366207671,2012-08-13
11548,1.2962425947888505,2012-08-14
11549,0.0,2012-08-15
11550,12.116952462294234,2012-08-16
11551,24.75905545791224,2012-08-17
11552,22.79755991373595,2012-08-18
11553,1.4521754558484932,2012-08-19
11554,7.412156755889265,2012-08-20
11555,24.52112674914498,2012-08-21
11556,18.69439781854579,2012-08-22
11557,11.905283682255456,2012-08-23
11558,0.15499497206679538,2012-08-24
11559,0.3047675680345105,2012-08-25
11560,0.0,2012-08-26
11561,0.7141274593163096,2012-08-27
11562,9.702171994542098,2012-08-28
11563,38.89482669338104,2012-08-29
11564,21.77556436186312,2012-08-30
11565,32.73112889208751,2012-08-31
11566,6.90451505093281,2012-09-01
11567,0.0,2012-09-02
11568,0.0,2012-09-03
11569,0.0,2012-09-04
11570,0.0,2012-09-05
11571,1.2357912478628748,2012-09-06
11572,24.544581225274957,2012-09-07
11573,20.711157792166883,2012-09-08
11574,10.994663237434679,2012-09-09
11575,17.43793618758752,2012-09-10
11576,19.71633865596962,2012-09-11
11577,5.24385573619272,2012-09-12
11578,0.6375119310530051,2012-09-13
11579,0.0,2012-09-14
11580,0.0,2012-09-15
11581,0.2704134690516855,2012-09-16
11582,1.4677471150820558,2012-09-17
11583,12.796580327696818,2012-09-18
11584,15.019707661961531,2012-09-19
11585,8.978018129564107,2012-09-20
11586,9.2303163032308,2012-09-21
11587,0.6621553349425017,2012-09-22
11588,0.0,2012-09-23
11589,12.374195083495106,2012-09-24
11590,13.540055328995601,2012-09-25
11591,13.911414675335033,2012-09-26
11592,18.370654392298363,2012-09-27
11593,0.11590494116730006,2012-09-28
11594,0.7981282956019875,2012-09-29
11595,0.0,2012-09-30
11596,0.22691426347078117,2012-10-01
11597,53.28770896363468,2012-10-02
11598,25.668299728684413,2012-10-03
11599,0.6190564896703815,2012-10-04
11600,0.0,2012-10-05
11601,0.0,2012-10-06
11602,2.76128456233184,2012-10-07
11603,20.549520512074665,2012-10-08
11604,6.99269755181679,2012-10-09
11605,9.502129052517352,2012-10-10
11606,28.70027857363748,2012-10-11
11607,15.085071641916402,2012-10-12
11608,19.18708599073796,2012-10-13
11609,0.0,2012-10-14
11610,0.0,2012-10-15
11611,0.0,2012-10-16
11612,0.0,2012-10-17
11613,0.0,2012-10-18
11614,0.5219294110071625,2012-10-19
11615,19.071052176959352,2012-10-20
11616,9.94186101460387,2012-10-21
11617,2.96726889792076,2012-10-22
11618,0.0,2012-10-23
11619,0.0,2012-10-24
11620,0.0,2012-10-25
11621,0.0,2012-10-26
11622,0.0,2012-10-27
11623,0.0,2012-10-28
11624,0.0,2012-10-29
11625,0.0,2012-10-30
11626,0.0,2012-10-31
11627,0.0,2012-11-01
11628,0.0,2012-11-02
11629,0.0,2012-11-03
11630,0.0,2012-11-04
11631,2.744545445931622,2012-11-05
11632,0.44781908328931697,2012-11-06
11633,0.0,2012-11-07
11634,0.0,2012-11-08
11635,0.0,2012-11-09
11636,0.0,2012-11-10
11637,0.0,2012-11-11
11638,0.0,2012-11-12
11639,1.6075416436013588,2012-11-13
11640,0.0,2012-11-14
11641,0.0,2012-11-15
11642,1.8307641551781257,2012-11-16
11643,0.0,2012-11-17
11644,0.0,2012-11-18
11645,0.0,2012-11-19
11646,0.0,2012-11-20
11647,0.0,2012-11-21
11648,0.0,2012-11-22
11649,0.0,2012-11-23
11650,1.2437185699709,2012-11-24
11651,0.0,2012-11-25
11652,0.0,2012-11-26
11653,0.0,2012-11-27
11654,3.3212099997109332,2012-11-28
11655,1.1156272630607627,2012-11-29
11656,55.389006903723875,2012-11-30
11657,6.667154127048258,2012-12-01
11658,5.525459706370782,2012-12-02
11659,0.0,2012-12-03
11660,0.0,2012-12-04
11661,0.6457522047439979,2012-12-05
11662,3.9111281007895364,2012-12-06
11663,0.0,2012-12-07
11664,0.0,2012-12-08
11665,0.0,2012-12-09
11666,0.0,2012-12-10
11667,0.3209952694789406,2012-12-11
11668,6.394063702552549,2012-12-12
11669,20.57551610876738,2012-12-13
11670,0.0,2012-12-14
11671,0.0,2012-12-15
11672,0.0,2012-12-16
11673,0.0,2012-12-17
11674,0.0,2012-12-18
11675,0.0,2012-12-19
11676,0.3190685304099164,2012-12-20
11677,0.17705984792401713,2012-12-21
11678,7.999957856768388,2012-12-22
11679,0.03803151799087301,2012-12-23
11680,0.0,2012-12-24
11681,0.0,2012-12-25
11682,0.0,2012-12-26
11683,0.0,2012-12-27
11684,0.0,2012-12-28
11685,0.0,2012-12-29
11686,7.05579178203236,2012-12-30
11687,1.3270914081674166,2012-12-31
11688,0.0,2013-01-01
11689,0.0,2013-01-02
11690,0.0,2013-01-03
11691,7.003603468696392,2013-01-04
11692,2.3228342983100423,2013-01-05
11693,1.8405429042749042,2013-01-06
11694,3.5242658093527965,2013-01-07
11695,6.15219210121289,2013-01-08
11696,0.0,2013-01-09
11697,0.0,2013-01-10
11698,12.589700223973075,2013-01-11
11699,0.0,2013-01-12
11700,0.0,2013-01-13
11701,0.0,2013-01-14
11702,0.0,2013-01-15
11703,0.0,2013-01-16
11704,12.832766517488142,2013-01-17
11705,0.0,2013-01-18
11706,0.0,2013-01-19
11707,0.0,2013-01-20
11708,0.0,2013-01-21
11709,0.0,2013-01-22
11710,0.0,2013-01-23
11711,10.002015325708472,2013-01-24
11712,0.8723385572293637,2013-01-25
11713,2.198774458669847,2013-01-26
11714,8.927622753322302,2013-01-27
11715,0.0,2013-01-28
11716,0.0,2013-01-29
11717,0.0,2013-01-30
11718,8.370048951011949,2013-01-31
11719,6.18812639387472,2013-02-01
11720,0.0,2013-02-02
11721,0.0,2013-02-03
11722,0.0,2013-02-04
11723,0.0,2013-02-05
11724,8.312848866985691,2013-02-06
11725,0.0,2013-02-07
11726,0.0,2013-02-08
11727,0.0,2013-02-09
11728,0.0,2013-02-10
11729,0.0,2013-02-11
11730,0.0,2013-02-12
11731,0.0,2013-02-13
11732,5.041414180906637,2013-02-14
11733,7.452464691816537,2013-02-15
11734,6.355424878142798,2013-02-16
11735,0.5793047079382755,2013-02-17
11736,0.0,2013-02-18
11737,0.0,2013-02-19
11738,0.0,2013-02-20
11739,0.6846427782959253,2013-02-21
11740,0.0,2013-02-22
11741,0.0,2013-02-23
11742,1.5648299550870297,2013-02-24
11743,0.11832990489747168,2013-02-25
11744,0.0,2013-02-26
11745,0.0,2013-02-27
11746,0.0,2013-02-28
11747,3.752170510613674,2013-03-01
11748,5.321718985146442,2013-03-02
11749,0.0,2013-03-03
11750,0.0,2013-03-04
11751,0.0,2013-03-05
11752,0.0,2013-03-06
11753,0.0630766604023595,2013-03-07
11754,0.0,2013-03-08
11755,0.0,2013-03-09
11756,0.0,2013-03-10
11757,0.0,2013-03-11
11758,0.0,2013-03-12
11759,0.0,2013-03-13
11760,0.0,2013-03-14
11761,0.0,2013-03-15
11762,0.13359608927080707,2013-03-16
11763,0.0,2013-03-17
11764,0.0,2013-03-18
11765,17.661749758342843,2013-03-19
11766,20.429893433355513,2013-03-20
11767,11.301121389159709,2013-03-21
11768,6.912875976394698,2013-03-22
11769,0.0,2013-03-23
11770,0.0,2013-03-24
11771,12.473776497966732,2013-03-25
11772,0.9486948809246164,2013-03-26
11773,0.0589488773961221,2013-03-27
11774,16.328697455565603,2013-03-28
11775,0.0,2013-03-29
11776,0.0,2013-03-30
11777,0.0,2013-03-31
11778,0.0,2013-04-01
11779,0.0,2013-04-02
11780,0.0,2013-04-03
11781,0.014173305880638861,2013-04-04
11782,4.252631155808301,2013-04-05
11783,0.0,2013-04-06
11784,0.0,2013-04-07
11785,0.580422661213581,2013-04-08
11786,0.0,2013-04-09
11787,2.043765275834942,2013-04-10
11788,0.0,2013-04-11
11789,0.03844529985332768,2013-04-12
11790,0.0,2013-04-13
11791,0.10936667308080232,2013-04-14
11792,0.33205754695400114,2013-04-15
11793,0.0,2013-04-16
11794,0.0,2013-04-17
11795,0.0,2013-04-18
11796,0.014573113673593291,2013-04-19
11797,30.47780520822295,2013-04-20
11798,0.0,2013-04-21
11799,0.0,2013-04-22
11800,0.0,2013-04-23
11801,0.0,2013-04-24
11802,0.0,2013-04-25
11803,0.0,2013-04-26
11804,0.0,2013-04-27
11805,0.0,2013-04-28
11806,1.9284342831530532,2013-04-29
11807,32.52018376101498,2013-04-30
11808,2.7879013740981433,2013-05-01
11809,13.174842134347058,2013-05-02
11810,15.902300800703845,2013-05-03
11811,0.024863573113494606,2013-05-04
11812,0.0,2013-05-05
11813,5.400842400352278,2013-05-06
11814,0.0036769216710870914,2013-05-07
11815,2.297444510278115,2013-05-08
11816,0.0,2013-05-09
11817,0.0,2013-05-10
11818,8.241034419851216,2013-05-11
11819,2.8963502607876963,2013-05-12
11820,0.9466604978667676,2013-05-13
11821,0.0,2013-05-14
11822,0.0,2013-05-15
11823,0.0,2013-05-16
11824,0.0,2013-05-17
11825,0.0,2013-05-18
11826,0.0,2013-05-19
11827,0.637980290661809,2013-05-20
11828,12.128749137889614,2013-05-21
11829,16.595912712186664,2013-05-22
11830,14.534642105410184,2013-05-23
11831,6.721904816515636,2013-05-24
11832,7.236261361351462,2013-05-25
11833,22.88387883821191,2013-05-26
11834,23.155326772561168,2013-05-27
11835,4.624862497447172,2013-05-28
11836,13.750747544716532,2013-05-29
11837,5.3992169091289,2013-05-30
11838,7.36589635868576,2013-05-31
11839,11.826920520441274,2013-06-01
11840,23.24701833652262,2013-06-02
11841,20.537804044069084,2013-06-03
11842,16.22413242099572,2013-06-04
11843,19.956564138194334,2013-06-05
11844,20.975842381250825,2013-06-06
11845,23.07784940870626,2013-06-07
11846,19.60124574387179,2013-06-08
11847,16.531371829348924,2013-06-09
11848,1.9689462496737928,2013-06-10
11849,7.5559537809825015,2013-06-11
11850,0.5816677077844346,2013-06-12
11851,7.0125622180200375,2013-06-13
11852,4.059029222303822,2013-06-14
11853,0.3133555924647714,2013-06-15
11854,3.218574857432122,2013-06-16
11855,4.673984385096085,2013-06-17
11856,2.2232938501632113,2013-06-18
11857,19.313964716835805,2013-06-19
11858,26.13376287320492,2013-06-20
11859,1.7591627439795354,2013-06-21
11860,9.67859291803802,2013-06-22
11861,3.0379528321408804,2013-06-23
11862,0.49731706630449496,2013-06-24
11863,17.47750884014141,2013-06-25
11864,10.587681420150039,2013-06-26
11865,2.6402175126257528,2013-06-27
11866,8.734253124589443,2013-06-28
11867,12.217255913015684,2013-06-29
11868,6.688752489663286,2013-06-30
11869,42.52478987786078,2013-07-01
11870,15.042071164849917,2013-07-02
11871,22.9279286077505,2013-07-03
11872,55.16057019488202,2013-07-04
11873,17.214820865116515,2013-07-05
11874,1.6351231074403112,2013-07-06
11875,0.0,2013-07-07
11876,0.0,2013-07-08
11877,1.6975339587482892,2013-07-09
11878,0.0,2013-07-10
11879,7.918692666470481,2013-07-11
11880,11.402035064976932,2013-07-12
11881,29.38919711563244,2013-07-13
11882,15.332430554666827,2013-07-14
11883,33.97487739423153,2013-07-15
11884,4.723702956196849,2013-07-16
11885,3.685756113899768,2013-07-17
11886,1.3950393222154414,2013-07-18
11887,1.520348362908685,2013-07-19
11888,0.0,2013-07-20
11889,19.762966741970207,2013-07-21
11890,1.3877744691742477,2013-07-22
11891,16.733997461760854,2013-07-23
11892,18.240590922503884,2013-07-24
11893,7.592626400916808,2013-07-25
11894,1.5920922750322002,2013-07-26
11895,0.0,2013-07-27
11896,0.8920548309818391,2013-07-28
11897,1.7769605236808577,2013-07-29
11898,0.9593071960773636,2013-07-30
11899,19.90753577988868,2013-07-31
11900,1.633735823197798,2013-08-01
11901,1.5294217459826878,2013-08-02
11902,0.0,2013-08-03
11903,11.345735833735763,2013-08-04
11904,17.635846382655703,2013-08-05
11905,8.005723639625257,2013-08-06
11906,0.0,2013-08-07
11907,0.0,2013-08-08
11908,0.0,2013-08-09
11909,2.1426479432450014,2013-08-10
11910,4.770938814001,2013-08-11
11911,13.8029696272685,2013-08-12
11912,0.2348496403092863,2013-08-13
11913,0.0,2013-08-14
11914,3.357059260715138,2013-08-15
11915,41.831970568961765,2013-08-16
11916,9.049845043808837,2013-08-17
11917,9.496412540195276,2013-08-18
11918,7.943126312267047,2013-08-19
11919,4.5998661173124145,2013-08-20
11920,7.242602999119466,2013-08-21
11921,5.674561190996701,2013-08-22
11922,1.080629698929549,2013-08-23
11923,16.218169187954103,2013-08-24
11924,4.646146148278917,2013-08-25
11925,13.06006573084163,2013-08-26
11926,5.510761091702146,2013-08-27
11927,16.611704357376546,2013-08-28
11928,2.5441007293913724,2013-08-29
11929,12.694438761630016,2013-08-30
11930,24.445188378085145,2013-08-31
11931,10.58098054360085,2013-09-01
11932,29.054460714122065,2013-09-02
11933,2.8936067864482355,2013-09-03
11934,18.291497657809447,2013-09-04
11935,11.564481133072258,2013-09-05
11936,3.9320259678748353,2013-09-06
11937,20.121649678305804,2013-09-07
11938,23.864093361963626,2013-09-08
11939,4.485322094522963,2013-09-09
11940,12.451834126106107,2013-09-10
11941,14.197013946096915,2013-09-11
11942,18.231731608745996,2013-09-12
11943,12.980559498767345,2013-09-13
11944,13.778661610276123,2013-09-14
11945,17.459271467186486,2013-09-15
11946,3.817461905689183,2013-09-16
11947,10.865439339774793,2013-09-17
11948,7.743720974502672,2013-09-18
11949,13.593608220413634,2013-09-19
11950,17.876670112693763,2013-09-20
11951,1.66316517477511,2013-09-21
11952,13.443978033653101,2013-09-22
11953,27.852194846033,2013-09-23
11954,16.96837336475898,2013-09-24
11955,11.7835231130214,2013-09-25
11956,4.512534481115706,2013-09-26
11957,12.675087659030366,2013-09-27
11958,0.0,2013-09-28
11959,6.587606872659276,2013-09-29
11960,5.387325545475979,2013-09-30
11961,0.0,2013-10-01
11962,3.288994899481273,2013-10-02
11963,0.0,2013-10-03
11964,24.716372844550605,2013-10-04
11965,0.3681513178872923,2013-10-05
11966,19.75274368554616,2013-10-06
11967,30.492909544556024,2013-10-07
11968,0.5631425942843261,2013-10-08
11969,25.176873969668165,2013-10-09
11970,12.84980871055133,2013-10-10
11971,9.2367399686103,2013-10-11
11972,8.272405635296773,2013-10-12
11973,0.004733592170424476,2013-10-13
11974,0.0,2013-10-14
11975,0.0,2013-10-15
11976,0.0,2013-10-16
11977,0.0,2013-10-17
11978,0.0,2013-10-18
11979,1.140247780808256,2013-10-19
11980,8.191489313970216,2013-10-20
11981,18.329158539086848,2013-10-21
11982,0.002770805358886719,2013-10-22
11983,26.29669071203103,2013-10-23
11984,20.449372031527883,2013-10-24
11985,48.38352251170319,2013-10-25
11986,13.694914274635202,2013-10-26
11987,0.5744670445059052,2013-10-27
11988,19.39378824508086,2013-10-28
11989,31.30477833079453,2013-10-29
11990,21.764396979871727,2013-10-30
11991,0.0,2013-10-31
11992,0.0,2013-11-01
11993,0.0,2013-11-02
11994,85.14886799205436,2013-11-03
11995,0.0,2013-11-04
11996,0.0,2013-11-05
11997,0.0,2013-11-06
11998,0.0,2013-11-07
11999,34.02043583990193,2013-11-08
12000,3.4257656605292626,2013-11-09
12001,0.0,2013-11-10
12002,0.0,2013-11-11
12003,0.0,2013-11-12
12004,0.0,2013-11-13
12005,0.0,2013-11-14
12006,0.0,2013-11-15
12007,0.0,2013-11-16
12008,0.0,2013-11-17
12009,0.0,2013-11-18
12010,0.0,2013-11-19
12011,0.0,2013-11-20
12012,0.0,2013-11-21
12013,0.0,2013-11-22
12014,3.329778426721299,2013-11-23
12015,51.04485495189768,2013-11-24
12016,0.0,2013-11-25
12017,0.0,2013-11-26
12018,0.0,2013-11-27
12019,0.0,2013-11-28
12020,0.0,2013-11-29
12021,0.0,2013-11-30
12022,7.556784350263758,2013-12-01
12023,0.0,2013-12-02
12024,0.0,2013-12-03
12025,0.0,2013-12-04
12026,0.0,2013-12-05
12027,0.0,2013-12-06
12028,0.0,2013-12-07
12029,0.155333577684643,2013-12-08
12030,0.0,2013-12-09
12031,2.774065581990128,2013-12-10
12032,5.29356345352889,2013-12-11
12033,11.877241612068019,2013-12-12
12034,14.796310667110681,2013-12-13
12035,0.0,2013-12-14
12036,6.260751328426372,2013-12-15
12037,0.21875826869192713,2013-12-16
12038,0.9385993421672026,2013-12-17
12039,0.0,2013-12-18
12040,0.0,2013-12-19
12041,0.0,2013-12-20
12042,0.0,2013-12-21
12043,0.0,2013-12-22
12044,0.0,2013-12-23
12045,4.37710932141525,2013-12-24
12046,0.20154647581038934,2013-12-25
12047,0.04757960870468722,2013-12-26
12048,0.0,2013-12-27
12049,0.3543361324299116,2013-12-28
12050,0.0,2013-12-29
12051,0.0,2013-12-30
12052,3.2766314434655603,2013-12-31
12053,0.0,2014-01-01
12054,0.0,2014-01-02
12055,6.250250817491863,2014-01-03
12056,0.3881554512124607,2014-01-04
12057,0.0,2014-01-05
12058,0.0,2014-01-06
12059,11.850633357263376,2014-01-07
12060,0.12716548505766304,2014-01-08
12061,0.0,2014-01-09
12062,0.0,2014-01-10
12063,0.0,2014-01-11
12064,0.0,2014-01-12
12065,0.0,2014-01-13
12066,0.0,2014-01-14
12067,12.424191169403162,2014-01-15
12068,0.0,2014-01-16
12069,0.0,2014-01-17
12070,3.7007557559642623,2014-01-18
12071,2.338715430494627,2014-01-19
12072,7.8956706325329655,2014-01-20
12073,0.0,2014-01-21
12074,5.4498107125402555,2014-01-22
12075,0.0,2014-01-23
12076,0.0,2014-01-24
12077,8.593997953658231,2014-01-25
12078,0.004621978379414578,2014-01-26
12079,0.0,2014-01-27
12080,0.0,2014-01-28
12081,0.0,2014-01-29
12082,16.360437646177854,2014-01-30
12083,0.5901536765336292,2014-01-31
12084,0.0,2014-02-01
12085,0.0,2014-02-02
12086,0.0,2014-02-03
12087,0.0,2014-02-04
12088,4.980151696820414,2014-02-05
12089,2.444865772101886,2014-02-06
12090,0.0,2014-02-07
12091,0.0,2014-02-08
12092,3.2608013414008177,2014-02-09
12093,0.0,2014-02-10
12094,0.0,2014-02-11
12095,0.0,2014-02-12
12096,10.412780159561517,2014-02-13
12097,0.0,2014-02-14
12098,0.0,2014-02-15
12099,0.0,2014-02-16
12100,0.0,2014-02-17
12101,3.0061086247463726,2014-02-18
12102,5.494705362347914,2014-02-19
12103,0.0,2014-02-20
12104,0.0,2014-02-21
12105,8.215855253756574,2014-02-22
12106,0.0,2014-02-23
12107,0.0,2014-02-24
12108,0.0,2014-02-25
12109,0.0,2014-02-26
12110,0.0,2014-02-27
12111,0.21259291374788258,2014-02-28
12112,0.0,2014-03-01
12113,0.0,2014-03-02
12114,0.02492120720424261,2014-03-03
12115,0.0,2014-03-04
12116,1.3713802454828168,2014-03-05
12117,1.440481056733565,2014-03-06
12118,56.34387487819815,2014-03-07
12119,0.36723064075816764,2014-03-08
12120,4.437311171730244,2014-03-09
12121,0.0,2014-03-10
12122,0.0,2014-03-11
12123,0.0,2014-03-12
12124,3.0625942897796627,2014-03-13
12125,0.0,2014-03-14
12126,0.0,2014-03-15
12127,0.0,2014-03-16
12128,0.2253041892457218,2014-03-17
12129,0.179568414310556,2014-03-18
12130,0.0,2014-03-19
12131,0.0,2014-03-20
12132,1.409258029160262,2014-03-21
12133,0.0,2014-03-22
12134,0.0,2014-03-23
12135,0.0,2014-03-24
12136,0.0,2014-03-25
12137,0.9021476151027287,2014-03-26
12138,0.0,2014-03-27
12139,0.0,2014-03-28
12140,0.0,2014-03-29
12141,0.10294407427835325,2014-03-30
12142,0.0,2014-03-31
12143,0.0,2014-04-01
12144,0.0,2014-04-02
12145,0.0,2014-04-03
12146,0.031028844387300553,2014-04-04
12147,2.768533439496396,2014-04-05
12148,0.0,2014-04-06
12149,0.0,2014-04-07
12150,0.28439025746063057,2014-04-08
12151,2.5341498286283612,2014-04-09
12152,0.0,2014-04-10
12153,0.0,2014-04-11
12154,0.049908615459095355,2014-04-12
12155,0.0,2014-04-13
12156,0.0,2014-04-14
12157,0.0,2014-04-15
12158,0.08250097857192815,2014-04-16
12159,0.6160060990730688,2014-04-17
12160,3.2864768749597832,2014-04-18
12161,0.0,2014-04-19
12162,0.0,2014-04-20
12163,0.0,2014-04-21
12164,0.05949013679258285,2014-04-22
12165,6.045910992146936,2014-04-23
12166,0.0,2014-04-24
12167,0.1653129134639617,2014-04-25
12168,0.004404246310684339,2014-04-26
12169,1.501586948573764,2014-04-27
12170,4.502703964409592,2014-04-28
12171,5.383602720145956,2014-04-29
12172,27.42463423636653,2014-04-30
12173,25.62917891421276,2014-05-01
12174,1.7114563730525132,2014-05-02
12175,23.471732110445803,2014-05-03
12176,0.0,2014-05-04
12177,0.0,2014-05-05
12178,0.0,2014-05-06
12179,1.771296660655405,2014-05-07
12180,29.77348827865467,2014-05-08
12181,21.438366018837854,2014-05-09
12182,23.21685344461122,2014-05-10
12183,44.965844627783106,2014-05-11
12184,27.246500911544853,2014-05-12
12185,12.672195294036195,2014-05-13
12186,6.75222594291933,2014-05-14
12187,0.0,2014-05-15
12188,0.0,2014-05-16
12189,0.0,2014-05-17
12190,1.0822767881074609,2014-05-18
12191,0.0,2014-05-19
12192,0.0,2014-05-20
12193,7.392503656823614,2014-05-21
12194,5.767924781223196,2014-05-22
12195,1.4809049530253033,2014-05-23
12196,0.17802154019431288,2014-05-24
12197,1.007071044857551,2014-05-25
12198,0.17686781533652388,2014-05-26
12199,1.888510288143438,2014-05-27
12200,1.6099952810181202,2014-05-28
12201,3.3891476241864065,2014-05-29
12202,37.26475249572934,2014-05-30
12203,7.1424918186769455,2014-05-31
12204,19.708316030586214,2014-06-01
12205,29.71265380053926,2014-06-02
12206,24.770781035716933,2014-06-03
12207,9.778472160887508,2014-06-04
12208,29.199944105959357,2014-06-05
12209,40.88518121724953,2014-06-06
12210,29.250160119624425,2014-06-07
12211,27.846660422048252,2014-06-08
12212,1.1922395009239397,2014-06-09
12213,3.8731479461311946,2014-06-10
12214,20.296223719001166,2014-06-11
12215,11.991345702951602,2014-06-12
12216,9.015733881192475,2014-06-13
12217,16.915006321742034,2014-06-14
12218,4.48964655509792,2014-06-15
12219,2.9836651106523986,2014-06-16
12220,18.918695521536463,2014-06-17
12221,0.0,2014-06-18
12222,0.0,2014-06-19
12223,2.6900274797199057,2014-06-20
12224,1.4677661388430776,2014-06-21
12225,1.7682239379211602,2014-06-22
12226,7.296271317669373,2014-06-23
12227,8.032892774430891,2014-06-24
12228,24.972370068278828,2014-06-25
12229,0.0,2014-06-26
12230,0.00899862446043848,2014-06-27
12231,13.944021955920801,2014-06-28
12232,0.019562175057151104,2014-06-29
12233,3.707161631010844,2014-06-30
12234,5.776815376421573,2014-07-01
12235,5.273646319632654,2014-07-02
12236,3.201279168114984,2014-07-03
12237,14.160602584318678,2014-07-04
12238,3.4186561986358286,2014-07-05
12239,0.0,2014-07-06
12240,0.025187526490331746,2014-07-07
12241,0.0,2014-07-08
12242,4.565979517212361,2014-07-09
12243,0.0,2014-07-10
12244,0.009740558187982555,2014-07-11
12245,16.57255346457629,2014-07-12
12246,0.10670553889791988,2014-07-13
12247,20.98362906951009,2014-07-14
12248,0.0,2014-07-15
12249,1.3424139372973847,2014-07-16
12250,0.01925767652450069,2014-07-17
12251,0.0,2014-07-18
12252,0.0,2014-07-19
12253,2.021752487277705,2014-07-20
12254,5.483649496235107,2014-07-21
12255,2.5950119625158674,2014-07-22
12256,2.503605395593951,2014-07-23
12257,4.738690083942805,2014-07-24
12258,18.94087935098106,2014-07-25
12259,45.213885560692944,2014-07-26
12260,0.0,2014-07-27
12261,10.7687467928576,2014-07-28
12262,17.889308803424104,2014-07-29
12263,0.009425653530355772,2014-07-30
12264,0.0,2014-07-31
12265,13.256500892135755,2014-08-01
12266,0.01884302841253644,2014-08-02
12267,0.0,2014-08-03
12268,1.3312228827322683,2014-08-04
12269,1.926251747545259,2014-08-05
12270,39.04830367505025,2014-08-06
12271,1.7074147900388386,2014-08-07
12272,1.822453742181101,2014-08-08
12273,1.044192300108521,2014-08-09
12274,12.955092884969853,2014-08-10
12275,15.326880357943674,2014-08-11
12276,17.984184381898896,2014-08-12
12277,3.4003122918417024,2014-08-13
12278,4.095113664694196,2014-08-14
12279,8.279972415921277,2014-08-15
12280,0.0,2014-08-16
12281,20.84741131707021,2014-08-17
12282,0.09702089169857439,2014-08-18
12283,0.7338413200490287,2014-08-19
12284,0.7035324653222765,2014-08-20
12285,0.13225973537590496,2014-08-21
12286,1.0534436598691073,2014-08-22
12287,1.568459574372188,2014-08-23
12288,0.0,2014-08-24
12289,1.0920346787528208,2014-08-25
12290,0.16963931466826945,2014-08-26
12291,0.042448714247896535,2014-08-27
12292,5.698848642338057,2014-08-28
12293,23.402614602399364,2014-08-29
12294,25.817234773216363,2014-08-30
12295,44.091506432899635,2014-08-31
12296,18.350298154277183,2014-09-01
12297,2.607490120549356,2014-09-02
12298,0.03453180989911479,2014-09-03
12299,0.0,2014-09-04
12300,6.293708692310143,2014-09-05
12301,1.9804790662111074,2014-09-06
12302,0.21118151432607882,2014-09-07
12303,2.9857253282161054,2014-09-08
12304,16.09455839123545,2014-09-09
12305,19.70674969994777,2014-09-10
12306,22.316100078845654,2014-09-11
12307,16.72240957304879,2014-09-12
12308,17.12507354476236,2014-09-13
12309,14.114360579101925,2014-09-14
12310,9.615001636628179,2014-09-15
12311,16.08404950533444,2014-09-16
12312,17.128182954396674,2014-09-17
12313,0.0,2014-09-18
12314,0.24958105657806848,2014-09-19
12315,2.8254482585873415,2014-09-20
12316,20.81746967108718,2014-09-21
12317,17.72170920654476,2014-09-22
12318,25.765267984944,2014-09-23
12319,0.0,2014-09-24
12320,3.005077677164609,2014-09-25
12321,18.824227452823497,2014-09-26
12322,3.8069263317018667,2014-09-27
12323,10.569221444871067,2014-09-28
12324,16.075748451518177,2014-09-29
12325,26.952657503088897,2014-09-30
12326,0.30507410371058846,2014-10-01
12327,16.91839530307178,2014-10-02
12328,0.5066575316040397,2014-10-03
12329,1.2676382967314064,2014-10-04
12330,0.5950224761739156,2014-10-05
12331,0.8159211145887627,2014-10-06
12332,0.17508511093005408,2014-10-07
12333,0.16774093247578645,2014-10-08
12334,12.201246255332077,2014-10-09
12335,0.0,2014-10-10
12336,0.0,2014-10-11
12337,0.0,2014-10-12
12338,6.24563532882422,2014-10-13
12339,0.0,2014-10-14
12340,29.17215831510483,2014-10-15
12341,36.43634193135147,2014-10-16
12342,16.57497372325215,2014-10-17
12343,33.929107709979725,2014-10-18
12344,12.323954669527293,2014-10-19
12345,32.798175978730505,2014-10-20
12346,17.020112239300683,2014-10-21
12347,4.991940310162185,2014-10-22
12348,29.67989025552252,2014-10-23
12349,28.39928432033908,2014-10-24
12350,2.0457921002407575,2014-10-25
12351,2.429783683508373,2014-10-26
12352,0.0,2014-10-27
12353,0.0,2014-10-28
12354,0.0,2014-10-29
12355,37.59068242696724,2014-10-30
12356,22.106162422269673,2014-10-31
12357,1.0473525292572738,2014-11-01
12358,0.0,2014-11-02
12359,0.0,2014-11-03
12360,0.0,2014-11-04
12361,0.0,2014-11-05
12362,0.0,2014-11-06
12363,0.10802959484089156,2014-11-07
12364,0.5125621815510859,2014-11-08
12365,0.12986619636110547,2014-11-09
12366,0.0,2014-11-10
12367,0.0,2014-11-11
12368,0.2195369766884186,2014-11-12
12369,0.5692075421173901,2014-11-13
12370,0.8100518496504977,2014-11-14
12371,0.0,2014-11-15
12372,0.0,2014-11-16
12373,4.114806896081069,2014-11-17
12374,3.3538796551835857,2014-11-18
12375,1.122792755333909,2014-11-19
12376,0.4363129487694883,2014-11-20
12377,0.7562315724672112,2014-11-21
12378,0.1022067650042671,2014-11-22
12379,0.0,2014-11-23
12380,0.0,2014-11-24
12381,1.4957676744321224,2014-11-25
12382,123.99605057624075,2014-11-26
12383,0.0,2014-11-27
12384,0.10310510263415028,2014-11-28
12385,0.0,2014-11-29
12386,0.0,2014-11-30
12387,0.0,2014-12-01
12388,10.636323283075239,2014-12-02
12389,0.0,2014-12-03
12390,0.0,2014-12-04
12391,0.0,2014-12-05
12392,5.213174676056132,2014-12-06
12393,0.1626759811860026,2014-12-07
12394,0.0,2014-12-08
12395,0.0,2014-12-09
12396,0.0,2014-12-10
12397,0.0,2014-12-11
12398,0.5078217456907121,2014-12-12
12399,5.738877613020082,2014-12-13
12400,0.0,2014-12-14
12401,0.0,2014-12-15
12402,0.0,2014-12-16
12403,1.6904466551000423,2014-12-17
12404,0.04509155228690318,2014-12-18
12405,0.0,2014-12-19
12406,1.9912553322420092,2014-12-20
12407,0.1794714686597897,2014-12-21
12408,0.0,2014-12-22
12409,0.0,2014-12-23
12410,0.0,2014-12-24
12411,10.67097115438355,2014-12-25
12412,1.280076887516682,2014-12-26
12413,0.8450513174107348,2014-12-27
12414,1.0752847166424973,2014-12-28
12415,4.763023096347486,2014-12-29
12416,0.37279816851238357,2014-12-30
12417,9.416659065327684,2014-12-31
12418,3.048803179928285,2015-01-01
12419,0.0,2015-01-02
12420,0.0,2015-01-03
12421,0.0,2015-01-04
12422,0.1493463137002984,2015-01-05
12423,2.2227232806353974,2015-01-06
12424,0.9811372447643113,2015-01-07
12425,0.0,2015-01-08
12426,0.0,2015-01-09
12427,0.0,2015-01-10
12428,0.0,2015-01-11
12429,0.0,2015-01-12
12430,2.569083017114321,2015-01-13
12431,2.8338138432376896,2015-01-14
12432,0.0,2015-01-15
12433,0.0,2015-01-16
12434,5.905122383654643,2015-01-17
12435,59.561422875535804,2015-01-18
12436,0.3618942339888766,2015-01-19
12437,0.0,2015-01-20
12438,0.0,2015-01-21
12439,0.31090206470657306,2015-01-22
12440,0.0,2015-01-23
12441,4.472992062862318,2015-01-24
12442,3.746148366760299,2015-01-25
12443,0.18920499600273424,2015-01-26
12444,0.0,2015-01-27
12445,0.0,2015-01-28
12446,0.0,2015-01-29
12447,0.7258204077835307,2015-01-30
12448,0.676931508111814,2015-01-31
12449,0.0,2015-02-01
12450,0.0,2015-02-02
12451,0.1346735298458782,2015-02-03
12452,0.0,2015-02-04
12453,4.682979744690255,2015-02-05
12454,9.178601153868735,2015-02-06
12455,0.0,2015-02-07
12456,0.0,2015-02-08
12457,0.0,2015-02-09
12458,0.0,2015-02-10
12459,0.0,2015-02-11
12460,0.0,2015-02-12
12461,2.792679592087821,2015-02-13
12462,2.3142004808442684,2015-02-14
12463,0.0,2015-02-15
12464,0.0,2015-02-16
12465,0.0,2015-02-17
12466,0.0,2015-02-18
12467,7.860508394213366,2015-02-19
12468,3.6899117448253027,2015-02-20
12469,0.0,2015-02-21
12470,0.0,2015-02-22
12471,6.499825614498507,2015-02-23
12472,2.2362009017138886,2015-02-24
12473,0.0,2015-02-25
12474,0.0,2015-02-26
12475,0.0,2015-02-27
12476,0.0,2015-02-28
12477,0.0,2015-03-01
12478,0.0,2015-03-02
12479,0.0,2015-03-03
12480,0.0,2015-03-04
12481,0.0,2015-03-05
12482,0.0,2015-03-06
12483,0.0,2015-03-07
12484,0.0,2015-03-08
12485,0.0,2015-03-09
12486,0.0,2015-03-10
12487,0.0,2015-03-11
12488,0.0,2015-03-12
12489,0.0,2015-03-13
12490,0.0,2015-03-14
12491,0.01112686389352569,2015-03-15
12492,0.0,2015-03-16
12493,0.0,2015-03-17
12494,0.022418722728829932,2015-03-18
12495,4.612446639488869,2015-03-19
12496,3.721631678807771,2015-03-20
12497,0.0,2015-03-21
12498,0.0,2015-03-22
12499,0.0,2015-03-23
12500,0.0,2015-03-24
12501,0.0,2015-03-25
12502,0.0,2015-03-26
12503,7.075113096544819,2015-03-27
12504,38.39958022735686,2015-03-28
12505,4.063608370414577,2015-03-29
12506,21.214685714923043,2015-03-30
12507,0.0,2015-03-31
12508,0.0,2015-04-01
12509,0.0,2015-04-02
12510,0.3922035543729834,2015-04-03
12511,0.024150842026181934,2015-04-04
12512,0.0,2015-04-05
12513,0.0,2015-04-06
12514,0.0,2015-04-07
12515,0.0,2015-04-08
12516,0.0,2015-04-09
12517,0.0,2015-04-10
12518,0.0,2015-04-11
12519,0.0,2015-04-12
12520,0.018926641318805056,2015-04-13
12521,0.978609651162827,2015-04-14
12522,0.0,2015-04-15
12523,0.2882327697284061,2015-04-16
12524,0.0,2015-04-17
12525,2.028446676388514,2015-04-18
12526,4.7864528499111065,2015-04-19
12527,12.646095459677957,2015-04-20
12528,0.29218244214211747,2015-04-21
12529,0.0,2015-04-22
12530,0.0,2015-04-23
12531,0.0,2015-04-24
12532,0.0,2015-04-25
12533,0.0,2015-04-26
12534,0.0,2015-04-27
12535,0.2366029305891557,2015-04-28
12536,41.20588260907931,2015-04-29
12537,22.72809528054381,2015-04-30
12538,0.041818792169744316,2015-05-01
12539,0.0,2015-05-02
12540,0.0,2015-05-03
12541,0.0,2015-05-04
12542,0.0,2015-05-05
12543,0.0,2015-05-06
12544,0.0,2015-05-07
12545,0.0,2015-05-08
12546,0.814640060394041,2015-05-09
12547,0.0,2015-05-10
12548,0.0,2015-05-11
12549,1.2327103524194085,2015-05-12
12550,6.220149978346839,2015-05-13
12551,1.355071344906983,2015-05-14
12552,0.0008447862440539945,2015-05-15
12553,3.656073884390666,2015-05-16
12554,3.270558799131176,2015-05-17
12555,2.887973737520907,2015-05-18
12556,6.8085060210661466,2015-05-19
12557,2.567831546610053,2015-05-20
12558,1.3537236792880418,2015-05-21
12559,4.170526330002591,2015-05-22
12560,23.692593301566113,2015-05-23
12561,18.643399962651756,2015-05-24
12562,12.854176735780104,2015-05-25
12563,0.0,2015-05-26
12564,5.198460618198091,2015-05-27
12565,0.12706675652534732,2015-05-28
12566,0.0,2015-05-29
12567,0.0,2015-05-30
12568,2.6288893455354345,2015-05-31
12569,1.7960229302291646,2015-06-01
12570,20.66392005503701,2015-06-02
12571,4.7461516838129665,2015-06-03
12572,9.516856250679037,2015-06-04
12573,20.785458004215943,2015-06-05
12574,2.132090304338338,2015-06-06
12575,0.8388558619882355,2015-06-07
12576,1.1107887951579614,2015-06-08
12577,23.521177496980016,2015-06-09
12578,28.796133687698944,2015-06-10
12579,11.103647131066866,2015-06-11
12580,34.48790679618412,2015-06-12
12581,11.181732724544938,2015-06-13
12582,12.876959811151904,2015-06-14
12583,21.633130939908742,2015-06-15
12584,13.88040176352448,2015-06-16
12585,7.716423475203977,2015-06-17
12586,0.6808981470068881,2015-06-18
12587,13.1671502145784,2015-06-19
12588,0.007752114796568572,2015-06-20
12589,0.0,2015-06-21
12590,0.0,2015-06-22
12591,0.0,2015-06-23
12592,0.0,2015-06-24
12593,1.8047180058319896,2015-06-25
12594,8.805045538577865,2015-06-26
12595,0.0,2015-06-27
12596,0.0,2015-06-28
12597,1.731942075774117,2015-06-29
12598,7.168580679599839,2015-06-30
12599,3.961569730976809,2015-07-01
12600,0.0,2015-07-02
12601,3.8835526405821104,2015-07-03
12602,2.8911981046234754,2015-07-04
12603,3.5228355398765414,2015-07-05
12604,3.3296620730570687,2015-07-06
12605,5.049920427582482,2015-07-07
12606,5.785609797746205,2015-07-08
12607,9.97631514950582,2015-07-09
12608,5.547587512035874,2015-07-10
12609,20.270617547636512,2015-07-11
12610,0.0,2015-07-12
12611,0.0,2015-07-13
12612,0.0,2015-07-14
12613,4.680273115432157,2015-07-15
12614,19.369168621857497,2015-07-16
12615,15.956668502102852,2015-07-17
12616,4.277613413131132,2015-07-18
12617,6.216398593393588,2015-07-19
12618,8.80854320926051,2015-07-20
12619,0.005689254044787276,2015-07-21
12620,0.4801579573287293,2015-07-22
12621,2.297809124720062,2015-07-23
12622,7.05185149136876,2015-07-24
12623,17.33648005010096,2015-07-25
12624,9.450997581034462,2015-07-26
12625,0.0,2015-07-27
12626,0.03863681647784549,2015-07-28
12627,12.110348614192075,2015-07-29
12628,1.0348432184594119,2015-07-30
12629,8.302642333067057,2015-07-31
12630,1.7868854359937207,2015-08-01
12631,0.0,2015-08-02
12632,13.85244675186023,2015-08-03
12633,0.0,2015-08-04
12634,0.793032848380528,2015-08-05
12635,16.671351811025854,2015-08-06
12636,0.23421624670280392,2015-08-07
12637,0.0,2015-08-08
12638,0.0,2015-08-09
12639,0.0,2015-08-10
12640,8.231046915557728,2015-08-11
12641,9.765336671980243,2015-08-12
12642,0.6828946165325356,2015-08-13
12643,0.0,2015-08-14
12644,9.66357052176579,2015-08-15
12645,1.9213297470014468,2015-08-16
12646,3.510468961486369,2015-08-17
12647,0.2656539846515376,2015-08-18
12648,0.0,2015-08-19
12649,7.536622983563332,2015-08-20
12650,3.1050545835914503,2015-08-21
12651,0.0,2015-08-22
12652,0.1039204026666904,2015-08-23
12653,0.0,2015-08-24
12654,0.43150003567469086,2015-08-25
12655,4.513542354701202,2015-08-26
12656,4.283327768694971,2015-08-27
12657,18.193442698783535,2015-08-28
12658,15.045405270668768,2015-08-29
12659,0.0,2015-08-30
12660,1.1125021915491724,2015-08-31
12661,29.06606224871102,2015-09-01
12662,3.0237445340198508,2015-09-02
12663,10.856795983748002,2015-09-03
12664,1.0861252932394705,2015-09-04
12665,15.773209095784303,2015-09-05
12666,4.341800664485024,2015-09-06
12667,0.3360393232194559,2015-09-07
12668,11.455280928150296,2015-09-08
12669,1.2135118803180909,2015-09-09
12670,17.275521820801092,2015-09-10
12671,5.727372532464191,2015-09-11
12672,0.12169034820847498,2015-09-12
12673,3.2706921946058523,2015-09-13
12674,21.661459000271435,2015-09-14
12675,8.801937736737765,2015-09-15
12676,2.5884707088973866,2015-09-16
12677,10.635576983337176,2015-09-17
12678,2.9391975189443906,2015-09-18
12679,1.0521695055360318,2015-09-19
12680,14.310809247752438,2015-09-20
12681,29.290461223412116,2015-09-21
12682,14.170206294744947,2015-09-22
12683,2.0192459798348614,2015-09-23
12684,22.96261467897298,2015-09-24
12685,6.0451076354868585,2015-09-25
12686,0.0,2015-09-26
12687,2.3053059413496,2015-09-27
12688,0.29620185650688463,2015-09-28
12689,63.107837546787636,2015-09-29
12690,2.462377031835293,2015-09-30
12691,18.682673997179855,2015-10-01
12692,0.3179949835388542,2015-10-02
12693,0.0,2015-10-03
12694,0.15120036692912978,2015-10-04
12695,0.5722115894216946,2015-10-05
12696,1.3006295102362757,2015-10-06
12697,0.0,2015-10-07
12698,0.0,2015-10-08
12699,0.0,2015-10-09
12700,0.0,2015-10-10
12701,0.0,2015-10-11
12702,0.9981770378683322,2015-10-12
12703,3.816828604891154,2015-10-13
12704,0.0,2015-10-14
12705,18.63572075564142,2015-10-15
12706,27.141866932194947,2015-10-16
12707,1.2694587948315306,2015-10-17
12708,0.0,2015-10-18
12709,18.72172696837931,2015-10-19
12710,4.950695338347091,2015-10-20
12711,23.013247175748045,2015-10-21
12712,3.21361240079326,2015-10-22
12713,0.0,2015-10-23
12714,0.0,2015-10-24
12715,0.386680520356925,2015-10-25
12716,53.26957819572293,2015-10-26
12717,0.0,2015-10-27
12718,0.0,2015-10-28
12719,8.674902333234412,2015-10-29
12720,0.0,2015-10-30
12721,0.0,2015-10-31
12722,0.0,2015-11-01
12723,14.805819670545741,2015-11-02
12724,25.563182582295898,2015-11-03
12725,16.486098021691856,2015-11-04
12726,0.0,2015-11-05
12727,0.01066287938450788,2015-11-06
12728,0.0,2015-11-07
12729,0.0,2015-11-08
12730,0.0,2015-11-09
12731,5.772004832885832,2015-11-10
12732,3.5925081617461623,2015-11-11
12733,0.0,2015-11-12
12734,6.961991782314265,2015-11-13
12735,23.78122069817485,2015-11-14
12736,0.0,2015-11-15
12737,0.0,2015-11-16
12738,0.0,2015-11-17
12739,0.0,2015-11-18
12740,7.620969274302731,2015-11-19
12741,51.03928689162403,2015-11-20
12742,121.4920383453369,2015-11-21
12743,17.971145152877853,2015-11-22
12744,0.0,2015-11-23
12745,0.0,2015-11-24
12746,0.0,2015-11-25
12747,0.0,2015-11-26
12748,0.0,2015-11-27
12749,0.0,2015-11-28
12750,0.0,2015-11-29
12751,0.0,2015-11-30
12752,0.0,2015-12-01
12753,0.0,2015-12-02
12754,0.11378363086331275,2015-12-03
12755,0.5249833636689396,2015-12-04
12756,4.245317016361046,2015-12-05
12757,1.7827041235277732,2015-12-06
12758,1.3834204941411175,2015-12-07
12759,0.0,2015-12-08
12760,0.0,2015-12-09
12761,0.0,2015-12-10
12762,0.0793000411427965,2015-12-11
12763,0.0,2015-12-12
12764,0.20094243706845819,2015-12-13
12765,0.2432895565032959,2015-12-14
12766,5.46336188668729,2015-12-15
12767,0.0,2015-12-16
12768,0.0,2015-12-17
12769,35.3301852024895,2015-12-18
12770,3.6425040487809617,2015-12-19
12771,1.6413097243155201,2015-12-20
12772,0.21126302565297775,2015-12-21
12773,0.0,2015-12-22
12774,0.0,2015-12-23
12775,0.0,2015-12-24
12776,0.24317380242333736,2015-12-25
12777,0.0,2015-12-26
12778,0.0,2015-12-27
12779,0.0,2015-12-28
12780,0.0,2015-12-29
12781,0.0,2015-12-30
12782,6.591951365205202,2015-12-31
12783,0.0,2016-01-01
12784,0.0,2016-01-02
12785,0.0,2016-01-03
12786,0.07033776761499669,2016-01-04
12787,0.31539280771160405,2016-01-05
12788,0.0,2016-01-06
12789,0.0,2016-01-07
12790,1.2061676825666008,2016-01-08
12791,0.0,2016-01-09
12792,1.198769037814434,2016-01-10
12793,1.3580327564250687,2016-01-11
12794,0.0,2016-01-12
12795,3.699661744724621,2016-01-13
12796,0.0,2016-01-14
12797,0.0,2016-01-15
12798,0.0,2016-01-16
12799,1.92899225489485,2016-01-17
12800,0.0,2016-01-18
12801,3.0319471919012217,2016-01-19
12802,1.7434515930270869,2016-01-20
12803,0.0,2016-01-21
12804,9.359031088317243,2016-01-22
12805,13.27550191213658,2016-01-23
12806,26.956635580706106,2016-01-24
12807,13.204222611569941,2016-01-25
12808,0.0,2016-01-26
12809,0.0,2016-01-27
12810,4.5246813022356225,2016-01-28
12811,8.302627279527723,2016-01-29
12812,0.0,2016-01-30
12813,0.0,2016-01-31
12814,0.0,2016-02-01
12815,0.0,2016-02-02
12816,0.0,2016-02-03
12817,4.846259475523426,2016-02-04
12818,6.470760501374945,2016-02-05
12819,0.10808837359252214,2016-02-06
12820,3.3785909357658226,2016-02-07
12821,0.0,2016-02-08
12822,0.0,2016-02-09
12823,0.0,2016-02-10
12824,0.0,2016-02-11
12825,0.0,2016-02-12
12826,7.446636816777093,2016-02-13
12827,0.541003477985908,2016-02-14
12828,0.0,2016-02-15
12829,0.0,2016-02-16
12830,0.0,2016-02-17
12831,0.10579878144250239,2016-02-18
12832,4.187188085726629,2016-02-19
12833,0.0,2016-02-20
12834,0.0,2016-02-21
12835,0.0,2016-02-22
12836,0.0,2016-02-23
12837,0.0,2016-02-24
12838,12.75598834728565,2016-02-25
12839,0.0,2016-02-26
12840,0.0,2016-02-27
12841,0.006624688738601997,2016-02-28
12842,0.0,2016-02-29
12843,0.0,2016-03-01
12844,0.0,2016-03-02
12845,20.27454257075738,2016-03-03
12846,0.7088891881512057,2016-03-04
12847,1.0950337451923629,2016-03-05
12848,0.1205406800602888,2016-03-06
12849,0.05708521985588186,2016-03-07
12850,0.0,2016-03-08
12851,0.0,2016-03-09
12852,0.0,2016-03-10
12853,0.0,2016-03-11
12854,0.0,2016-03-12
12855,5.067013758801994,2016-03-13
12856,0.0,2016-03-14
12857,0.0,2016-03-15
12858,0.0,2016-03-16
12859,0.0,2016-03-17
12860,0.0,2016-03-18
12861,17.367786924636267,2016-03-19
12862,1.3923252977164262,2016-03-20
12863,0.6830349865686859,2016-03-21
12864,0.0,2016-03-22
12865,8.537654694112515,2016-03-23
12866,0.0,2016-03-24
12867,0.0,2016-03-25
12868,0.0,2016-03-26
12869,0.0,2016-03-27
12870,0.0,2016-03-28
12871,0.0,2016-03-29
12872,0.4558931701693717,2016-03-30
12873,0.0,2016-03-31
12874,0.0,2016-04-01
12875,0.0,2016-04-02
12876,0.0,2016-04-03
12877,0.0,2016-04-04
12878,0.0,2016-04-05
12879,0.0,2016-04-06
12880,0.0,2016-04-07
12881,0.0,2016-04-08
12882,0.0,2016-04-09
12883,0.0,2016-04-10
12884,0.0,2016-04-11
12885,0.0,2016-04-12
12886,0.0,2016-04-13
12887,0.0,2016-04-14
12888,0.0121773885492006,2016-04-15
12889,0.06326794216010577,2016-04-16
12890,3.452590051368535,2016-04-17
12891,4.2754859407066945,2016-04-18
12892,5.350437859328261,2016-04-19
12893,0.7359174940523165,2016-04-20
12894,0.0,2016-04-21
12895,0.7196818965621008,2016-04-22
12896,0.0,2016-04-23
12897,10.113087882687967,2016-04-24
12898,0.9691697020544685,2016-04-25
12899,4.442363240613964,2016-04-26
12900,13.407111974335836,2016-04-27
12901,10.069530749558705,2016-04-28
12902,10.514856078771551,2016-04-29
12903,0.9998886917203753,2016-04-30
12904,0.23303214075977854,2016-05-01
12905,4.243877823247939,2016-05-02
12906,0.9179844947993931,2016-05-03
12907,1.18298102241807,2016-05-04
12908,20.67044453886597,2016-05-05
12909,0.0,2016-05-06
12910,0.0,2016-05-07
12911,0.0,2016-05-08
12912,0.0,2016-05-09
12913,0.0,2016-05-10
12914,0.0,2016-05-11
12915,0.0,2016-05-12
12916,0.30282718773811096,2016-05-13
12917,0.0,2016-05-14
12918,0.0,2016-05-15
12919,0.0,2016-05-16
12920,0.06126479541800939,2016-05-17
12921,5.269179059934757,2016-05-18
12922,14.684552776149294,2016-05-19
12923,8.84025692695047,2016-05-20
12924,12.660751068025741,2016-05-21
12925,5.844899357518844,2016-05-22
12926,0.0,2016-05-23
12927,0.048709379892545014,2016-05-24
12928,0.0,2016-05-25
12929,0.6611087993582673,2016-05-26
12930,0.0,2016-05-27
12931,0.0,2016-05-28
12932,1.2349190772383793,2016-05-29
12933,0.005969547875815473,2016-05-30
12934,0.9795620413050273,2016-05-31
12935,0.0,2016-06-01
12936,0.8627349944967679,2016-06-02
12937,8.266772572553753,2016-06-03
12938,23.957285652440305,2016-06-04
12939,17.656725913884003,2016-06-05
12940,11.779936526905406,2016-06-06
12941,26.381693446195715,2016-06-07
12942,18.671635609735837,2016-06-08
12943,16.43553745465544,2016-06-09
12944,19.866980377376255,2016-06-10
12945,4.3524492446698035,2016-06-11
12946,14.095858565747214,2016-06-12
12947,17.856497818507755,2016-06-13
12948,0.0,2016-06-14
12949,5.579331844587132,2016-06-15
12950,19.09282981195758,2016-06-16
12951,10.60170615607343,2016-06-17
12952,9.942269376967309,2016-06-18
12953,6.945800423943752,2016-06-19
12954,10.796088698714357,2016-06-20
12955,10.506897493849058,2016-06-21
12956,0.5684857699039045,2016-06-22
12957,0.0037309352393723656,2016-06-23
12958,0.45380125219171696,2016-06-24
12959,0.0,2016-06-25
12960,7.070522900103124,2016-06-26
12961,19.323074868361623,2016-06-27
12962,9.393849596068305,2016-06-28
12963,2.0893002587259697,2016-06-29
12964,2.380788269909946,2016-06-30
12965,0.6042116420779411,2016-07-01
12966,13.378067379165609,2016-07-02
12967,0.0,2016-07-03
12968,22.444991149902346,2016-07-04
12969,0.23954523422151716,2016-07-05
12970,0.8746092495400887,2016-07-06
12971,25.326675728604943,2016-07-07
12972,25.79397596297726,2016-07-08
12973,15.632923456650682,2016-07-09
12974,5.399459116172233,2016-07-10
12975,0.15305911592724036,2016-07-11
12976,20.879975735728692,2016-07-12
12977,4.868732608923814,2016-07-13
12978,2.1601404106162505,2016-07-14
12979,0.6567549384724011,2016-07-15
12980,0.6909904021601524,2016-07-16
12981,2.0372204453364846,2016-07-17
12982,0.5432260715506994,2016-07-18
12983,0.0,2016-07-19
12984,6.2724093804401395,2016-07-20
12985,23.871580483836514,2016-07-21
12986,9.249195731154634,2016-07-22
12987,0.8296444814016393,2016-07-23
12988,8.252110896068586,2016-07-24
12989,12.252817228462686,2016-07-25
12990,16.132170124697193,2016-07-26
12991,2.960487809362999,2016-07-27
12992,2.2634483049622034,2016-07-28
12993,0.0,2016-07-29
12994,18.49311371965493,2016-07-30
12995,0.05161783956712292,2016-07-31
12996,1.1186126536428056,2016-08-01
12997,0.0,2016-08-02
12998,20.495627041002873,2016-08-03
12999,37.23633776063443,2016-08-04
13000,5.0871178509552815,2016-08-05
13001,19.287376676039273,2016-08-06
13002,13.901282084904112,2016-08-07
13003,3.4542991556240326,2016-08-08
13004,19.730122402056924,2016-08-09
13005,0.7148004579404232,2016-08-10
13006,1.130715396327357,2016-08-11
13007,4.10387458239133,2016-08-12
13008,3.5600125047678133,2016-08-13
13009,15.490691913202014,2016-08-14
13010,16.321824843498966,2016-08-15
13011,14.180055737201767,2016-08-16
13012,17.9311770684698,2016-08-17
13013,21.821954515630537,2016-08-18
13014,0.0,2016-08-19
13015,0.0,2016-08-20
13016,7.435226109188673,2016-08-21
13017,11.555181115953104,2016-08-22
13018,8.987622359463199,2016-08-23
13019,2.804113265761882,2016-08-24
13020,2.0865702805001716,2016-08-25
13021,0.0,2016-08-26
13022,0.0,2016-08-27
13023,12.768649983056486,2016-08-28
13024,11.60671822830379,2016-08-29
13025,5.486542712991887,2016-08-30
13026,13.579353964853144,2016-08-31
13027,6.530646816824189,2016-09-01
13028,11.73078953550009,2016-09-02
13029,9.188101079387053,2016-09-03
13030,21.05528493925973,2016-09-04
13031,7.333155213031604,2016-09-05
13032,13.631086992364473,2016-09-06
13033,9.676602904076448,2016-09-07
13034,0.0,2016-09-08
13035,0.0,2016-09-09
13036,0.0,2016-09-10
13037,7.033011629602427,2016-09-11
13038,9.3839395065811,2016-09-12
13039,4.4333432450951715,2016-09-13
13040,23.575455840661725,2016-09-14
13041,29.005314247041852,2016-09-15
13042,6.0799239559117675,2016-09-16
13043,4.865810484620482,2016-09-17
13044,7.956768198824351,2016-09-18
13045,5.6215126539884785,2016-09-19
13046,9.690556149580615,2016-09-20
13047,16.708286034816172,2016-09-21
13048,0.404382045975179,2016-09-22
13049,5.479971749761587,2016-09-23
13050,0.08209591076870469,2016-09-24
13051,21.622931003011217,2016-09-25
13052,14.51286404192972,2016-09-26
13053,17.253203865118397,2016-09-27
13054,0.3584085108737442,2016-09-28
13055,0.0,2016-09-29
13056,4.223528756731765,2016-09-30
13057,3.6706931894755437,2016-10-01
13058,0.0,2016-10-02
13059,0.0,2016-10-03
13060,0.0,2016-10-04
13061,0.0,2016-10-05
13062,0.0,2016-10-06
13063,0.0,2016-10-07
13064,4.873930292465122,2016-10-08
13065,1.6905390508153924,2016-10-09
13066,6.3928553533693915,2016-10-10
13067,0.0,2016-10-11
13068,11.031246793976276,2016-10-12
13069,0.0,2016-10-13
13070,0.0,2016-10-14
13071,1.2812681339353413,2016-10-15
13072,0.39790408226751517,2016-10-16
13073,26.964668211223792,2016-10-17
13074,6.9087388553227855,2016-10-18
13075,2.0790641546389224,2016-10-19
13076,0.6819584598709062,2016-10-20
13077,0.7852019984561327,2016-10-21
13078,0.2664992190945533,2016-10-22
13079,0.0,2016-10-23
13080,0.0,2016-10-24
13081,0.0,2016-10-25
13082,0.5083878259854583,2016-10-26
13083,0.0,2016-10-27
13084,0.0,2016-10-28
13085,4.667611054730904,2016-10-29
13086,0.0,2016-10-30
13087,0.745549930505389,2016-10-31
13088,41.36438866282487,2016-11-01
13089,3.579179155819577,2016-11-02
13090,4.522907431118649,2016-11-03
13091,0.0,2016-11-04
13092,0.3769501075297157,2016-11-05
13093,6.934111850800053,2016-11-06
13094,0.0014223543430003953,2016-11-07
13095,0.0,2016-11-08
13096,0.0,2016-11-09
13097,0.6637964148255737,2016-11-10
13098,4.371171413992158,2016-11-11
13099,0.18848713824476315,2016-11-12
13100,0.0,2016-11-13
13101,0.0,2016-11-14
13102,0.0,2016-11-15
13103,0.0,2016-11-16
13104,0.14760709164079683,2016-11-17
13105,0.0,2016-11-18
13106,0.0,2016-11-19
13107,0.0,2016-11-20
13108,0.0,2016-11-21
13109,0.0,2016-11-22
13110,0.0,2016-11-23
13111,2.1005206012166493,2016-11-24
13112,0.0,2016-11-25
13113,3.7799855304113943,2016-11-26
13114,0.0,2016-11-27
13115,0.0,2016-11-28
13116,0.0,2016-11-29
13117,0.0,2016-11-30
13118,0.0,2016-12-01
13119,0.0,2016-12-02
13120,0.0,2016-12-03
13121,0.0,2016-12-04
13122,1.7504554990729282,2016-12-05
13123,0.025426626904619058,2016-12-06
13124,25.950872124702705,2016-12-07
13125,0.021690167290024744,2016-12-08
13126,0.0,2016-12-09
13127,0.0,2016-12-10
13128,0.0,2016-12-11
13129,0.0,2016-12-12
13130,0.030419400010989906,2016-12-13
13131,0.0,2016-12-14
13132,26.21152240596559,2016-12-15
13133,0.0,2016-12-16
13134,0.0,2016-12-17
13135,0.0,2016-12-18
13136,0.0,2016-12-19
13137,0.0,2016-12-20
13138,0.0,2016-12-21
13139,0.0,2016-12-22
13140,0.0,2016-12-23
13141,0.0,2016-12-24
13142,0.0,2016-12-25
13143,0.019471516707076357,2016-12-26
13144,39.112055774504135,2016-12-27
13145,0.0,2016-12-28
13146,0.0,2016-12-29
13147,0.0,2016-12-30
13148,0.0,2016-12-31
13149,0.0,2017-01-01
13150,0.0,2017-01-02
13151,0.0,2017-01-03
13152,6.089134876581229,2017-01-04
13153,0.0,2017-01-05
13154,0.0,2017-01-06
13155,0.0,2017-01-07
13156,32.105008056422484,2017-01-08
13157,1.0449541138763652,2017-01-09
13158,0.0,2017-01-10
13159,0.0,2017-01-11
13160,0.17643016090840538,2017-01-12
13161,0.0,2017-01-13
13162,3.7979863731182917,2017-01-14
13163,2.693542208168164,2017-01-15
13164,0.0,2017-01-16
13165,0.0,2017-01-17
13166,8.285800761001903,2017-01-18
13167,0.0,2017-01-19
13168,0.0,2017-01-20
13169,0.0,2017-01-21
13170,7.727485418375635,2017-01-22
13171,0.0,2017-01-23
13172,0.0,2017-01-24
13173,1.2803763424406305,2017-01-25
13174,0.0,2017-01-26
13175,0.16484648768852886,2017-01-27
13176,0.0,2017-01-28
13177,3.1974167377718032,2017-01-29
13178,8.78006288690651,2017-01-30
13179,0.0,2017-01-31
13180,0.0,2017-02-01
13181,0.0,2017-02-02
13182,0.0,2017-02-03
13183,0.0,2017-02-04
13184,2.75344438919224,2017-02-05
13185,0.0,2017-02-06
13186,0.0,2017-02-07
13187,0.0,2017-02-08
13188,0.0,2017-02-09
13189,4.460648494004506,2017-02-10
13190,6.1097075898206805,2017-02-11
13191,0.0,2017-02-12
13192,0.5187171782216717,2017-02-13
13193,0.0,2017-02-14
13194,0.0,2017-02-15
13195,8.073382578902931,2017-02-16
13196,0.0,2017-02-17
13197,0.0,2017-02-18
13198,0.0,2017-02-19
13199,0.0,2017-02-20
13200,0.0,2017-02-21
13201,9.88289188793328,2017-02-22
13202,0.0,2017-02-23
13203,0.0,2017-02-24
13204,0.0,2017-02-25
13205,0.0,2017-02-26
13206,0.0,2017-02-27
13207,0.0,2017-02-28
13208,3.0605466330575806,2017-03-01
13209,0.0,2017-03-02
13210,4.79951952025338,2017-03-03
13211,0.0,2017-03-04
13212,0.0,2017-03-05
13213,0.0,2017-03-06
13214,0.0,2017-03-07
13215,1.137766575883211,2017-03-08
13216,0.0,2017-03-09
13217,0.0,2017-03-10
13218,0.0,2017-03-11
13219,0.0,2017-03-12
13220,0.0,2017-03-13
13221,5.672203848942286,2017-03-14
13222,7.199382913091664,2017-03-15
13223,13.842421000975666,2017-03-16
13224,0.4065195352101256,2017-03-17
13225,0.006019565436847049,2017-03-18
13226,0.2893035949639911,2017-03-19
13227,0.0,2017-03-20
13228,0.002203204974401032,2017-03-21
13229,0.0,2017-03-22
13230,0.3675076967949742,2017-03-23
13231,0.0,2017-03-24
13232,0.0,2017-03-25
13233,0.0,2017-03-26
13234,0.0,2017-03-27
13235,3.1778733613134476,2017-03-28
13236,0.49954993877243087,2017-03-29
13237,0.0,2017-03-30
13238,0.6268745109972017,2017-03-31
13239,0.0,2017-04-01
13240,0.202514168579907,2017-04-02
13241,0.0,2017-04-03
13242,0.0,2017-04-04
13243,0.36122257822769477,2017-04-05
13244,3.9870356523955675,2017-04-06
13245,0.0,2017-04-07
13246,0.0,2017-04-08
13247,0.0,2017-04-09
13248,0.0,2017-04-10
13249,0.0,2017-04-11
13250,0.0,2017-04-12
13251,0.0,2017-04-13
13252,0.02271911263116294,2017-04-14
13253,0.0,2017-04-15
13254,0.0,2017-04-16
13255,0.0,2017-04-17
13256,5.510154042118106,2017-04-18
13257,0.158486807982593,2017-04-19
13258,0.17335615297916,2017-04-20
13259,0.0,2017-04-21
13260,0.0,2017-04-22
13261,0.0,2017-04-23
13262,0.0,2017-04-24
13263,0.005095927890095194,2017-04-25
13264,0.0,2017-04-26
13265,16.169910581538414,2017-04-27
13266,33.691730328613026,2017-04-28
13267,10.34605756524721,2017-04-29
13268,5.881505246875573,2017-04-30
13269,34.097671385510594,2017-05-01
13270,0.0,2017-05-02
13271,0.21691678265322686,2017-05-03
13272,1.3774897876862555,2017-05-04
13273,18.369364101488223,2017-05-05
13274,0.04042865048405712,2017-05-06
13275,0.0,2017-05-07
13276,0.0,2017-05-08
13277,0.04211336351210071,2017-05-09
13278,3.5730526522247676,2017-05-10
13279,3.1283767011508212,2017-05-11
13280,16.3648468581952,2017-05-12
13281,10.956081124918208,2017-05-13
13282,5.282391260306509,2017-05-14
13283,1.7656782132509519,2017-05-15
13284,0.0,2017-05-16
13285,0.12012438181208726,2017-05-17
13286,0.0,2017-05-18
13287,0.0,2017-05-19
13288,0.0,2017-05-20
13289,3.4883229526396726,2017-05-21
13290,5.300402864696693,2017-05-22
13291,0.02420440203982714,2017-05-23
13292,3.861037771820672,2017-05-24
13293,17.02074792185138,2017-05-25
13294,18.047278230616776,2017-05-26
13295,10.795963147840189,2017-05-27
13296,10.630462467957098,2017-05-28
13297,1.190494121973815,2017-05-29
13298,0.7070943969995046,2017-05-30
13299,9.693165215313257,2017-05-31
13300,9.913124922699245,2017-06-01
13301,19.782231639403392,2017-06-02
13302,16.65581779189124,2017-06-03
13303,14.70041613078187,2017-06-04
13304,9.282382723285307,2017-06-05
13305,11.861250978788675,2017-06-06
13306,26.943458177505,2017-06-07
13307,23.748926260939797,2017-06-08
13308,19.709523200093827,2017-06-09
13309,13.758196792238966,2017-06-10
13310,17.467013207768414,2017-06-11
13311,4.3808905311483795,2017-06-12
13312,31.87818410319666,2017-06-13
13313,28.88698639128565,2017-06-14
13314,0.49018066699903373,2017-06-15
13315,27.51661148910299,2017-06-16
13316,4.839999455986134,2017-06-17
13317,18.186353575155533,2017-06-18
13318,34.299084099464736,2017-06-19
13319,19.458716700489575,2017-06-20
13320,9.795891644640056,2017-06-21
13321,8.070955318579578,2017-06-22
13322,2.474910052584762,2017-06-23
13323,19.46869473899215,2017-06-24
13324,32.08479570366422,2017-06-25
13325,9.269669673477804,2017-06-26
13326,0.0,2017-06-27
13327,9.727960869629714,2017-06-28
13328,12.876023412100384,2017-06-29
13329,5.958877668716342,2017-06-30
13330,0.5523757118213911,2017-07-01
13331,44.66335982426172,2017-07-02
13332,9.236814202507219,2017-07-03
13333,0.0,2017-07-04
13334,3.622250559630632,2017-07-05
13335,1.5942669355554664,2017-07-06
13336,2.620259297726092,2017-07-07
13337,19.834480319428657,2017-07-08
13338,4.002479640899166,2017-07-09
13339,1.0482773883741274,2017-07-10
13340,0.0,2017-07-11
13341,10.312611404821668,2017-07-12
13342,1.62657850097701,2017-07-13
13343,11.584407495375604,2017-07-14
13344,26.49108122392133,2017-07-15
13345,1.7836517735310666,2017-07-16
13346,12.237249013699392,2017-07-17
13347,10.853664207262728,2017-07-18
13348,0.35648869083773704,2017-07-19
13349,6.289667518201811,2017-07-20
13350,9.991653287851216,2017-07-21
13351,4.109414791277776,2017-07-22
13352,0.0,2017-07-23
13353,2.251345152561266,2017-07-24
13354,13.315430526901201,2017-07-25
13355,47.97071839822002,2017-07-26
13356,0.11030475764680119,2017-07-27
13357,0.0,2017-07-28
13358,4.779736541317356,2017-07-29
13359,16.393629703801402,2017-07-30
13360,8.797251568204146,2017-07-31
13361,12.248536848979962,2017-08-01
13362,14.147714159845258,2017-08-02
13363,12.801062918772097,2017-08-03
13364,3.989385411886176,2017-08-04
13365,12.953270439696105,2017-08-05
13366,0.1217979624963576,2017-08-06
13367,0.9604108805111077,2017-08-07
13368,10.50116763291121,2017-08-08
13369,9.50871830654983,2017-08-09
13370,25.787483380225403,2017-08-10
13371,13.596376661820845,2017-08-11
13372,12.327853496473205,2017-08-12
13373,0.6848018418588946,2017-08-13
13374,3.6626552674917177,2017-08-14
13375,17.105499115913144,2017-08-15
13376,3.7993203800934143,2017-08-16
13377,5.553616268697722,2017-08-17
13378,1.447701088102682,2017-08-18
13379,0.0,2017-08-19
13380,0.0,2017-08-20
13381,0.06999403542437513,2017-08-21
13382,0.0,2017-08-22
13383,13.389396221630737,2017-08-23
13384,6.628313748004499,2017-08-24
13385,12.141923676040518,2017-08-25
13386,3.901813485937035,2017-08-26
13387,0.0611745528112059,2017-08-27
13388,1.4219955613955724,2017-08-28
13389,2.0238120395766677,2017-08-29
13390,16.725476812798956,2017-08-30
13391,14.971548742241177,2017-08-31
13392,13.711301999050153,2017-09-01
13393,7.477161673660504,2017-09-02
13394,27.818059929766616,2017-09-03
13395,0.0,2017-09-04
13396,3.350375534026853,2017-09-05
13397,10.871540419684825,2017-09-06
13398,2.4046603905630257,2017-09-07
13399,3.4939400466376385,2017-09-08
13400,0.3525411349937014,2017-09-09
13401,0.0,2017-09-10
13402,6.774175825636409,2017-09-11
13403,16.924414400844633,2017-09-12
13404,0.3367158823209075,2017-09-13
13405,16.58793951374345,2017-09-14
13406,10.663926925771042,2017-09-15
13407,0.037729703673868936,2017-09-16
13408,1.0717073694492014,2017-09-17
13409,4.466954207797905,2017-09-18
13410,15.560352357237917,2017-09-19
13411,3.892522625517635,2017-09-20
13412,10.110270868480377,2017-09-21
13413,2.4525657004694787,2017-09-22
13414,8.371457083721666,2017-09-23
13415,22.924369703052328,2017-09-24
13416,11.2315788502847,2017-09-25
13417,0.17078958572879915,2017-09-26
13418,0.15488311974533844,2017-09-27
13419,33.60469649384799,2017-09-28
13420,33.18919805135195,2017-09-29
13421,38.521173377946006,2017-09-30
13422,13.562871624787183,2017-10-01
13423,18.19833832223395,2017-10-02
13424,31.26674824823731,2017-10-03
13425,16.372627747135777,2017-10-04
13426,23.295371949539863,2017-10-05
13427,2.0380871147424253,2017-10-06
13428,0.0,2017-10-07
13429,0.0,2017-10-08
13430,8.288308373168768,2017-10-09
13431,36.70311085026985,2017-10-10
13432,19.191006496854538,2017-10-11
13433,0.0,2017-10-12
13434,0.22860524750874542,2017-10-13
13435,2.6766096406248665,2017-10-14
13436,0.0,2017-10-15
13437,0.15587078417501143,2017-10-16
13438,2.5430550592036543,2017-10-17
13439,0.47835564174260564,2017-10-18
13440,0.5770213273123911,2017-10-19
13441,3.8240735307956375,2017-10-20
13442,1.5050253006719776,2017-10-21
13443,2.1433066737267286,2017-10-22
13444,1.212749127866236,2017-10-23
13445,29.94723770874337,2017-10-24
13446,0.0,2017-10-25
13447,0.0,2017-10-26
13448,0.0,2017-10-27
13449,21.475480561074626,2017-10-28
13450,0.20430971033761927,2017-10-29
13451,0.0,2017-10-30
13452,0.0,2017-10-31
13453,0.0,2017-11-01
13454,0.0,2017-11-02
13455,3.3766156966805108,2017-11-03
13456,116.08735750662616,2017-11-04
13457,0.0,2017-11-05
13458,0.0,2017-11-06
13459,0.0,2017-11-07
13460,0.0,2017-11-08
13461,0.0,2017-11-09
13462,0.0,2017-11-10
13463,0.0,2017-11-11
13464,0.0,2017-11-12
13465,0.0,2017-11-13
13466,0.0,2017-11-14
13467,0.0,2017-11-15
13468,2.149639644007529,2017-11-16
13469,0.0,2017-11-17
13470,0.0,2017-11-18
13471,0.0,2017-11-19
13472,0.0,2017-11-20
13473,0.0,2017-11-21
13474,0.0,2017-11-22
13475,0.0,2017-11-23
13476,0.0,2017-11-24
13477,0.0,2017-11-25
13478,0.0,2017-11-26
13479,0.0,2017-11-27
13480,0.0,2017-11-28
13481,0.0,2017-11-29
13482,0.0,2017-11-30
13483,0.0,2017-12-01
13484,0.0,2017-12-02
13485,0.022483477214913915,2017-12-03
13486,0.0,2017-12-04
13487,0.0,2017-12-05
13488,0.0,2017-12-06
13489,0.04302416124651509,2017-12-07
13490,0.0,2017-12-08
13491,10.292044249112305,2017-12-09
13492,0.0,2017-12-10
13493,47.222885427139374,2017-12-11
13494,0.13239337244341448,2017-12-12
13495,6.3210184165949,2017-12-13
13496,0.0,2017-12-14
13497,0.5368848449953141,2017-12-15
13498,0.0,2017-12-16
13499,0.0,2017-12-17
13500,0.0,2017-12-18
13501,0.0,2017-12-19
13502,0.0,2017-12-20
13503,0.0,2017-12-21
13504,0.0,2017-12-22
13505,0.0,2017-12-23
13506,0.24102543419756847,2017-12-24
13507,0.0,2017-12-25
13508,0.1503493170025062,2017-12-26
13509,0.0,2017-12-27
13510,0.14210521804272602,2017-12-28
13511,0.45729846350258746,2017-12-29
13512,0.3484153109911251,2017-12-30
13513,2.5733996225172477,2017-12-31
13514,0.0,2018-01-01
13515,3.538981291275919,2018-01-02
13516,0.2750920017443794,2018-01-03
13517,0.0,2018-01-04
13518,0.00956331269831951,2018-01-05
13519,1.3971414290005861,2018-01-06
13520,0.0,2018-01-07
13521,0.0,2018-01-08
13522,2.2502447981009386,2018-01-09
13523,0.0,2018-01-10
13524,0.0,2018-01-11
13525,0.0,2018-01-12
13526,4.86054551725863,2018-01-13
13527,0.0,2018-01-14
13528,0.0,2018-01-15
13529,0.0,2018-01-16
13530,25.157407283559227,2018-01-17
13531,13.059336029735128,2018-01-18
13532,5.289224897955171,2018-01-19
13533,0.0,2018-01-20
13534,0.08323970540178137,2018-01-21
13535,0.0,2018-01-22
13536,2.5984134683021702,2018-01-23
13537,47.783755590069674,2018-01-24
13538,2.3079172854269707,2018-01-25
13539,0.5472484398727194,2018-01-26
13540,0.0,2018-01-27
13541,0.0,2018-01-28
13542,0.07721199947368365,2018-01-29
13543,3.155623549268392,2018-01-30
13544,0.9848220756116852,2018-01-31
13545,0.0,2018-02-01
13546,0.0,2018-02-02
13547,9.81543188827828,2018-02-03
13548,0.0,2018-02-04
13549,0.0,2018-02-05
13550,0.0,2018-02-06
13551,0.0,2018-02-07
13552,8.202228202554139,2018-02-08
13553,0.0,2018-02-09
13554,0.0,2018-02-10
13555,0.0,2018-02-11
13556,0.0,2018-02-12
13557,4.781035223958081,2018-02-13
13558,0.0459349959476952,2018-02-14
13559,0.0,2018-02-15
13560,0.0,2018-02-16
13561,0.5258903960118895,2018-02-17
13562,2.15088082347098,2018-02-18
13563,0.0,2018-02-19
13564,0.0,2018-02-20
13565,0.0,2018-02-21
13566,0.0,2018-02-22
13567,2.634219562860528,2018-02-23
13568,6.8750520966549455,2018-02-24
13569,0.0,2018-02-25
13570,0.0,2018-02-26
13571,0.0,2018-02-27
13572,0.0,2018-02-28
13573,0.0,2018-03-01
13574,0.0,2018-03-02
13575,0.12934365871015532,2018-03-03
13576,0.0,2018-03-04
13577,0.0,2018-03-05
13578,0.0,2018-03-06
13579,0.0,2018-03-07
13580,0.058639476865617414,2018-03-08
13581,0.0,2018-03-09
13582,0.0,2018-03-10
13583,0.0,2018-03-11
13584,0.0,2018-03-12
13585,17.16834544570565,2018-03-13
13586,0.0548107010178552,2018-03-14
13587,0.0,2018-03-15
13588,0.13109078194738485,2018-03-16
13589,1.6565731117522615,2018-03-17
13590,0.6459122273789123,2018-03-18
13591,1.9695421262920079,2018-03-19
13592,0.2548072325798773,2018-03-20
13593,1.1042256057716886,2018-03-21
13594,0.0,2018-03-22
13595,0.0,2018-03-23
13596,0.0,2018-03-24
13597,0.0,2018-03-25
13598,0.0,2018-03-26
13599,0.0,2018-03-27
13600,0.0,2018-03-28
13601,0.5058038486623345,2018-03-29
13602,1.856071516663448,2018-03-30
13603,9.049065590974521,2018-03-31
13604,0.0,2018-04-01
13605,0.0,2018-04-02
13606,0.0,2018-04-03
13607,1.9745538516757772,2018-04-04
13608,0.6392910375063722,2018-04-05
13609,0.19098519304281109,2018-04-06
13610,0.0,2018-04-07
13611,0.0,2018-04-08
13612,0.0,2018-04-09
13613,6.905926007846934,2018-04-10
13614,9.820265657069742,2018-04-11
13615,1.5727803355577754,2018-04-12
13616,0.0,2018-04-13
13617,0.4786352801532689,2018-04-14
13618,1.726451653665112,2018-04-15
13619,0.0,2018-04-16
13620,0.0,2018-04-17
13621,0.0,2018-04-18
13622,1.6409549070313532,2018-04-19
13623,0.0,2018-04-20
13624,0.0,2018-04-21
13625,0.0,2018-04-22
13626,0.1606210960740568,2018-04-23
13627,0.0,2018-04-24
13628,0.7213835572077731,2018-04-25
13629,4.971502446596925,2018-04-26
13630,18.728613307566942,2018-04-27
13631,4.722062128380248,2018-04-28
13632,0.0,2018-04-29
13633,0.0,2018-04-30
13634,5.6533766442380005,2018-05-01
13635,0.900583437712661,2018-05-02
13636,0.0,2018-05-03
13637,0.0,2018-05-04
13638,0.0,2018-05-05
13639,0.0,2018-05-06
13640,0.0,2018-05-07
13641,0.0,2018-05-08
13642,0.0,2018-05-09
13643,0.0,2018-05-10
13644,5.351811470957447,2018-05-11
13645,0.0,2018-05-12
13646,0.1815601174922283,2018-05-13
13647,11.731157540547885,2018-05-14
13648,8.858507589972266,2018-05-15
13649,1.3927111142261985,2018-05-16
13650,13.683592436502407,2018-05-17
13651,15.734755716743365,2018-05-18
13652,0.28829260023458264,2018-05-19
13653,2.0845400248944235,2018-05-20
13654,0.6644658101548897,2018-05-21
13655,5.993033735996818,2018-05-22
13656,0.0,2018-05-23
13657,3.6827080746619942,2018-05-24
13658,3.3884618539194915,2018-05-25
13659,3.6218825781590076,2018-05-26
13660,0.0,2018-05-27
13661,0.0,2018-05-28
13662,0.0,2018-05-29
13663,0.5448514699236738,2018-05-30
13664,11.899475148052764,2018-05-31
13665,7.453854714782357,2018-06-01
13666,8.246484570796891,2018-06-02
13667,13.24059572247816,2018-06-03
13668,16.67935696364148,2018-06-04
13669,2.127239855265687,2018-06-05
13670,17.585450335919326,2018-06-06
13671,25.03796174975085,2018-06-07
13672,30.589923325591776,2018-06-08
13673,3.27269676172139,2018-06-09
13674,0.17888645244833312,2018-06-10
13675,1.6122383088310446,2018-06-11
13676,6.108453178937135,2018-06-12
13677,16.624200902614437,2018-06-13
13678,21.741077052309368,2018-06-14
13679,17.18327573138598,2018-06-15
13680,14.739605385620921,2018-06-16
13681,22.61305780958919,2018-06-17
13682,15.428826866429572,2018-06-18
13683,11.246509064789041,2018-06-19
13684,4.877703310779113,2018-06-20
13685,16.985418701060013,2018-06-21
13686,12.550854003352507,2018-06-22
13687,3.7308945461731855,2018-06-23
13688,13.443666112877407,2018-06-24
13689,3.0817943609494973,2018-06-25
13690,7.3410615163954125,2018-06-26
13691,10.905517145447716,2018-06-27
13692,8.686361376071602,2018-06-28
13693,3.810949328665859,2018-06-29
13694,0.0,2018-06-30
13695,0.9139809402622435,2018-07-01
13696,19.07081097868531,2018-07-02
13697,0.03490443327559753,2018-07-03
13698,0.0,2018-07-04
13699,0.24157881146651908,2018-07-05
13700,12.47112059914821,2018-07-06
13701,11.623736278668177,2018-07-07
13702,0.13558287480709488,2018-07-08
13703,6.39794371451101,2018-07-09
13704,17.36856665938481,2018-07-10
13705,3.5110048737623827,2018-07-11
13706,0.0,2018-07-12
13707,5.225119664815863,2018-07-13
13708,0.8518471557863297,2018-07-14
13709,10.727292038478458,2018-07-15
13710,5.88901341952886,2018-07-16
13711,10.88788088918781,2018-07-17
13712,0.04707757127599632,2018-07-18
13713,6.945347895216731,2018-07-19
13714,0.0,2018-07-20
13715,0.3479049112370287,2018-07-21
13716,6.159434463075881,2018-07-22
13717,0.0,2018-07-23
13718,0.0,2018-07-24
13719,0.0,2018-07-25
13720,0.0,2018-07-26
13721,0.10615004642967606,2018-07-27
13722,0.0,2018-07-28
13723,1.3512781661137105,2018-07-29
13724,0.6778156832585935,2018-07-30
13725,22.47400406241766,2018-07-31
13726,26.44682435046892,2018-08-01
13727,9.857651727821821,2018-08-02
13728,1.0560633299986988,2018-08-03
13729,7.453538410404912,2018-08-04
13730,28.868806053172808,2018-08-05
13731,18.38075963322369,2018-08-06
13732,7.453483813151586,2018-08-07
13733,2.449403677629935,2018-08-08
13734,0.2668455308203823,2018-08-09
13735,6.470578612554108,2018-08-10
13736,0.0,2018-08-11
13737,0.7256232506648538,2018-08-12
13738,6.61936195748293,2018-08-13
13739,3.609797131113294,2018-08-14
13740,0.0,2018-08-15
13741,3.6209975498932203,2018-08-16
13742,8.17930229981274,2018-08-17
13743,7.605209097149085,2018-08-18
13744,6.647766105618292,2018-08-19
13745,4.547993903299929,2018-08-20
13746,15.04475089920581,2018-08-21
13747,14.12538759726583,2018-08-22
13748,11.461256193009984,2018-08-23
13749,7.93863348200174,2018-08-24
13750,3.6254091997510183,2018-08-25
13751,3.173419607755376,2018-08-26
13752,10.27730722799329,2018-08-27
13753,0.6856065883244937,2018-08-28
13754,1.8599913411406126,2018-08-29
13755,4.424808056739067,2018-08-30
13756,0.02329567520499579,2018-08-31
13757,2.5987158077553216,2018-09-01
13758,14.199451609105312,2018-09-02
13759,8.214452176611445,2018-09-03
13760,12.666245910191467,2018-09-04
13761,3.0652936368254275,2018-09-05
13762,9.91140847790626,2018-09-06
13763,1.008703277789253,2018-09-07
13764,0.2115405940030677,2018-09-08
13765,7.6485256296448725,2018-09-09
13766,17.028932676231406,2018-09-10
13767,18.067685121553037,2018-09-11
13768,19.199888856669677,2018-09-12
13769,6.440001457611489,2018-09-13
13770,8.281148122384751,2018-09-14
13771,1.8221510249638488,2018-09-15
13772,4.719286124881061,2018-09-16
13773,0.1189199832877106,2018-09-17
13774,0.0,2018-09-18
13775,2.8258016556379038,2018-09-19
13776,2.3336321793972923,2018-09-20
13777,17.634418775804594,2018-09-21
13778,8.0377199756365,2018-09-22
13779,1.312820547948485,2018-09-23
13780,11.009815500544663,2018-09-24
13781,2.5524202423431306,2018-09-25
13782,6.50542918724049,2018-09-26
13783,0.30524464478590624,2018-09-27
13784,1.9491433066986177,2018-09-28
13785,0.8672284249755995,2018-09-29
13786,3.2604649051403376,2018-09-30
13787,0.8201965087599767,2018-10-01
13788,1.422956177803778,2018-10-02
13789,6.779415639586462,2018-10-03
13790,6.93487869712964,2018-10-04
13791,3.5112660536668177,2018-10-05
13792,4.220213060490898,2018-10-06
13793,0.0,2018-10-07
13794,5.979777671304967,2018-10-08
13795,10.866983478943276,2018-10-09
13796,0.6998107365638979,2018-10-10
13797,16.1537032618201,2018-10-11
13798,3.6602485604859516,2018-10-12
13799,1.1402129723389478,2018-10-13
13800,2.122734731858777,2018-10-14
13801,3.5543598167497747,2018-10-15
13802,15.716836032056394,2018-10-16
13803,8.542910260147362,2018-10-17
13804,9.719341764254306,2018-10-18
13805,31.3985762820146,2018-10-19
13806,10.572749405578437,2018-10-20
13807,1.623269335950924,2018-10-21
13808,0.0,2018-10-22
13809,0.0,2018-10-23
13810,0.0,2018-10-24
13811,0.0,2018-10-25
13812,0.0,2018-10-26
13813,0.9928475787143204,2018-10-27
13814,17.740555934066997,2018-10-28
13815,0.0,2018-10-29
13816,0.0,2018-10-30
13817,0.0,2018-10-31
13818,0.0,2018-11-01
13819,0.6458732882412996,2018-11-02
13820,20.523671187543446,2018-11-03
13821,2.083649199085851,2018-11-04
13822,37.12841032914753,2018-11-05
13823,0.0,2018-11-06
13824,0.0,2018-11-07
13825,0.0,2018-11-08
13826,1.0429165791486363,2018-11-09
13827,0.0,2018-11-10
13828,0.0,2018-11-11
13829,0.0,2018-11-12
13830,0.0,2018-11-13
13831,1.7372699648613807,2018-11-14
13832,0.07472117317736673,2018-11-15
13833,0.0,2018-11-16
13834,0.0,2018-11-17
13835,0.0,2018-11-18
13836,0.0,2018-11-19
13837,1.0847701783054386,2018-11-20
13838,2.2337066854549645,2018-11-21
13839,0.07722582047985446,2018-11-22
13840,0.0,2018-11-23
13841,0.0,2018-11-24
13842,0.0,2018-11-25
13843,0.0,2018-11-26
13844,2.3262698229736594,2018-11-27
13845,0.0,2018-11-28
13846,0.0,2018-11-29
13847,0.0,2018-11-30
13848,4.0909692223680345,2018-12-01
13849,0.0,2018-12-02
13850,0.0,2018-12-03
13851,0.0,2018-12-04
13852,4.772551584523445,2018-12-05
13853,0.0,2018-12-06
13854,0.03820926364216287,2018-12-07
13855,0.0,2018-12-08
13856,0.0,2018-12-09
13857,7.1577500081831404,2018-12-10
13858,0.221864147969355,2018-12-11
13859,0.0,2018-12-12
13860,0.0,2018-12-13
13861,0.0,2018-12-14
13862,6.102882769660168,2018-12-15
13863,2.60576926030022,2018-12-16
13864,0.0,2018-12-17
13865,0.0,2018-12-18
13866,0.0,2018-12-19
13867,0.0,2018-12-20
13868,0.0,2018-12-21
13869,0.0,2018-12-22
13870,0.0,2018-12-23
13871,4.362784011259107,2018-12-24
13872,0.0,2018-12-25
13873,10.206597529016978,2018-12-26
13874,0.0,2018-12-27
13875,0.0,2018-12-28
13876,0.0,2018-12-29
13877,0.0,2018-12-30
13878,0.0,2018-12-31
13879,0.0,2019-01-01
13880,7.931066274810749,2019-01-02
13881,0.0,2019-01-03
13882,0.0,2019-01-04
13883,1.8275722049757883,2019-01-05
13884,0.0,2019-01-06
13885,0.0,2019-01-07
13886,0.0,2019-01-08
13887,0.654495218506307,2019-01-09
13888,8.578859383088053,2019-01-10
13889,1.6710957999523084,2019-01-11
13890,0.0,2019-01-12
13891,0.0,2019-01-13
13892,6.68459075801883,2019-01-14
13893,0.0,2019-01-15
13894,0.0,2019-01-16
13895,5.315359755709024,2019-01-17
13896,0.0,2019-01-18
13897,0.0,2019-01-19
13898,8.601141797762116,2019-01-20
13899,11.078187342612976,2019-01-21
13900,0.0,2019-01-22
13901,0.0,2019-01-23
13902,0.0,2019-01-24
13903,6.519369750176706,2019-01-25
13904,0.0,2019-01-26
13905,0.0,2019-01-27
13906,14.928963843762347,2019-01-28
13907,0.0,2019-01-29
13908,0.0,2019-01-30
13909,0.0,2019-01-31
13910,0.0,2019-02-01
13911,7.314673425375191,2019-02-02
13912,0.0,2019-02-03
13913,0.0,2019-02-04
13914,0.0,2019-02-05
13915,0.0,2019-02-06
13916,0.0,2019-02-07
13917,0.07145716558104037,2019-02-08
13918,4.5780862359077705,2019-02-09
13919,0.0,2019-02-10
13920,0.0,2019-02-11
13921,0.0,2019-02-12
13922,1.454812789676476,2019-02-13
13923,4.0326159070314205,2019-02-14
13924,0.0,2019-02-15
13925,0.0,2019-02-16
13926,0.0,2019-02-17
13927,0.0,2019-02-18
13928,0.0,2019-02-19
13929,10.9527516434689,2019-02-20
13930,0.0,2019-02-21
13931,0.0,2019-02-22
13932,0.0,2019-02-23
13933,0.09966658712482172,2019-02-24
13934,7.744172441476952,2019-02-25
13935,0.0,2019-02-26
13936,0.0,2019-02-27
13937,0.0,2019-02-28
13938,0.0,2019-03-01
13939,0.0,2019-03-02
13940,0.0,2019-03-03
13941,0.0,2019-03-04
13942,6.97351329859401,2019-03-05
13943,6.33787209702377,2019-03-06
13944,0.0,2019-03-07
13945,0.0,2019-03-08
13946,0.0,2019-03-09
13947,0.0,2019-03-10
13948,0.0,2019-03-11
13949,1.9857768880586821,2019-03-12
13950,0.0,2019-03-13
13951,0.0,2019-03-14
13952,0.0,2019-03-15
13953,0.0,2019-03-16
13954,0.0,2019-03-17
13955,0.0,2019-03-18
13956,0.0,2019-03-19
13957,4.752328083899713,2019-03-20
13958,0.0,2019-03-21
13959,0.0,2019-03-22
13960,0.0,2019-03-23
13961,0.0,2019-03-24
13962,0.0,2019-03-25
13963,0.0,2019-03-26
13964,0.5691630626773554,2019-03-27
13965,0.2659326466367392,2019-03-28
13966,0.0,2019-03-29
13967,0.0,2019-03-30
13968,0.0,2019-03-31
13969,0.0,2019-04-01
13970,0.0,2019-04-02
13971,0.0,2019-04-03
13972,0.0,2019-04-04
13973,0.003299868211718249,2019-04-05
13974,1.706323098269376,2019-04-06
13975,18.24158278221958,2019-04-07
13976,40.1951894496683,2019-04-08
13977,8.789088197132012,2019-04-09
13978,0.0,2019-04-10
13979,0.0,2019-04-11
13980,0.0,2019-04-12
13981,0.0,2019-04-13
13982,0.0,2019-04-14
13983,0.0,2019-04-15
13984,0.0,2019-04-16
13985,1.1816609152740747,2019-04-17
13986,0.1672108835348985,2019-04-18
13987,23.564880382280542,2019-04-19
13988,0.0,2019-04-20
13989,2.487003626684555e-06,2019-04-21
13990,0.5129314243085573,2019-04-22
13991,1.7311762901834737,2019-04-23
13992,2.2557505904264805,2019-04-24
13993,0.4053642511997055,2019-04-25
13994,0.0,2019-04-26
13995,0.0,2019-04-27
13996,0.0,2019-04-28
13997,0.5800994672803236,2019-04-29
13998,0.0,2019-04-30
13999,0.0048439098593077,2019-05-01
14000,0.0,2019-05-02
14001,2.800775194140124,2019-05-03
14002,45.30128877220265,2019-05-04
14003,15.602028386180349,2019-05-05
14004,21.858545032959885,2019-05-06
14005,15.011171352744448,2019-05-07
14006,8.906598580072353,2019-05-08
14007,6.975603741816411,2019-05-09
14008,5.839321310680982,2019-05-10
14009,5.380123108251354,2019-05-11
14010,0.00808644644326129,2019-05-12
14011,0.0,2019-05-13
14012,3.6071936326292606,2019-05-14
14013,17.677093692063586,2019-05-15
14014,14.34620470997875,2019-05-16
14015,15.592052788412818,2019-05-17
14016,4.2445356084873955,2019-05-18
14017,4.016639265105172,2019-05-19
14018,1.8131301747598956,2019-05-20
14019,3.497319896731559,2019-05-21
14020,0.0,2019-05-22
14021,13.464246840602842,2019-05-23
14022,0.14672091839250584,2019-05-24
14023,0.0,2019-05-25
14024,0.0,2019-05-26
14025,0.0,2019-05-27
14026,0.00858718838509926,2019-05-28
14027,3.878181625992671,2019-05-29
14028,22.78715089378469,2019-05-30
14029,26.71604720873567,2019-05-31
14030,10.553746660182203,2019-06-01
14031,12.200855465075136,2019-06-02
14032,23.826488640189517,2019-06-03
14033,4.635557872458987,2019-06-04
14034,1.9734470529640173,2019-06-05
14035,0.6386754859297857,2019-06-06
14036,1.5022342305449097,2019-06-07
14037,0.5762677944440646,2019-06-08
14038,0.22219089130502293,2019-06-09
14039,17.210135092078062,2019-06-10
14040,7.530948116772336,2019-06-11
14041,10.81828143103032,2019-06-12
14042,13.730271426393836,2019-06-13
14043,9.063082850783452,2019-06-14
14044,3.916421970013649,2019-06-15
14045,2.4648943156021432,2019-06-16
14046,8.395278368541572,2019-06-17
14047,0.0,2019-06-18
14048,0.22697923470102796,2019-06-19
14049,4.6457409300342665,2019-06-20
14050,17.075919298356585,2019-06-21
14051,37.89803064989553,2019-06-22
14052,7.7286865062378025,2019-06-23
14053,0.0,2019-06-24
14054,0.0,2019-06-25
14055,3.9234926590961448,2019-06-26
14056,2.953074175255739,2019-06-27
14057,15.327094508364054,2019-06-28
14058,0.0,2019-06-29
14059,2.00795628217658,2019-06-30
14060,9.299372256158737,2019-07-01
14061,0.0,2019-07-02
14062,0.0,2019-07-03
14063,0.0,2019-07-04
14064,0.0,2019-07-05
14065,0.0,2019-07-06
14066,0.0,2019-07-07
14067,15.097796203132251,2019-07-08
14068,5.927484606717689,2019-07-09
14069,0.18453894304739765,2019-07-10
14070,2.1084199076174293,2019-07-11
14071,3.1826447170570793,2019-07-12
14072,12.598376447783886,2019-07-13
14073,7.459582416165261,2019-07-14
14074,0.0,2019-07-15
14075,12.166366393209545,2019-07-16
14076,2.5607675844623197,2019-07-17
14077,25.82570042901024,2019-07-18
14078,0.850425640145355,2019-07-19
14079,0.7012400814235387,2019-07-20
14080,15.69451726256228,2019-07-21
14081,1.7538706467787895,2019-07-22
14082,0.022250486077451285,2019-07-23
14083,1.5249652308103276,2019-07-24
14084,1.0741922727288389,2019-07-25
14085,6.712320150308246,2019-07-26
14086,2.4289156533406273,2019-07-27
14087,19.56330657936611,2019-07-28
14088,1.0021209291978315,2019-07-29
14089,0.0,2019-07-30
14090,0.0,2019-07-31
14091,0.0,2019-08-01
14092,0.0,2019-08-02
14093,4.623982111603635,2019-08-03
14094,0.8562202544785665,2019-08-04
14095,4.626567144477822,2019-08-05
14096,12.063552878972722,2019-08-06
14097,1.8824737541556704,2019-08-07
14098,2.7954136371332887,2019-08-08
14099,6.497629074938486,2019-08-09
14100,6.329220899738525,2019-08-10
14101,11.02692279916355,2019-08-11
14102,2.99963621826116,2019-08-12
14103,0.0,2019-08-13
14104,0.014867823088973149,2019-08-14
14105,2.1638014324249757,2019-08-15
14106,6.130918298480798,2019-08-16
14107,23.708671669498568,2019-08-17
14108,24.178507750223112,2019-08-18
14109,10.977665848578178,2019-08-19
14110,0.16073569222279657,2019-08-20
14111,1.9941212627125624,2019-08-21
14112,11.590340774933265,2019-08-22
14113,0.0,2019-08-23
14114,0.017359762471442348,2019-08-24
14115,0.10475214734455009,2019-08-25
14116,0.24292818063864616,2019-08-26
14117,30.910954609532507,2019-08-27
14118,0.584895902057547,2019-08-28
14119,0.8229656286043856,2019-08-29
14120,0.0,2019-08-30
14121,0.6964325448984275,2019-08-31
14122,23.111724183538428,2019-09-01
14123,14.614826926709622,2019-09-02
14124,15.373706658522757,2019-09-03
14125,0.11156970205894315,2019-09-04
14126,4.15951543394072,2019-09-05
14127,2.099732149409409,2019-09-06
14128,2.320623943183429,2019-09-07
14129,2.5313192120325536,2019-09-08
14130,3.3407672302324407,2019-09-09
14131,22.027492506888613,2019-09-10
14132,23.972266264241462,2019-09-11
14133,0.0,2019-09-12
14134,0.5013253722092973,2019-09-13
14135,4.030968087411695,2019-09-14
14136,1.055286893005595,2019-09-15
14137,7.881815245396229,2019-09-16
14138,16.971502906038616,2019-09-17
14139,13.242564100170418,2019-09-18
14140,0.0,2019-09-19
14141,0.2437364885883947,2019-09-20
14142,0.6557497044113025,2019-09-21
14143,3.2222129169027824,2019-09-22
14144,3.2531892395578876,2019-09-23
14145,7.332925409669401,2019-09-24
14146,45.676559060396016,2019-09-25
14147,10.413257244227575,2019-09-26
14148,4.294776230809275,2019-09-27
14149,22.742908286544935,2019-09-28
14150,23.815855895179467,2019-09-29
14151,3.4458907687559157,2019-09-30
14152,16.808173193721828,2019-10-01
14153,2.747599451031503,2019-10-02
14154,3.0672061177083125,2019-10-03
14155,21.335991152262757,2019-10-04
14156,24.873601227198176,2019-10-05
14157,5.351617037222183,2019-10-06
14158,16.793741957085576,2019-10-07
14159,15.82437195467459,2019-10-08
14160,10.11913701792966,2019-10-09
14161,1.558579380645081,2019-10-10
14162,6.526061971809857,2019-10-11
14163,14.42179592180112,2019-10-12
14164,2.263585329587159,2019-10-13
14165,10.984736984174624,2019-10-14
14166,9.492344046170407,2019-10-15
14167,0.45812743782647547,2019-10-16
14168,0.8209350742272967,2019-10-17
14169,8.41873179590947,2019-10-18
14170,0.0,2019-10-19
14171,0.0,2019-10-20
14172,0.14710027773009718,2019-10-21
14173,31.424925943245984,2019-10-22
14174,0.8634074161059696,2019-10-23
14175,23.127669776122243,2019-10-24
14176,14.2674493888676,2019-10-25
14177,14.264772815452648,2019-10-26
14178,6.149472913993769,2019-10-27
14179,1.227021735742295,2019-10-28
14180,5.5319839216327376,2019-10-29
14181,4.247850526882406,2019-10-30
14182,6.627883191178622,2019-10-31
14183,19.70432267328862,2019-11-01
14184,24.763604858599805,2019-11-02
14185,0.44486436466317725,2019-11-03
14186,0.0,2019-11-04
14187,0.0,2019-11-05
14188,0.0,2019-11-06
14189,0.0,2019-11-07
14190,1.7601917709003794,2019-11-08
14191,0.0,2019-11-09
14192,0.0,2019-11-10
14193,4.217659076427785,2019-11-11
14194,1.7999616692842275,2019-11-12
14195,6.148741300504579,2019-11-13
14196,3.0059458437693083,2019-11-14
14197,4.808595541341563,2019-11-15
14198,6.112925083630246,2019-11-16
14199,0.0,2019-11-17
14200,0.0,2019-11-18
14201,0.0,2019-11-19
14202,0.0,2019-11-20
14203,0.0,2019-11-21
14204,0.0,2019-11-22
14205,0.0,2019-11-23
14206,3.1335166583243,2019-11-24
14207,4.135357213929252,2019-11-25
14208,0.0,2019-11-26
14209,0.0,2019-11-27
14210,3.7287199869463525,2019-11-28
14211,2.612723047894117,2019-11-29
14212,0.0,2019-11-30
14213,0.0,2019-12-01
14214,0.9619550204906298,2019-12-02
14215,4.794442997649969,2019-12-03
14216,0.0,2019-12-04
14217,1.2636892117922607,2019-12-05
14218,0.0,2019-12-06
14219,1.1319073719572812,2019-12-07
14220,5.411214115696569,2019-12-08
14221,0.0,2019-12-09
14222,0.0,2019-12-10
14223,2.740617311371387,2019-12-11
14224,2.9303062543002047,2019-12-12
14225,0.0,2019-12-13
14226,0.8639195394376157,2019-12-14
14227,0.0,2019-12-15
14228,0.0,2019-12-16
14229,0.18943355607846615,2019-12-17
14230,142.88432782559107,2019-12-18
14231,0.4941921795428324,2019-12-19
14232,0.0,2019-12-20
14233,0.2353016270780144,2019-12-21
14234,1.573006561900164,2019-12-22
14235,3.5522190777507356,2019-12-23
14236,0.5485588741022821,2019-12-24
14237,0.0072727841016484145,2019-12-25
14238,1.9645064880281597,2019-12-26
14239,4.146702583262648,2019-12-27
14240,0.0,2019-12-28
14241,0.0,2019-12-29
14242,0.22245400151898787,2019-12-30
14243,3.62256735186423,2019-12-31
14244,0.0,2020-01-01
14245,0.0,2020-01-02
14246,0.0,2020-01-03
14247,14.499477881937782,2020-01-04
14248,8.693923273338251,2020-01-05
14249,0.0,2020-01-06
14250,0.0,2020-01-07
14251,16.337726335385675,2020-01-08
14252,0.0,2020-01-09
14253,0.0,2020-01-10
14254,0.0,2020-01-11
14255,1.9279796679208707,2020-01-12
14256,6.125405946742755,2020-01-13
14257,11.111301873478368,2020-01-14
14258,3.0892757982662347,2020-01-15
14259,0.0,2020-01-16
14260,8.90294254540698,2020-01-17
14261,8.254130969509,2020-01-18
14262,0.0,2020-01-19
14263,3.1331883592689493,2020-01-20
14264,16.65683857624132,2020-01-21
14265,0.0,2020-01-22
14266,0.0,2020-01-23
14267,0.0,2020-01-24
14268,6.025737252473132,2020-01-25
14269,0.0,2020-01-26
14270,0.07634345834905451,2020-01-27
14271,6.719291224409758,2020-01-28
14272,1.225022497792398,2020-01-29
14273,16.40556788134085,2020-01-30
14274,0.552911871828991,2020-01-31
14275,60.94450080924721,2020-02-01
14276,3.0951850553831397,2020-02-02
14277,0.0,2020-02-03
14278,0.0,2020-02-04
14279,0.0,2020-02-05
14280,0.0,2020-02-06
14281,0.0,2020-02-07
14282,1.8098089525776526,2020-02-08
14283,0.0,2020-02-09
14284,0.0,2020-02-10
14285,0.0,2020-02-11
14286,0.0,2020-02-12
14287,0.0,2020-02-13
14288,0.2906548396303507,2020-02-14
14289,2.1983186446886265,2020-02-15
14290,0.523902936191503,2020-02-16
14291,0.07260009119587561,2020-02-17
14292,0.0,2020-02-18
14293,0.0,2020-02-19
14294,0.22102924483962075,2020-02-20
14295,0.0,2020-02-21
14296,1.5958248147377174,2020-02-22
14297,1.0776632725388422,2020-02-23
14298,0.0,2020-02-24
14299,0.0,2020-02-25
14300,0.0,2020-02-26
14301,19.90845448278612,2020-02-27
14302,0.0,2020-02-28
14303,0.0,2020-02-29
14304,17.697804308413062,2020-03-01
14305,0.0,2020-03-02
14306,0.0,2020-03-03
14307,0.0,2020-03-04
14308,0.0,2020-03-05
14309,5.763043793009872,2020-03-06
14310,0.0029163219082740045,2020-03-07
14311,3.9485052689359335,2020-03-08
14312,1.4153697259964484,2020-03-09
14313,0.0,2020-03-10
14314,7.952745176857866,2020-03-11
14315,0.0,2020-03-12
14316,0.0,2020-03-13
14317,0.0,2020-03-14
14318,1.325144876217213,2020-03-15
14319,0.0,2020-03-16
14320,0.0,2020-03-17
14321,0.0,2020-03-18
14322,1.7172417970696503,2020-03-19
14323,0.0,2020-03-20
14324,4.247967059031959,2020-03-21
14325,0.19687044482077323,2020-03-22
14326,0.0,2020-03-23
14327,0.0,2020-03-24
14328,0.0,2020-03-25
14329,0.0,2020-03-26
14330,0.0,2020-03-27
14331,0.0,2020-03-28
14332,0.0,2020-03-29
14333,6.838359081905959,2020-03-30
14334,4.8385737141975556,2020-03-31
14335,0.0,2020-04-01
14336,2.176718749580495,2020-04-02
14337,0.0,2020-04-03
14338,0.026631521773128566,2020-04-04
14339,6.084473945129654,2020-04-05
14340,0.0,2020-04-06
14341,0.0,2020-04-07
14342,0.0,2020-04-08
14343,0.0,2020-04-09
14344,0.0,2020-04-10
14345,4.599369072816239,2020-04-11
14346,0.0,2020-04-12
14347,0.0,2020-04-13
14348,0.0,2020-04-14
14349,0.0,2020-04-15
14350,0.0,2020-04-16
14351,0.0,2020-04-17
14352,0.0,2020-04-18
14353,0.0,2020-04-19
14354,0.0,2020-04-20
14355,0.06089815841741925,2020-04-21
14356,0.0,2020-04-22
14357,0.0,2020-04-23
14358,0.22213816803571418,2020-04-24
14359,0.0,2020-04-25
14360,0.20554768682574948,2020-04-26
14361,28.723320289007727,2020-04-27
14362,0.0,2020-04-28
14363,0.0,2020-04-29
14364,4.883192125695193,2020-04-30
14365,1.1826208424428342,2020-05-01
14366,0.7831203762457166,2020-05-02
14367,0.0,2020-05-03
14368,0.0,2020-05-04
14369,2.2778787378691514,2020-05-05
14370,9.175452821247738,2020-05-06
14371,0.08892377425498628,2020-05-07
14372,1.6134302301071255,2020-05-08
14373,12.812016048235629,2020-05-09
14374,7.620377742719792,2020-05-10
14375,0.06849732037513487,2020-05-11
14376,0.0,2020-05-12
14377,0.028768171243304032,2020-05-13
14378,2.5436232859158445,2020-05-14
14379,2.6432219682201255,2020-05-15
14380,0.35610062743212123,2020-05-16
14381,9.040543665927876,2020-05-17
14382,20.799943738221426,2020-05-18
14383,0.0,2020-05-19
14384,0.49594720208400156,2020-05-20
14385,7.604035494851926,2020-05-21
14386,6.392347866447089,2020-05-22
14387,2.3224763627625626,2020-05-23
14388,2.7383561320878202,2020-05-24
14389,1.112018723323548,2020-05-25
14390,22.15359506909098,2020-05-26
14391,33.500176988193346,2020-05-27
14392,0.9616791761515776,2020-05-28
14393,0.2652847919855649,2020-05-29
14394,2.603622508985905,2020-05-30
14395,42.70248684164366,2020-05-31
14396,5.280616965168031,2020-06-01
14397,5.895813173254914,2020-06-02
14398,6.812303925819061,2020-06-03
14399,12.379806882852684,2020-06-04
14400,15.548294851689045,2020-06-05
14401,8.319096027581224,2020-06-06
14402,1.9802661753120308,2020-06-07
14403,4.664535472078407,2020-06-08
14404,1.0843896566038607,2020-06-09
14405,1.43917230857782,2020-06-10
14406,8.490736911415702,2020-06-11
14407,3.44411672680259,2020-06-12
14408,2.6748729382512155,2020-06-13
14409,4.785082182562596,2020-06-14
14410,6.3501598708301,2020-06-15
14411,0.15836750561890364,2020-06-16
14412,1.4778983255145837,2020-06-17
14413,22.58692965404029,2020-06-18
14414,24.10949354328368,2020-06-19
14415,4.949074739864496,2020-06-20
14416,9.859376203000025,2020-06-21
14417,8.479234455058306,2020-06-22
14418,7.34766380008015,2020-06-23
14419,2.803103472662112,2020-06-24
14420,11.639580319843684,2020-06-25
14421,2.0894727629160954,2020-06-26
14422,7.092466494596598,2020-06-27
14423,0.0,2020-06-28
14424,4.361886899002836,2020-06-29
14425,15.040105064090042,2020-06-30
14426,2.2555376246667675,2020-07-01
14427,0.04415286872393925,2020-07-02
14428,8.924653512389783,2020-07-03
14429,15.722438878929161,2020-07-04
14430,12.287626338802127,2020-07-05
14431,1.9145207699163218,2020-07-06
14432,11.550972606541475,2020-07-07
14433,1.0469438274305238,2020-07-08
14434,0.0,2020-07-09
14435,6.875875447390718,2020-07-10
14436,6.588316286274417,2020-07-11
14437,1.2383818246052762,2020-07-12
14438,1.9852685352644264,2020-07-13
14439,14.592340261299938,2020-07-14
14440,10.85498604254289,2020-07-15
14441,3.323155087725509,2020-07-16
14442,2.6323634140092955,2020-07-17
14443,1.260425712363112,2020-07-18
14444,1.6414479587224926,2020-07-19
14445,3.216031252603726,2020-07-20
14446,2.8333717725703447,2020-07-21
14447,34.944213250235734,2020-07-22
14448,10.808091355265056,2020-07-23
14449,0.4839062538594445,2020-07-24
14450,8.143493429782458,2020-07-25
14451,11.389661426642073,2020-07-26
14452,12.579842125845092,2020-07-27
14453,12.47463477162672,2020-07-28
14454,3.0215243330029793,2020-07-29
14455,1.3801188295537778,2020-07-30
14456,2.5204367681262783,2020-07-31
14457,0.0,2020-08-01
14458,3.1888067006645318,2020-08-02
14459,0.008382498553771078,2020-08-03
14460,24.387641155544962,2020-08-04
14461,0.8639510853898841,2020-08-05
14462,9.141073609153546,2020-08-06
14463,10.55540026301163,2020-08-07
14464,22.37183138671159,2020-08-08
14465,21.122321193728627,2020-08-09
14466,15.900440359283403,2020-08-10
14467,6.008339148644477,2020-08-11
14468,2.1401234388211607,2020-08-12
14469,0.3337383615795818,2020-08-13
14470,0.0,2020-08-14
14471,7.114601440345784,2020-08-15
14472,0.1625807317470875,2020-08-16
14473,6.897310955125915,2020-08-17
14474,20.700225154843146,2020-08-18
14475,4.048285105249399,2020-08-19
14476,2.5950488781299756,2020-08-20
14477,9.212906970166742,2020-08-21
14478,15.301930732587214,2020-08-22
14479,17.617735997924363,2020-08-23
14480,15.411768272657202,2020-08-24
14481,13.167554163275577,2020-08-25
14482,8.534375666005868,2020-08-26
14483,15.279386124233346,2020-08-27
14484,0.12179605391717725,2020-08-28
14485,0.8364827716105845,2020-08-29
14486,6.578082741530408,2020-08-30
14487,0.0,2020-08-31
14488,0.0,2020-09-01
14489,4.890504506074788,2020-09-02
14490,68.30751602239977,2020-09-03
14491,0.03645908517921426,2020-09-04
14492,32.07118065887184,2020-09-05
14493,18.333506349804125,2020-09-06
14494,4.453414570369329,2020-09-07
14495,12.072102250157913,2020-09-08
14496,27.874495038902307,2020-09-09
14497,16.714111303430148,2020-09-10
14498,46.19788124643812,2020-09-11
14499,8.935928293351203,2020-09-12
14500,5.6436844824905625,2020-09-13
14501,12.998137504096603,2020-09-14
14502,9.899264750382768,2020-09-15
14503,8.63767984398649,2020-09-16
14504,4.656701651402581,2020-09-17
14505,6.346529200517537,2020-09-18
14506,10.936370069246486,2020-09-19
14507,7.580130600300003,2020-09-20
14508,21.520870602375595,2020-09-21
14509,0.00764716279821312,2020-09-22
14510,0.0,2020-09-23
14511,0.0,2020-09-24
14512,26.98986453528977,2020-09-25
14513,26.322920842827944,2020-09-26
14514,8.817937386728103,2020-09-27
14515,7.430127249910685,2020-09-28
14516,0.0,2020-09-29
14517,5.902524124324498,2020-09-30
14518,6.706335168150514,2020-10-01
14519,1.3115280902560504,2020-10-02
14520,0.0,2020-10-03
14521,2.9680969262332857,2020-10-04
14522,0.0,2020-10-05
14523,0.0,2020-10-06
14524,2.924037106813224,2020-10-07
14525,0.3648168655015157,2020-10-08
14526,44.95272845651398,2020-10-09
14527,14.503689595387478,2020-10-10
14528,22.33689907448732,2020-10-11
14529,0.43476565671456524,2020-10-12
14530,11.762898614609352,2020-10-13
14531,1.1315332784680676,2020-10-14
14532,9.821738447541716,2020-10-15
14533,2.3387837551486106,2020-10-16
14534,7.515341910588777,2020-10-17
14535,0.0,2020-10-18
14536,0.006765352064563382,2020-10-19
14537,0.0,2020-10-20
14538,0.025455063179441212,2020-10-21
14539,0.0,2020-10-22
14540,0.0,2020-10-23
14541,10.120184397599564,2020-10-24
14542,25.209887857800705,2020-10-25
14543,0.6636935283728707,2020-10-26
14544,6.776401158050359,2020-10-27
14545,19.35671577682942,2020-10-28
14546,65.62383067066718,2020-10-29
14547,4.693252385061158,2020-10-30
14548,15.986047015539716,2020-10-31
14549,0.0,2020-11-01
14550,0.7439308891967594,2020-11-02
14551,0.7510584701470965,2020-11-03
14552,60.38732617386625,2020-11-04
14553,182.05421146113156,2020-11-05
14554,70.19136906016956,2020-11-06
14555,0.10769717862529138,2020-11-07
14556,0.0,2020-11-08
14557,0.0,2020-11-09
14558,0.0,2020-11-10
14559,0.0,2020-11-11
14560,0.0,2020-11-12
14561,0.0,2020-11-13
14562,0.0,2020-11-14
14563,0.0,2020-11-15
14564,0.0,2020-11-16
14565,79.7045819957655,2020-11-17
14566,177.80052022357845,2020-11-18
14567,1.0549828074614673,2020-11-19
14568,0.0,2020-11-20
14569,33.67293352076735,2020-11-21
14570,0.0,2020-11-22
14571,0.0,2020-11-23
14572,0.0,2020-11-24
14573,0.0,2020-11-25
14574,0.0,2020-11-26
14575,0.0,2020-11-27
14576,0.0,2020-11-28
14577,0.0,2020-11-29
14578,0.0,2020-11-30
14579,5.826812257207385,2020-12-01
14580,0.0,2020-12-02
14581,0.23674912444307658,2020-12-03
14582,2.5044805856184524,2020-12-04
14583,14.571631953052064,2020-12-05
14584,3.786885558545065,2020-12-06
14585,9.174804925499073,2020-12-07
14586,3.8195171453526293,2020-12-08
14587,22.397432446465814,2020-12-09
14588,0.0,2020-12-10
14589,0.047866992894505474,2020-12-11
14590,0.0,2020-12-12
14591,0.0,2020-12-13
14592,5.357075697823355,2020-12-14
14593,3.654416558721548,2020-12-15
14594,0.0,2020-12-16
14595,2.1871645637411525,2020-12-17
14596,9.306109329234822,2020-12-18
14597,0.0,2020-12-19
14598,0.0,2020-12-20
14599,1.3281161378206048,2020-12-21
14600,0.6010106685504186,2020-12-22
14601,0.0,2020-12-23
14602,0.0,2020-12-24
14603,8.70102024402786,2020-12-25
14604,4.218697869309232,2020-12-26
14605,0.0,2020-12-27
14606,1.8093330538797237,2020-12-28
14607,10.904460637100978,2020-12-29
14608,0.0,2020-12-30
14609,0.0,2020-12-31
14610,0.3492381827222986,2021-01-01
14611,0.0,2021-01-02
14612,0.0,2021-01-03
14613,1.2367155301326183,2021-01-04
14614,0.0,2021-01-05
14615,0.0,2021-01-06
14616,1.840165018545917,2021-01-07
14617,24.209615016780646,2021-01-08
14618,1.7087817319047764,2021-01-09
14619,0.0,2021-01-10
14620,0.0,2021-01-11
14621,1.4280223805044403,2021-01-12
14622,0.07811849487841654,2021-01-13
14623,0.44545907929495987,2021-01-14
14624,1.1900112100360682,2021-01-15
14625,4.658465138880038,2021-01-16
14626,0.0,2021-01-17
14627,87.22097970291316,2021-01-18
14628,1.393148081463453,2021-01-19
14629,0.8500733300318117,2021-01-20
14630,2.982933997884174,2021-01-21
14631,0.0,2021-01-22
14632,0.0,2021-01-23
14633,0.44693696533829586,2021-01-24
14634,0.0,2021-01-25
14635,0.0,2021-01-26
14636,0.0,2021-01-27
14637,2.108485180639452,2021-01-28
14638,0.10759974359417242,2021-01-29
14639,1.2359622788639015,2021-01-30
14640,0.0,2021-01-31
14641,0.167771386484946,2021-02-01
14642,5.893529034807537,2021-02-02
14643,0.0,2021-02-03
14644,0.0,2021-02-04
14645,0.0,2021-02-05
14646,0.0,2021-02-06
14647,0.0,2021-02-07
14648,0.0,2021-02-08
14649,0.0,2021-02-09
14650,5.792297387025226,2021-02-10
14651,0.0,2021-02-11
14652,0.0,2021-02-12
14653,0.0,2021-02-13
14654,6.024285347258938,2021-02-14
14655,0.0,2021-02-15
14656,0.0,2021-02-16
14657,0.0,2021-02-17
14658,0.0,2021-02-18
14659,12.10730865981922,2021-02-19
14660,1.7346987362970707,2021-02-20
14661,0.0,2021-02-21
14662,0.0,2021-02-22
14663,1.5827621988537026,2021-02-23
14664,0.0,2021-02-24
14665,0.2268337626191528,2021-02-25
14666,0.0,2021-02-26
14667,0.0,2021-02-27
14668,0.0,2021-02-28
14669,0.0,2021-03-01
14670,0.0,2021-03-02
14671,11.254765236230886,2021-03-03
14672,0.0,2021-03-04
14673,0.0,2021-03-05
14674,0.0,2021-03-06
14675,0.0,2021-03-07
14676,0.06891220926189703,2021-03-08
14677,1.0021355327762818,2021-03-09
14678,0.0,2021-03-10
14679,2.2985717019447485,2021-03-11
14680,1.342397924392454,2021-03-12
14681,5.518190259388116,2021-03-13
14682,0.0,2021-03-14
14683,0.0,2021-03-15
14684,0.0,2021-03-16
14685,0.0,2021-03-17
14686,0.0,2021-03-18
14687,0.8196344114538511,2021-03-19
14688,2.7366879277494998,2021-03-20
14689,13.061074163878772,2021-03-21
14690,0.0,2021-03-22
14691,0.0,2021-03-23
14692,0.0,2021-03-24
14693,0.0,2021-03-25
14694,0.0,2021-03-26
14695,0.0,2021-03-27
14696,0.0,2021-03-28
14697,4.9948972295526195,2021-03-29
14698,1.366826257006514,2021-03-30
14699,0.0,2021-03-31
14700,0.0,2021-04-01
14701,0.0,2021-04-02
14702,0.0,2021-04-03
14703,0.0,2021-04-04
14704,9.512662821109693,2021-04-05
14705,0.905659530085902,2021-04-06
14706,10.029407468876881,2021-04-07
14707,0.0,2021-04-08
14708,4.311571552298985,2021-04-09
14709,4.40564587334384,2021-04-10
14710,0.0,2021-04-11
14711,1.0841060853214206,2021-04-12
14712,0.7939312401125508,2021-04-13
14713,2.705252771069926,2021-04-14
14714,4.142083245428426,2021-04-15
14715,3.967595623581289,2021-04-16
14716,1.9290577486253553,2021-04-17
14717,3.422607775713342,2021-04-18
14718,4.831567912507267,2021-04-19
14719,0.6081316767200348,2021-04-20
14720,31.949958752383246,2021-04-21
14721,17.64462814431736,2021-04-22
14722,0.0,2021-04-23
14723,0.0,2021-04-24
14724,0.0,2021-04-25
14725,0.0,2021-04-26
14726,0.0,2021-04-27
14727,0.0,2021-04-28
14728,0.0,2021-04-29
14729,1.179498651454176,2021-04-30
14730,7.511188190941238,2021-05-01
14731,2.727292718915296,2021-05-02
14732,19.58293168943298,2021-05-03
14733,17.217281108140245,2021-05-04
14734,17.43707590259764,2021-05-05
14735,27.99245824769096,2021-05-06
14736,10.626369230292758,2021-05-07
14737,0.0,2021-05-08
14738,0.0,2021-05-09
14739,0.21099366235593198,2021-05-10
14740,0.0,2021-05-11
14741,0.03440324981890816,2021-05-12
14742,7.667274196238812,2021-05-13
14743,0.0,2021-05-14
14744,0.0,2021-05-15
14745,0.0,2021-05-16
14746,0.7622562670567867,2021-05-17
14747,0.11780902127716199,2021-05-18
14748,3.716297569463679,2021-05-19
14749,4.472943568816983,2021-05-20
14750,2.6375126351778806,2021-05-21
14751,6.401157698029998,2021-05-22
14752,8.127351269680032,2021-05-23
14753,3.051211528092885,2021-05-24
14754,3.1972919797338,2021-05-25
14755,5.941719070641526,2021-05-26
14756,0.1707944281010334,2021-05-27
14757,0.6253514890586876,2021-05-28
14758,3.1757558813262894,2021-05-29
14759,8.165454042230536,2021-05-30
14760,5.618540500615698,2021-05-31
14761,0.0,2021-06-01
14762,0.0,2021-06-02
14763,0.0,2021-06-03
14764,0.43292366329875515,2021-06-04
14765,8.338597545344111,2021-06-05
14766,4.843557537895493,2021-06-06
14767,1.4672379050995947,2021-06-07
14768,1.094907954655085,2021-06-08
14769,12.81562292210867,2021-06-09
14770,21.714404269187675,2021-06-10
14771,12.784178404738126,2021-06-11
14772,18.39150942396908,2021-06-12
14773,16.81464722697686,2021-06-13
14774,1.7387497654688326,2021-06-14
14775,13.686780530588369,2021-06-15
14776,11.048414198240577,2021-06-16
14777,9.55628510827543,2021-06-17
14778,11.543092958556592,2021-06-18
14779,4.731534422793349,2021-06-19
14780,4.517490395241119,2021-06-20
14781,0.7736343770642434,2021-06-21
14782,0.7794774585385476,2021-06-22
14783,3.5008910530403563,2021-06-23
14784,9.072668921451065,2021-06-24
14785,1.8699546225119894,2021-06-25
14786,3.815881857410554,2021-06-26
14787,33.10003555622268,2021-06-27
14788,4.674728332167148,2021-06-28
14789,31.300636412405197,2021-06-29
14790,3.755040549476825,2021-06-30
14791,14.83252411716495,2021-07-01
14792,9.196140681627563,2021-07-02
14793,3.874555790780927,2021-07-03
14794,4.172819643789722,2021-07-04
14795,6.81204546216646,2021-07-05
14796,11.615022214514772,2021-07-06
14797,24.30743522694384,2021-07-07
14798,0.0,2021-07-08
14799,0.7241982979648625,2021-07-09
14800,9.9161081522441,2021-07-10
14801,8.163686896069658,2021-07-11
14802,4.4395482872937775,2021-07-12
14803,7.83933848990723,2021-07-13
14804,30.941086652873206,2021-07-14
14805,8.175565511250426,2021-07-15
14806,0.9684473201046941,2021-07-16
14807,14.620417482174739,2021-07-17
14808,0.2813123217496005,2021-07-18
14809,13.485909708196468,2021-07-19
14810,5.026578082898496,2021-07-20
14811,14.500993326304599,2021-07-21
14812,2.331286617066504,2021-07-22
14813,10.377855969594023,2021-07-23
14814,0.0,2021-07-24
14815,0.0,2021-07-25
14816,0.0,2021-07-26
14817,0.0,2021-07-27
14818,19.869893100324617,2021-07-28
14819,30.326288982290674,2021-07-29
14820,9.969807689700307,2021-07-30
14821,3.9103415511570367,2021-07-31
14822,23.937950582420367,2021-08-01
14823,0.8824144835765761,2021-08-02
14824,0.5831507134367644,2021-08-03
14825,31.25212332308816,2021-08-04
14826,3.6531227379180815,2021-08-05
14827,9.261800592973435,2021-08-06
14828,10.271284242109822,2021-08-07
14829,1.4977331324266896,2021-08-08
14830,8.611042075534721,2021-08-09
14831,0.03933809768419461,2021-08-10
14832,1.1698932623653469,2021-08-11
14833,0.9653905731771699,2021-08-12
14834,0.0,2021-08-13
14835,0.0,2021-08-14
14836,10.908086016366912,2021-08-15
14837,3.6017142126916784,2021-08-16
14838,0.14876936747531389,2021-08-17
14839,10.167414897180377,2021-08-18
14840,10.912717694704838,2021-08-19
14841,32.35464472141434,2021-08-20
14842,12.679264186344538,2021-08-21
14843,0.738475118060965,2021-08-22
14844,17.773611745442807,2021-08-23
14845,42.64626685223621,2021-08-24
14846,6.58365361261228,2021-08-25
14847,0.0,2021-08-26
14848,0.02647348988440729,2021-08-27
14849,0.0,2021-08-28
14850,18.751224855439755,2021-08-29
14851,8.35688798697463,2021-08-30
14852,0.039519399352087654,2021-08-31
14853,11.470564478457504,2021-09-01
14854,0.057702815707478004,2021-09-02
14855,14.196469664755455,2021-09-03
14856,24.082050290485295,2021-09-04
14857,25.67238449398724,2021-09-05
14858,0.724188436385124,2021-09-06
14859,19.54931309129485,2021-09-07
14860,13.618095053983222,2021-09-08
14861,9.387870993921833,2021-09-09
14862,7.350331123091957,2021-09-10
14863,7.941933403966017,2021-09-11
14864,8.718214321569963,2021-09-12
14865,2.0997262496193136,2021-09-13
14866,6.085925741307547,2021-09-14
14867,5.761404396823425,2021-09-15
14868,9.849495228574424,2021-09-16
14869,17.934476465242003,2021-09-17
14870,3.8844213915011045,2021-09-18
14871,0.0356468652630132,2021-09-19
14872,3.868835844923675,2021-09-20
14873,10.79263429434768,2021-09-21
14874,2.312966520751327,2021-09-22
14875,3.8963220554922335,2021-09-23
14876,0.6963654237898214,2021-09-24
14877,2.0566957242747557,2021-09-25
14878,0.9490767114253339,2021-09-26
14879,0.033791603496696944,2021-09-27
14880,0.5928831473683333,2021-09-28
14881,1.2744325595167725,2021-09-29
14882,5.427518208970772,2021-09-30
14883,1.512940108433497,2021-10-01
14884,9.29193464178494,2021-10-02
14885,2.1308535291162753,2021-10-03
14886,2.7100235541614963,2021-10-04
14887,2.9585010566319885,2021-10-05
14888,0.0,2021-10-06
14889,12.316548599008247,2021-10-07
14890,0.0,2021-10-08
14891,0.28484953939040736,2021-10-09
14892,0.0,2021-10-10
14893,0.0,2021-10-11
14894,0.1125083246538716,2021-10-12
14895,0.0,2021-10-13
14896,0.0,2021-10-14
14897,0.0,2021-10-15
14898,0.0,2021-10-16
14899,0.747288607376412,2021-10-17
14900,0.0,2021-10-18
14901,24.251689292706352,2021-10-19
14902,25.086609313942475,2021-10-20
14903,9.262998358734894,2021-10-21
14904,14.706953679193854,2021-10-22
14905,0.5556605992918491,2021-10-23
14906,13.319354942830778,2021-10-24
14907,0.0,2021-10-25
14908,1.2112647264653986,2021-10-26
14909,0.0,2021-10-27
14910,5.27400430542283,2021-10-28
14911,34.117222181079676,2021-10-29
14912,7.171337517797074,2021-10-30
14913,0.0,2021-10-31
14914,0.0,2021-11-01
14915,0.0,2021-11-02
14916,2.069135775831788,2021-11-03
14917,0.0,2021-11-04
14918,6.005082516600311,2021-11-05
14919,10.075821540222837,2021-11-06
14920,0.0,2021-11-07
14921,0.0,2021-11-08
14922,0.19751912572866312,2021-11-09
14923,0.0,2021-11-10
14924,0.0,2021-11-11
14925,0.0,2021-11-12
14926,0.0,2021-11-13
14927,8.28796786999073,2021-11-14
14928,3.3630921451367244,2021-11-15
14929,7.9868618811610155,2021-11-16
14930,0.0,2021-11-17
14931,0.0,2021-11-18
14932,5.396050845674755,2021-11-19
14933,0.0,2021-11-20
14934,0.0,2021-11-21
14935,0.4142688301231854,2021-11-22
14936,11.971183528061136,2021-11-23
14937,0.0,2021-11-24
14938,0.0,2021-11-25
14939,8.160940777898881,2021-11-26
14940,0.2368210469243114,2021-11-27
14941,0.0,2021-11-28
14942,5.880126438588342,2021-11-29
14943,0.0,2021-11-30
14944,0.0,2021-12-01
14945,0.0,2021-12-02
14946,0.0,2021-12-03
14947,0.062322546799511505,2021-12-04
14948,0.0,2021-12-05
14949,0.0,2021-12-06
14950,0.0,2021-12-07
14951,0.4570030326227988,2021-12-08
14952,0.0,2021-12-09
14953,0.0,2021-12-10
14954,0.0,2021-12-11
14955,18.07843599143266,2021-12-12
14956,0.5095491871316413,2021-12-13
14957,1.0454279775423738,2021-12-14
14958,1.530878976950548,2021-12-15
14959,1.5213660519843226,2021-12-16
14960,1.726715941051584,2021-12-17
14961,0.16715623360575121,2021-12-18
14962,0.0,2021-12-19
14963,90.12735968561819,2021-12-20
14964,22.552122016358584,2021-12-21
14965,0.7776178754319893,2021-12-22
14966,0.0,2021-12-23
14967,0.0,2021-12-24
14968,0.0,2021-12-25
14969,0.6066008526418915,2021-12-26
14970,0.0,2021-12-27
14971,0.323426185535196,2021-12-28
14972,0.0,2021-12-29
14973,0.0,2021-12-30
14974,0.0,2021-12-31
14975,0.0,2022-01-01
14976,0.0,2022-01-02
14977,22.194525591215427,2022-01-03
14978,7.128221375445817,2022-01-04
14979,0.0,2022-01-05
14980,0.0,2022-01-06
14981,11.98688200556288,2022-01-07
14982,10.029234776175269,2022-01-08
14983,17.990566420904706,2022-01-09
14984,29.59494282884681,2022-01-10
14985,45.04369893745244,2022-01-11
14986,8.253764222751968,2022-01-12
14987,6.511499774910488,2022-01-13
14988,1.1002593395926736,2022-01-14
14989,0.0,2022-01-15
14990,8.475850481945054,2022-01-16
14991,1.834077902063946,2022-01-17
14992,0.0,2022-01-18
14993,0.0,2022-01-19
14994,0.0,2022-01-20
14995,0.5010603403555682,2022-01-21
14996,4.244990929075001,2022-01-22
14997,5.003893646312948,2022-01-23
14998,0.08508340706923141,2022-01-24
14999,0.0,2022-01-25
15000,0.5013877608839018,2022-01-26
15001,0.0,2022-01-27
15002,0.0,2022-01-28
15003,10.588173790761104,2022-01-29
15004,2.5661286551232214,2022-01-30
15005,0.0,2022-01-31
15006,0.0,2022-02-01
15007,0.0,2022-02-02
15008,0.0,2022-02-03
15009,0.0,2022-02-04
15010,17.473772113721743,2022-02-05
15011,2.4770696382718347,2022-02-06
15012,0.0,2022-02-07
15013,5.841305071419635,2022-02-08
15014,2.5772488258730983,2022-02-09
15015,0.0,2022-02-10
15016,0.0,2022-02-11
15017,0.0,2022-02-12
15018,4.239003986794927,2022-02-13
15019,11.65769389253208,2022-02-14
15020,0.0,2022-02-15
15021,0.0,2022-02-16
15022,0.0,2022-02-17
15023,0.0,2022-02-18
15024,7.2970398785431705,2022-02-19
15025,10.308213464563545,2022-02-20
15026,2.293722273499386,2022-02-21
15027,0.0,2022-02-22
15028,0.0,2022-02-23
15029,1.1743849841310834,2022-02-24
15030,9.58571100622328,2022-02-25
15031,0.04557369288111712,2022-02-26
15032,0.0,2022-02-27
15033,0.23831248079227213,2022-02-28
15034,0.30929669985673297,2022-03-01
15035,0.0,2022-03-02
15036,0.0,2022-03-03
15037,0.0,2022-03-04
15038,0.0,2022-03-05
15039,0.0,2022-03-06
15040,0.0,2022-03-07
15041,0.0,2022-03-08
15042,0.2586623224275203,2022-03-09
15043,3.487478112363396,2022-03-10
15044,13.17836108817383,2022-03-11
15045,0.0,2022-03-12
15046,20.53345453455301,2022-03-13
15047,0.4184526232470515,2022-03-14
15048,0.19796640521969613,2022-03-15
15049,3.160874810876036,2022-03-16
15050,0.0,2022-03-17
15051,0.0,2022-03-18
15052,0.46374612514574165,2022-03-19
15053,2.681792796434195,2022-03-20
15054,0.0,2022-03-21
15055,0.0,2022-03-22
15056,0.0,2022-03-23
15057,0.5716655494740283,2022-03-24
15058,0.05933281641202239,2022-03-25
15059,0.16344731560200892,2022-03-26
15060,0.0,2022-03-27
15061,0.0,2022-03-28
15062,0.0,2022-03-29
15063,0.0,2022-03-30
15064,0.0,2022-03-31
15065,0.0,2022-04-01
15066,2.205317955324727,2022-04-02
15067,0.17451152032421482,2022-04-03
15068,0.0,2022-04-04
15069,0.0,2022-04-05
15070,0.0,2022-04-06
15071,0.0,2022-04-07
15072,17.09461057531519,2022-04-08
15073,0.4159522415396056,2022-04-09
15074,0.92134539344094,2022-04-10
15075,0.0,2022-04-11
15076,0.5981257677497751,2022-04-12
15077,0.058799266759251574,2022-04-13
15078,0.0,2022-04-14
15079,0.07957943466052282,2022-04-15
15080,1.903016571313405,2022-04-16
15081,0.0,2022-04-17
15082,0.0,2022-04-18
15083,0.0,2022-04-19
15084,0.0,2022-04-20
15085,0.0,2022-04-21
15086,2.5437302817067793,2022-04-22
15087,0.0807372902845008,2022-04-23
15088,0.0,2022-04-24
15089,5.668825652690228,2022-04-25
15090,0.0,2022-04-26
15091,1.255597547827578,2022-04-27
15092,6.94499202946414,2022-04-28
15093,4.511475447965159,2022-04-29
15094,0.0318313234502619,2022-04-30
15095,0.0,2022-05-01
15096,0.0,2022-05-02
15097,0.0,2022-05-03
15098,2.6339177572272736,2022-05-04
15099,1.522164656990085,2022-05-05
15100,3.5037248709194824,2022-05-06
15101,11.316001357333056,2022-05-07
15102,5.658942378790848,2022-05-08
15103,3.4247275110563575,2022-05-09
15104,5.000451927171075,2022-05-10
15105,0.0,2022-05-11
15106,0.0,2022-05-12
15107,0.0,2022-05-13
15108,0.0,2022-05-14
15109,0.0,2022-05-15
15110,0.0,2022-05-16
15111,1.3976175730668903,2022-05-17
15112,0.09315144459173479,2022-05-18
15113,1.6556460864802611,2022-05-19
15114,8.643946147496397,2022-05-20
15115,11.938042970920238,2022-05-21
15116,16.872792222171235,2022-05-22
15117,17.64166998773726,2022-05-23
15118,0.763046962033269,2022-05-24
15119,9.028082187322577,2022-05-25
15120,34.21770105647203,2022-05-26
15121,12.840810183499913,2022-05-27
15122,11.606380311261178,2022-05-28
15123,5.870633523079658,2022-05-29
15124,23.893081961992564,2022-05-30
15125,16.90953211823517,2022-05-31
15126,8.728181492646067,2022-06-01
15127,22.521019935719778,2022-06-02
15128,11.940821517066171,2022-06-03
15129,9.877526904774552,2022-06-04
15130,1.638535550612509,2022-06-05
15131,5.7281862693657954,2022-06-06
15132,16.40946710105516,2022-06-07
15133,14.94039694839209,2022-06-08
15134,14.889644289156555,2022-06-09
15135,6.098583157097489,2022-06-10
15136,2.9757587094460765,2022-06-11
15137,9.10062707280134,2022-06-12
15138,3.3116167923711965,2022-06-13
15139,29.782248119958343,2022-06-14
15140,23.54035616021702,2022-06-15
15141,5.821034549198544,2022-06-16
15142,5.926797012821323,2022-06-17
15143,10.549135941536198,2022-06-18
15144,22.124432472944957,2022-06-19
15145,22.58034851309142,2022-06-20
15146,30.96289726592928,2022-06-21
15147,7.683855037521406,2022-06-22
15148,5.635451788804399,2022-06-23
15149,1.9794041349181681,2022-06-24
15150,0.0,2022-06-25
15151,5.350075947322454,2022-06-26
15152,21.70249023125667,2022-06-27
15153,0.19315170441904375,2022-06-28
15154,0.0,2022-06-29
15155,2.836277558642748,2022-06-30
15156,0.8618928448405784,2022-07-01
15157,1.345965059062253,2022-07-02
15158,17.81065134165923,2022-07-03
15159,28.418019745231028,2022-07-04
15160,10.657434754133924,2022-07-05
15161,11.875107290597958,2022-07-06
15162,19.496478610612083,2022-07-07
15163,0.0,2022-07-08
15164,0.0,2022-07-09
15165,0.0,2022-07-10
15166,2.9406757886948123,2022-07-11
15167,31.225679792812493,2022-07-12
15168,13.632406578427535,2022-07-13
15169,14.83101369645239,2022-07-14
15170,12.241559768408276,2022-07-15
15171,3.598242576912351,2022-07-16
15172,0.0,2022-07-17
15173,0.0,2022-07-18
15174,38.312888388927384,2022-07-19
15175,4.066892169829338,2022-07-20
15176,3.1703467405157,2022-07-21
15177,3.070953867820002,2022-07-22
15178,23.40452424675839,2022-07-23
15179,43.336232240738426,2022-07-24
15180,6.022767221836752,2022-07-25
15181,11.16040958228349,2022-07-26
15182,1.6521340522598313,2022-07-27
15183,24.835517214554137,2022-07-28
15184,0.05667763986895162,2022-07-29
15185,0.0028487194877915368,2022-07-30
15186,13.479226160357076,2022-07-31
15187,39.82891153425066,2022-08-01
15188,13.613026824514883,2022-08-02
15189,0.6300713872769711,2022-08-03
15190,0.0,2022-08-04
15191,1.1014396056401767,2022-08-05
15192,0.7548910628735496,2022-08-06
15193,0.0,2022-08-07
15194,6.198136866617063,2022-08-08
15195,14.639089518292561,2022-08-09
15196,59.16084340965295,2022-08-10
15197,5.270550161680517,2022-08-11
15198,6.131862866857532,2022-08-12
15199,11.851620387094108,2022-08-13
15200,2.955818654169435,2022-08-14
15201,10.087778019080064,2022-08-15
15202,11.77667351006762,2022-08-16
15203,6.408120771726903,2022-08-17
15204,10.691866600114926,2022-08-18
15205,7.896733795932311,2022-08-19
15206,0.6798681032902335,2022-08-20
15207,11.317295728498891,2022-08-21
15208,0.0,2022-08-22
15209,2.9627134940631232,2022-08-23
15210,2.593515327067669,2022-08-24
15211,24.09648683447292,2022-08-25
15212,5.614802060616683,2022-08-26
15213,7.630109694919979,2022-08-27
15214,16.204486973390548,2022-08-28
15215,13.35870574126146,2022-08-29
15216,10.280296819748418,2022-08-30
15217,3.3403214245737467,2022-08-31
15218,1.6895384266369504,2022-09-01
15219,28.646934344383975,2022-09-02
15220,26.966146399981806,2022-09-03
15221,16.299103135363445,2022-09-04
15222,9.872037466893795,2022-09-05
15223,3.6362189858679903,2022-09-06
15224,5.39406023042293,2022-09-07
15225,6.670276045002197,2022-09-08
15226,44.46064632242377,2022-09-09
15227,22.55980836946594,2022-09-10
15228,22.303368638673483,2022-09-11
15229,2.121960899990676,2022-09-12
15230,12.824794577601368,2022-09-13
15231,22.892238608441396,2022-09-14
15232,15.294573532563152,2022-09-15
15233,5.744156703417603,2022-09-16
15234,17.984281598759537,2022-09-17
15235,10.65767583419151,2022-09-18
15236,12.936486039762974,2022-09-19
15237,1.2429947119514264,2022-09-20
15238,4.4706274726174104,2022-09-21
15239,8.874320985005399,2022-09-22
15240,0.0,2022-09-23
15241,13.382896855094215,2022-09-24
15242,18.393629226293033,2022-09-25
15243,6.327273521968696,2022-09-26
15244,11.934999899654448,2022-09-27
15245,6.0587269015326175,2022-09-28
15246,8.891371343800051,2022-09-29
15247,2.3481753549512887,2022-09-30
15248,0.0,2022-10-01
15249,0.0,2022-10-02
15250,0.0,2022-10-03
15251,0.0,2022-10-04
15252,0.0,2022-10-05
15253,0.0,2022-10-06
15254,9.946167410238049,2022-10-07
15255,0.005295865570694821,2022-10-08
15256,44.57136400233967,2022-10-09
15257,29.967037938808776,2022-10-10
15258,0.0,2022-10-11
15259,0.0,2022-10-12
15260,4.264104384425098,2022-10-13
15261,5.805484349538853,2022-10-14
15262,26.190578781195054,2022-10-15
15263,13.584301558603638,2022-10-16
15264,7.658356064603477,2022-10-17
15265,1.2422798150305876,2022-10-18
15266,60.01110634431811,2022-10-19
15267,7.3228071869153775,2022-10-20
15268,0.0,2022-10-21
15269,0.0,2022-10-22
15270,0.0,2022-10-23
15271,0.0,2022-10-24
15272,0.0,2022-10-25
15273,3.4781427972407633,2022-10-26
15274,0.0,2022-10-27
15275,0.0,2022-10-28
15276,0.0,2022-10-29
15277,0.0,2022-10-30
15278,0.0,2022-10-31
15279,0.0,2022-11-01
15280,0.0,2022-11-02
15281,0.63220612618231,2022-11-03
15282,15.457914855654991,2022-11-04
15283,2.536563640717538,2022-11-05
15284,59.70693877032777,2022-11-06
15285,1.897075571076961,2022-11-07
15286,0.9371938284820825,2022-11-08
15287,0.0,2022-11-09
15288,0.0,2022-11-10
15289,0.0,2022-11-11
15290,0.0,2022-11-12
15291,2.680652481593694,2022-11-13
15292,0.0,2022-11-14
15293,0.0,2022-11-15
15294,0.0,2022-11-16
15295,0.0,2022-11-17
15296,0.0,2022-11-18
15297,0.0,2022-11-19
15298,0.0,2022-11-20
15299,0.0,2022-11-21
15300,5.361198374728653,2022-11-22
15301,0.0,2022-11-23
15302,0.0,2022-11-24
15303,0.0,2022-11-25
15304,0.0,2022-11-26
15305,23.207524933912882,2022-11-27
15306,30.198116035964837,2022-11-28
15307,20.449990723629497,2022-11-29
15308,0.0,2022-11-30
15309,0.8916360498803103,2022-12-01
15310,0.47156506440506657,2022-12-02
15311,122.64889103769205,2022-12-03
15312,0.3829231984594351,2022-12-04
15313,20.210250399357413,2022-12-05
15314,0.0,2022-12-06
15315,0.029011869905980803,2022-12-07
15316,0.06435156385919566,2022-12-08
15317,0.2797209697175235,2022-12-09
15318,0.06468946015030758,2022-12-10
15319,0.25113968326199443,2022-12-11
15320,0.6449613694501414,2022-12-12
15321,0.0,2022-12-13
15322,0.0,2022-12-14
15323,0.0,2022-12-15
15324,0.029611364515645767,2022-12-16
15325,0.0,2022-12-17
15326,0.3904608949678035,2022-12-18
15327,0.10851391688819505,2022-12-19
15328,0.0,2022-12-20
15329,0.037908853827333874,2022-12-21
15330,0.0,2022-12-22
15331,0.0,2022-12-23
15332,0.08019783640886682,2022-12-24
15333,0.4896129112858926,2022-12-25
15334,1.1074077422737725,2022-12-26
15335,0.0,2022-12-27
15336,0.0,2022-12-28
15337,0.0,2022-12-29
15338,0.0,2022-12-30
15339,0.0,2022-12-31
15340,1.5110273844475621,2023-01-01
15341,0.0,2023-01-02
15342,0.0,2023-01-03
15343,0.0,2023-01-04
15344,16.53701062166097,2023-01-05
15345,0.0,2023-01-06
15346,0.13183707564457423,2023-01-07
15347,0.4286164544824282,2023-01-08
15348,7.620464145990413,2023-01-09
15349,7.594842837968533,2023-01-10
15350,8.567409534174676,2023-01-11
15351,0.0,2023-01-12
15352,5.929786459511676,2023-01-13
15353,3.8113039251926013,2023-01-14
15354,0.0,2023-01-15
15355,3.8090235371463814,2023-01-16
15356,0.0,2023-01-17
15357,0.0,2023-01-18
15358,0.0,2023-01-19
15359,18.320039054165843,2023-01-20
15360,15.477130651837573,2023-01-21
15361,0.0,2023-01-22
15362,0.0,2023-01-23
15363,0.0,2023-01-24
15364,2.3740561696720963,2023-01-25
15365,11.420285161653224,2023-01-26
15366,12.349928840765852,2023-01-27
15367,0.9019804924044792,2023-01-28
15368,0.0,2023-01-29
15369,0.0,2023-01-30
15370,0.0,2023-01-31
15371,0.06568614982090389,2023-02-01
15372,0.0,2023-02-02
15373,3.712684146372104,2023-02-03
15374,5.193452222046615,2023-02-04
15375,0.0,2023-02-05
15376,0.0,2023-02-06
15377,0.0,2023-02-07
15378,1.4140646575692812,2023-02-08
15379,1.4503935803556025,2023-02-09
15380,8.06011982636717,2023-02-10
15381,1.5757582123328517,2023-02-11
15382,13.88631151129423,2023-02-12
15383,0.0,2023-02-13
15384,0.0,2023-02-14
15385,0.0,2023-02-15
15386,0.0,2023-02-16
15387,0.0,2023-02-17
15388,8.598386398102877,2023-02-18
15389,6.463885191276975,2023-02-19
15390,0.518677215352436,2023-02-20
15391,0.0,2023-02-21
15392,0.0,2023-02-22
15393,0.0,2023-02-23
15394,0.0,2023-02-24
15395,16.712055093368132,2023-02-25
15396,6.150805439851153,2023-02-26
15397,0.0,2023-02-27
15398,0.0,2023-02-28
15399,0.0,2023-03-01
15400,0.0,2023-03-02
15401,0.0,2023-03-03
15402,0.0,2023-03-04
15403,0.0,2023-03-05
15404,0.0,2023-03-06
15405,2.4863013254931943,2023-03-07
15406,2.007001087183127,2023-03-08
15407,0.0,2023-03-09
15408,0.0,2023-03-10
15409,0.0,2023-03-11
15410,0.0,2023-03-12
15411,0.0,2023-03-13
15412,8.340593182068764,2023-03-14
15413,0.30963456324468264,2023-03-15
15414,3.494303100172026,2023-03-16
15415,0.0,2023-03-17
15416,10.410326939915635,2023-03-18
15417,4.667333725736288,2023-03-19
15418,50.9697726622215,2023-03-20
15419,12.668444621458079,2023-03-21
15420,0.0,2023-03-22
15421,0.0,2023-03-23
15422,0.0,2023-03-24
15423,0.0,2023-03-25
15424,0.0,2023-03-26
15425,0.0,2023-03-27
15426,0.0,2023-03-28
15427,0.0,2023-03-29
15428,0.0,2023-03-30
15429,0.0,2023-03-31
15430,0.0,2023-04-01
15431,0.0,2023-04-02
15432,0.0,2023-04-03
15433,0.0,2023-04-04
15434,0.0,2023-04-05
15435,0.0,2023-04-06
15436,2.3914556265296834,2023-04-07
15437,0.0,2023-04-08
15438,0.0,2023-04-09
15439,0.0,2023-04-10
15440,0.0,2023-04-11
15441,0.0,2023-04-12
15442,0.0,2023-04-13
15443,0.0016299505737170448,2023-04-14
15444,0.0,2023-04-15
15445,0.03711587301796832,2023-04-16
15446,2.0979134999831754,2023-04-17
15447,0.06822949406688165,2023-04-18
15448,0.0,2023-04-19
15449,0.0,2023-04-20
15450,0.0,2023-04-21
15451,0.0,2023-04-22
15452,0.0,2023-04-23
15453,8.171497721993678,2023-04-24
15454,8.992244513447334,2023-04-25
15455,5.019254260468693,2023-04-26
15456,6.808095336869315,2023-04-27
15457,5.860428256037649,2023-04-28
15458,9.877693824600266,2023-04-29
15459,28.906759538874255,2023-04-30
15460,0.0,2023-05-01
15461,4.487823046631127,2023-05-02
15462,9.723969218122646,2023-05-03
15463,0.5056270418698486,2023-05-04
15464,0.0,2023-05-05
15465,0.0,2023-05-06
15466,0.0,2023-05-07
15467,0.0,2023-05-08
15468,3.8087934981762848,2023-05-09
15469,0.6742291282418886,2023-05-10
15470,8.130727842839933,2023-05-11
15471,12.360109166651526,2023-05-12
15472,12.13318878322053,2023-05-13
15473,20.80134590445377,2023-05-14
15474,0.4333072745974812,2023-05-15
15475,10.4912446053077,2023-05-16
15476,0.1012777880559569,2023-05-17
15477,1.7808152535514048,2023-05-18
15478,1.5452513797122363,2023-05-19
15479,1.139722604639719,2023-05-20
15480,0.0,2023-05-21
15481,1.1624091878314873,2023-05-22
15482,0.0,2023-05-23
15483,0.0,2023-05-24
15484,0.0,2023-05-25
15485,0.445549309022965,2023-05-26
15486,0.0,2023-05-27
15487,0.0,2023-05-28
15488,0.9443903862625972,2023-05-29
15489,18.1734694250448,2023-05-30
15490,0.7516792258209497,2023-05-31
15491,0.0,2023-06-01
15492,0.0,2023-06-02
15493,0.0,2023-06-03
15494,0.10306088246208482,2023-06-04
15495,22.79508623648948,2023-06-05
15496,0.5857271386031881,2023-06-06
15497,5.330542078172008,2023-06-07
15498,0.5224293783752799,2023-06-08
15499,1.3729812058115984,2023-06-09
15500,0.1265409902813148,2023-06-10
15501,0.0,2023-06-11
15502,0.0,2023-06-12
15503,0.0,2023-06-13
15504,4.397934846486514,2023-06-14
15505,0.0,2023-06-15
15506,0.0,2023-06-16
15507,0.0,2023-06-17
15508,0.0,2023-06-18
15509,5.07906792881202,2023-06-19
15510,5.7608103912946405,2023-06-20
15511,20.89268807760781,2023-06-21
15512,0.49798839213911045,2023-06-22
15513,10.722430010960599,2023-06-23
15514,24.099120274261296,2023-06-24
15515,3.8339437056566608,2023-06-25
15516,0.5636179482552313,2023-06-26
15517,12.272871240297023,2023-06-27
15518,3.1876912721790527,2023-06-28
15519,9.957382075849514,2023-06-29
15520,1.5867069338913191,2023-06-30
15521,0.8526023950884419,2023-07-01
15522,1.1505557378226365,2023-07-02
15523,2.8656824801884087,2023-07-03
15524,36.05233115713618,2023-07-04
15525,29.596300987232468,2023-07-05
15526,6.148994021849199,2023-07-06
15527,2.4519130933599387,2023-07-07
15528,36.419796108346546,2023-07-08
15529,6.649064247517293,2023-07-09
15530,7.449679987535449,2023-07-10
15531,26.351603010882382,2023-07-11
15532,15.425916796373834,2023-07-12
15533,17.92441790245146,2023-07-13
15534,3.214223385947891,2023-07-14
15535,1.2828354017475831,2023-07-15
15536,7.11877884308264,2023-07-16
15537,7.878523787780941,2023-07-17
15538,0.0,2023-07-18
15539,0.1980674286112408,2023-07-19
15540,17.41557452680079,2023-07-20
15541,0.6257161316913594,2023-07-21
15542,30.280470395689488,2023-07-22
15543,2.262985730940296,2023-07-23
15544,3.7824820427041588,2023-07-24
15545,12.963911063706075,2023-07-25
15546,1.4074739114420154,2023-07-26
15547,0.008054989453984146,2023-07-27
15548,0.528447198448293,2023-07-28
15549,42.261639829395115,2023-07-29
15550,60.441244666359644,2023-07-30
15551,16.990307835218143,2023-07-31
15552,6.930110954021778,2023-08-01
15553,14.455785355749713,2023-08-02
15554,20.474666890370873,2023-08-03
15555,14.629994925613625,2023-08-04
15556,3.812237012253479,2023-08-05
15557,0.37698540203732134,2023-08-06
15558,2.869732391463697,2023-08-07
15559,23.83671347906163,2023-08-08
15560,0.0,2023-08-09
15561,5.4360474543976975,2023-08-10
15562,1.1902503792491477,2023-08-11
15563,0.9232772998865749,2023-08-12
15564,3.9535050000892706,2023-08-13
15565,33.49189793248331,2023-08-14
15566,0.6233979318288764,2023-08-15
15567,0.0,2023-08-16
15568,5.516711761329182,2023-08-17
15569,0.8421152849001619,2023-08-18
15570,0.0,2023-08-19
15571,0.0,2023-08-20
15572,3.808821290846793,2023-08-21
15573,4.073175243618202,2023-08-22
15574,13.004406703070815,2023-08-23
15575,14.313167155760826,2023-08-24
15576,0.38701789872737224,2023-08-25
15577,11.736700297380823,2023-08-26
15578,19.088923956683654,2023-08-27
15579,31.325226556101157,2023-08-28
15580,26.218427072452315,2023-08-29
15581,38.98077993846011,2023-08-30
15582,36.44408931463693,2023-08-31
15583,9.111939278487936,2023-09-01
15584,30.669397209536633,2023-09-02
15585,9.206659665261544,2023-09-03
15586,0.12947248464455705,2023-09-04
15587,3.2431256003393814,2023-09-05
15588,10.8235237027613,2023-09-06
15589,7.233928795895618,2023-09-07
15590,9.35792724961759,2023-09-08
15591,5.715032384011053,2023-09-09
15592,15.712564263553565,2023-09-10
15593,4.485880288042981,2023-09-11
15594,0.0,2023-09-12
15595,17.691381951441162,2023-09-13
15596,6.736198972718807,2023-09-14
15597,0.0,2023-09-15
15598,0.006433597408082129,2023-09-16
15599,0.0,2023-09-17
15600,0.7065547649182182,2023-09-18
15601,1.5093374230784755,2023-09-19
15602,0.3456280788298576,2023-09-20
15603,0.0,2023-09-21
15604,11.309175985118163,2023-09-22
15605,3.0510753501265633,2023-09-23
15606,2.92992770393573,2023-09-24
15607,37.62635481982637,2023-09-25
15608,7.037489945895511,2023-09-26
15609,3.603813249918023,2023-09-27
15610,9.69831651696013,2023-09-28
15611,5.961827469794983,2023-09-29
15612,5.330995092727573,2023-09-30
15613,11.855247222643094,2023-10-01
15614,9.379932688995538,2023-10-02
15615,7.502746978099745,2023-10-03
15616,0.5529776771746772,2023-10-04
15617,0.0,2023-10-05
15618,18.413049038694055,2023-10-06
15619,1.6904936780957533,2023-10-07
15620,22.420093966229576,2023-10-08
15621,6.11793598331664,2023-10-09
15622,16.251786309966594,2023-10-10
15623,5.006015346169122,2023-10-11
15624,5.7712648354527545,2023-10-12
15625,20.36471710842725,2023-10-13
15626,0.0,2023-10-14
15627,1.9375523646346287,2023-10-15
15628,14.635423421496174,2023-10-16
15629,0.0,2023-10-17
15630,0.0,2023-10-18
15631,0.0,2023-10-19
15632,0.0,2023-10-20
15633,0.0,2023-10-21
15634,0.0,2023-10-22
15635,0.22274240202917733,2023-10-23
15636,0.12986140746175368,2023-10-24
15637,2.8978756342465575,2023-10-25
15638,0.277375078061459,2023-10-26
15639,41.96105992907304,2023-10-27
15640,7.3803854744874835,2023-10-28
15641,0.0,2023-10-29
15642,0.48672391941820076,2023-10-30
15643,37.62522742145575,2023-10-31
15644,0.4266994390739374,2023-11-01
15645,5.983124151313761,2023-11-02
15646,0.3457746509932353,2023-11-03
15647,46.0998673932084,2023-11-04
15648,6.637007728811583,2023-11-05
15649,36.80734148240858,2023-11-06
15650,33.958999394643335,2023-11-07
15651,9.133076313611697,2023-11-08
15652,0.0,2023-11-09
15653,0.0,2023-11-10
15654,0.0,2023-11-11
15655,0.0,2023-11-12
15656,0.0,2023-11-13
15657,2.949288448350521,2023-11-14
15658,9.117149665362676,2023-11-15
15659,7.3738355963810465,2023-11-16
15660,0.26513687669356895,2023-11-17
15661,0.0,2023-11-18
15662,0.0,2023-11-19
15663,0.0,2023-11-20
15664,0.0,2023-11-21
15665,4.248921281053873,2023-11-22
15666,0.0,2023-11-23
15667,0.09648258955947114,2023-11-24
15668,4.356822938052093,2023-11-25
15669,0.0,2023-11-26
15670,2.272105536670629,2023-11-27
15671,2.8117008119734153,2023-11-28
15672,1.5107624665313453,2023-11-29
15673,0.4285920340294712,2023-11-30
15674,0.0,2023-12-01
15675,0.0,2023-12-02
15676,0.0,2023-12-03
15677,14.209498944548214,2023-12-04
15678,7.089622550108566,2023-12-05
15679,1.050691611941609,2023-12-06
15680,6.1471471588492745,2023-12-07
15681,0.0,2023-12-08
15682,0.0,2023-12-09
15683,2.442957371239089,2023-12-10
15684,9.959360098069714,2023-12-11
15685,4.205368343895832,2023-12-12
15686,6.820537340158592,2023-12-13
15687,0.09098023193672605,2023-12-14
15688,2.4185633391439043,2023-12-15
15689,6.088721901902004,2023-12-16
15690,10.063187231639962,2023-12-17
15691,0.0,2023-12-18
15692,0.0,2023-12-19
15693,0.0,2023-12-20
15694,0.0,2023-12-21
15695,2.2313151140576584,2023-12-22
15696,7.155172186597001,2023-12-23
15697,0.0,2023-12-24
15698,0.0,2023-12-25
15699,0.0,2023-12-26
15700,0.0,2023-12-27
15701,0.0,2023-12-28
15702,0.9836331594304953,2023-12-29
15703,15.157873344449358,2023-12-30
15704,0.0,2023-12-31
15705,0.5037631652222352,2024-01-01
15706,12.53574252209705,2024-01-02
15707,0.0,2024-01-03
15708,0.0,2024-01-04
15709,0.0,2024-01-05
15710,0.0,2024-01-06
15711,0.0,2024-01-07
15712,0.34512678571460537,2024-01-08
15713,0.0,2024-01-09
15714,16.222560695609047,2024-01-10
15715,0.1312588475246933,2024-01-11
15716,0.0,2024-01-12
15717,3.7924978236089357,2024-01-13
15718,11.53548461928046,2024-01-14
15719,0.12374012952675917,2024-01-15
15720,0.0,2024-01-16
15721,5.405302105257588,2024-01-17
15722,2.778989387159823,2024-01-18
15723,0.0,2024-01-19
15724,7.007596101089658,2024-01-20
15725,12.825806749545235,2024-01-21
15726,2.524325179997777,2024-01-22
15727,0.0,2024-01-23
15728,0.0,2024-01-24
15729,0.0,2024-01-25
15730,0.0,2024-01-26
15731,0.0,2024-01-27
15732,9.067269596144603,2024-01-28
15733,13.433643072161853,2024-01-29
15734,0.08942147074556771,2024-01-30
15735,0.0,2024-01-31
15736,5.053292947025243,2024-02-01
15737,0.0,2024-02-02
15738,0.0,2024-02-03
15739,0.0,2024-02-04
15740,0.0,2024-02-05
15741,4.261599447762163,2024-02-06
15742,0.0,2024-02-07
15743,0.0,2024-02-08
15744,0.7988801123879173,2024-02-09
15745,0.0,2024-02-10
15746,0.0,2024-02-11
15747,0.0,2024-02-12
15748,0.6624933538688592,2024-02-13
15749,0.043230680985884236,2024-02-14
15750,0.0,2024-02-15
15751,0.0,2024-02-16
15752,0.0,2024-02-17
15753,6.592315663899843,2024-02-18
15754,0.0,2024-02-19
15755,0.0,2024-02-20
15756,4.970271435259376,2024-02-21
15757,0.0,2024-02-22
15758,0.0,2024-02-23
15759,0.0,2024-02-24
15760,0.0,2024-02-25
15761,0.0,2024-02-26
15762,0.0,2024-02-27
15763,0.0,2024-02-28
15764,0.0,2024-02-29
15765,0.6504167903413521,2024-03-01
15766,0.0,2024-03-02
15767,0.0,2024-03-03
15768,0.0,2024-03-04
15769,0.0,2024-03-05
15770,0.0,2024-03-06
15771,0.0,2024-03-07
15772,0.0,2024-03-08
15773,0.0,2024-03-09
15774,3.3776804699576135,2024-03-10
15775,2.072783640137166,2024-03-11
15776,0.0,2024-03-12
15777,0.0,2024-03-13
15778,0.0,2024-03-14
15779,0.0,2024-03-15
15780,0.0,2024-03-16
15781,0.0,2024-03-17
15782,0.0,2024-03-18
15783,0.449892330826902,2024-03-19
15784,0.0,2024-03-20
15785,0.0,2024-03-21
15786,0.0,2024-03-22
15787,0.0,2024-03-23
15788,0.0,2024-03-24
15789,0.0,2024-03-25
15790,0.0,2024-03-26
15791,0.0,2024-03-27
15792,6.440604025038109,2024-03-28
15793,0.5248219393844827,2024-03-29
15794,0.0,2024-03-30
15795,0.0,2024-03-31
15796,0.0,2024-04-01
15797,0.0,2024-04-02
15798,0.0,2024-04-03
15799,0.0,2024-04-04
15800,0.0,2024-04-05
15801,0.0,2024-04-06
15802,0.0,2024-04-07
15803,0.0,2024-04-08
15804,9.825320548172218,2024-04-09
15805,0.0,2024-04-10
15806,0.7630990595796592,2024-04-11
15807,0.7435416651628585,2024-04-12
15808,1.9478628460123393,2024-04-13
15809,0.9982847312992966,2024-04-14
15810,0.15185706130002252,2024-04-15
15811,0.0,2024-04-16
15812,0.0,2024-04-17
15813,0.0,2024-04-18
15814,0.0,2024-04-19
15815,0.0,2024-04-20
15816,0.0,2024-04-21
15817,0.0,2024-04-22
15818,0.0,2024-04-23
15819,0.0,2024-04-24
15820,0.0,2024-04-25
15821,0.0,2024-04-26
15822,0.0,2024-04-27
15823,11.071287696732108,2024-04-28
15824,33.1286779727544,2024-04-29
15825,12.508327910879142,2024-04-30
15826,0.8717676624524631,2024-05-01
15827,0.0,2024-05-02
15828,0.0,2024-05-03
15829,0.0,2024-05-04
15830,0.0,2024-05-05
15831,0.0,2024-05-06
15832,0.0,2024-05-07
15833,0.9406797919734832,2024-05-08
15834,0.03211808608074692,2024-05-09
15835,0.5828505429704169,2024-05-10
15836,3.7527782864235006,2024-05-11
15837,3.9470015925815716,2024-05-12
15838,0.14031119595524855,2024-05-13
15839,7.177975194069645,2024-05-14
15840,0.11301310873451122,2024-05-15
15841,0.7466604310553794,2024-05-16
15842,1.2819664202914562,2024-05-17
15843,1.9934785359660898,2024-05-18
15844,5.634534172116836,2024-05-19
15845,4.352790508801636,2024-05-20
15846,0.01388333076605699,2024-05-21
15847,0.0,2024-05-22
15848,0.0,2024-05-23
15849,0.0,2024-05-24
15850,0.0,2024-05-25
15851,0.3150230794638133,2024-05-26
15852,0.0017770467965134429,2024-05-27
15853,2.5539512538210736,2024-05-28
15854,1.2696711841007136,2024-05-29
15855,0.2350420481158841,2024-05-30
15856,0.0,2024-05-31
15857,0.04778542515819024,2024-06-01
15858,0.0,2024-06-02
15859,0.0,2024-06-03
15860,0.4451062668103976,2024-06-04
15861,2.3832975795751445,2024-06-05
15862,4.7551435999996166,2024-06-06
15863,15.257020085717924,2024-06-07
15864,12.058468620742174,2024-06-08
15865,15.905030957414953,2024-06-09
15866,17.65665895747299,2024-06-10
15867,31.26344150408972,2024-06-11
15868,26.713093599895593,2024-06-12
15869,32.200039319908164,2024-06-13
15870,16.977070319156137,2024-06-14
15871,23.640555375062828,2024-06-15
15872,14.216752890198114,2024-06-16
15873,16.53304042164532,2024-06-17
15874,15.153060940381721,2024-06-18
15875,7.630625037839339,2024-06-19
15876,22.702156555981233,2024-06-20
15877,19.396661917303323,2024-06-21
15878,4.918536721450492,2024-06-22
15879,39.21546782250278,2024-06-23
15880,9.148860739431075,2024-06-24
15881,21.848559281972854,2024-06-25
15882,6.081697074940479,2024-06-26
15883,18.054265661267603,2024-06-27
15884,0.735362578920605,2024-06-28
15885,22.71936250451724,2024-06-29
15886,18.984842810756657,2024-06-30
15887,39.573280778532485,2024-07-01
15888,7.43780470073398,2024-07-02
15889,10.485584988104632,2024-07-03
15890,0.0,2024-07-04
15891,0.0,2024-07-05
15892,6.96795937226315,2024-07-06
15893,5.262122993930696,2024-07-07
15894,3.342906343734159,2024-07-08
15895,19.749883733760566,2024-07-09
15896,15.54407435405988,2024-07-10
15897,16.60387055223639,2024-07-11
15898,12.85934906179255,2024-07-12
15899,1.872778504754791,2024-07-13
15900,11.764805713552882,2024-07-14
15901,2.709897592242512,2024-07-15
15902,1.0716297488618105,2024-07-16
15903,14.762749743195926,2024-07-17
15904,0.0,2024-07-18
15905,22.835167178436464,2024-07-19
15906,26.82184074150153,2024-07-20
15907,26.44221895777236,2024-07-21
15908,0.30109496527752927,2024-07-22
15909,14.726529173445492,2024-07-23
15910,0.0,2024-07-24
15911,1.0369853341055055,2024-07-25
15912,15.546024941363289,2024-07-26
15913,13.11230759894743,2024-07-27
15914,18.220589801419163,2024-07-28
15915,14.203515269483638,2024-07-29
15916,12.36887497079687,2024-07-30
15917,14.120302307542818,2024-07-31
15918,13.791233706684055,2024-08-01
15919,0.05318701167959622,2024-08-02
15920,4.855760325910059,2024-08-03
15921,10.540341206491865,2024-08-04
15922,13.596178894322636,2024-08-05
15923,5.339895428114972,2024-08-06
15924,2.6177857621604046,2024-08-07
15925,0.36414256018977015,2024-08-08
15926,0.9747433065878682,2024-08-09
15927,0.190226905366892,2024-08-10
15928,14.160530923804227,2024-08-11
15929,5.243729328815539,2024-08-12
15930,1.4196100339721727,2024-08-13
15931,9.73671315337206,2024-08-14
15932,1.8481535966235523,2024-08-15
15933,4.630126023781964,2024-08-16
15934,1.3069977190627382,2024-08-17
15935,4.693791634512087,2024-08-18
15936,8.288917319082442,2024-08-19
15937,2.6229258977492886,2024-08-20
15938,4.205161558379175,2024-08-21
15939,4.058848300623405,2024-08-22
15940,3.1930928604973374,2024-08-23
15941,16.469054958072224,2024-08-24
15942,3.8431017013099535,2024-08-25
15943,11.028941154424047,2024-08-26
15944,5.899117738382558,2024-08-27
15945,6.853245025701884,2024-08-28
15946,5.859713920861744,2024-08-29
15947,7.646374178100543,2024-08-30
15948,5.265561469573079,2024-08-31
15949,2.4281912575159605,2024-09-01
15950,4.517642161447632,2024-09-02
15951,9.466812695478064,2024-09-03
15952,6.648881084911986,2024-09-04
15953,10.781717295842439,2024-09-05
15954,11.39089745686551,2024-09-06
15955,8.82359454484979,2024-09-07
15956,24.084015593430863,2024-09-08
15957,24.66844209329823,2024-09-09
15958,8.926098190878148,2024-09-10
15959,2.5379709241537056,2024-09-11
15960,4.710822989220492,2024-09-12
15961,1.4042724192631912,2024-09-13
15962,1.4313543251777323,2024-09-14
15963,2.7883186078211426,2024-09-15
15964,3.6288370569849984,2024-09-16
15965,2.6997282471475006,2024-09-17
15966,3.6445639444026776,2024-09-18
15967,2.344339873532046,2024-09-19
15968,1.2639588951714928,2024-09-20
15969,12.468030310236466,2024-09-21
15970,0.10715965651347141,2024-09-22
15971,6.657224998753792,2024-09-23
15972,14.929907108849445,2024-09-24
15973,6.379304283930759,2024-09-25
15974,1.6737935507262558,2024-09-26
15975,14.390331744979902,2024-09-27
15976,24.262809061234993,2024-09-28
15977,0.0,2024-09-29
15978,17.15851180708652,2024-09-30
15979,13.063372178007779,2024-10-01
15980,25.508447536569186,2024-10-02
15981,21.632491288618603,2024-10-03
15982,3.789345156957676,2024-10-04
15983,13.853904444842748,2024-10-05
15984,0.5633399342511758,2024-10-06
15985,10.18598801470222,2024-10-07
15986,19.260974626457227,2024-10-08
15987,0.0,2024-10-09
15988,0.0,2024-10-10
15989,0.0,2024-10-11
15990,0.8068151078545803,2024-10-12
15991,0.0,2024-10-13
15992,0.0,2024-10-14
15993,0.11176652203557079,2024-10-15
15994,0.0,2024-10-16
15995,9.024706956578141,2024-10-17
15996,0.0,2024-10-18
15997,27.205629894055235,2024-10-19
15998,20.591389440105814,2024-10-20
15999,28.2272116969268,2024-10-21
16000,3.6356816602242654,2024-10-22
16001,0.0,2024-10-23
16002,0.0,2024-10-24
16003,0.0,2024-10-25
16004,0.0,2024-10-26
16005,0.0,2024-10-27
16006,0.0,2024-10-28
16007,0.0,2024-10-29
16008,0.0,2024-10-30
16009,0.0,2024-10-31
16010,3.1305430370062326,2024-11-01
16011,0.23326543760439516,2024-11-02
16012,0.5949844647432703,2024-11-03
16013,0.28976840721197494,2024-11-04
16014,0.0,2024-11-05
16015,0.0,2024-11-06
16016,0.16871505614249938,2024-11-07
16017,0.0,2024-11-08
16018,0.0,2024-11-09
16019,1.4978946006193192,2024-11-10
16020,13.08512174276313,2024-11-11
16021,7.8892576811390525,2024-11-12
16022,0.024288414202827163,2024-11-13
16023,0.49755552479248943,2024-11-14
16024,4.408807877976874,2024-11-15
16025,85.90843507324847,2024-11-16
16026,9.348242325433187,2024-11-17
16027,1.5385354047227118,2024-11-18
16028,0.6322384470019523,2024-11-19
16029,8.128203443488069,2024-11-20
16030,63.66394678518568,2024-11-21
16031,1.272429721614133,2024-11-22
16032,0.9871467365057937,2024-11-23
16033,0.0,2024-11-24
16034,0.0,2024-11-25
16035,1.6942870256418359,2024-11-26
16036,0.9186649618120838,2024-11-27
16037,0.0,2024-11-28
16038,0.0,2024-11-29
16039,0.0,2024-11-30
16040,0.0,2024-12-01
16041,0.0,2024-12-02
16042,0.0,2024-12-03
16043,0.0,2024-12-04
16044,0.0,2024-12-05
16045,0.0,2024-12-06
16046,0.0,2024-12-07
16047,0.0,2024-12-08
16048,0.0,2024-12-09
16049,0.0,2024-12-10
16050,0.0,2024-12-11
16051,94.53167563966996,2024-12-12
16052,0.0,2024-12-13
16053,0.0,2024-12-14
16054,0.0,2024-12-15
16055,0.0,2024-12-16
16056,0.0,2024-12-17
16057,0.0,2024-12-18
16058,0.0,2024-12-19
16059,0.8113108659559682,2024-12-20
16060,0.0,2024-12-21
16061,0.0,2024-12-22
16062,0.0,2024-12-23
16063,0.0,2024-12-24
16064,19.67777199115921,2024-12-25
16065,9.703082238026726,2024-12-26
16066,0.0,2024-12-27
16067,0.0,2024-12-28
16068,9.769980624582061,2024-12-29
16069,35.785752512241054,2024-12-30
16070,0.0,2024-12-31
16071,8.930599897054636,2025-01-01
16072,42.99935178605693,2025-01-02
16073,2.5504285972908445,2025-01-03
16074,1.1759431787250327,2025-01-04
16075,0.06431972984694316,2025-01-05
16076,0.0,2025-01-06
16077,0.0,2025-01-07
16078,1.3372126470213412,2025-01-08
16079,1.0980007876958318,2025-01-09
16080,0.0,2025-01-10
16081,0.0,2025-01-11
16082,0.0,2025-01-12
16083,0.0,2025-01-13
16084,1.7829445136397466,2025-01-14
16085,1.0119134824366864,2025-01-15
16086,1.3531802363130006,2025-01-16
16087,0.0,2025-01-17
16088,0.0,2025-01-18
16089,0.0,2025-01-19
16090,1.2406879336673144,2025-01-20
16091,5.502380035853456,2025-01-21
16092,25.042107538351914,2025-01-22
16093,5.86190392407504,2025-01-23
16094,11.969465396243457,2025-01-24
16095,23.297552178766015,2025-01-25
16096,1.1468248038697453,2025-01-26
16097,1.0810530503963793,2025-01-27
16098,0.4050852720199093,2025-01-28
16099,0.0,2025-01-29
16100,0.0,2025-01-30
16101,0.0,2025-01-31
16102,0.0,2025-02-01
16103,0.536232475101773,2025-02-02
16104,0.0,2025-02-03
16105,4.208021355877873,2025-02-04
16106,0.8392244417576497,2025-02-05
16107,3.1001797351879103,2025-02-06
16108,2.5324053634960975,2025-02-07
16109,7.655371534132189,2025-02-08
16110,2.234074533975019,2025-02-09
16111,2.6768811222604993,2025-02-10
16112,0.0,2025-02-11
16113,0.0,2025-02-12
16114,0.0,2025-02-13
16115,6.386186168256742,2025-02-14
16116,5.949792829049299,2025-02-15
16117,2.9623402008213255,2025-02-16
16118,46.91893115046436,2025-02-17
16119,0.2671134301294679,2025-02-18
16120,1.9463032626266705,2025-02-19
16121,5.119544641209488,2025-02-20
16122,2.3836656896249995,2025-02-21
16123,6.699209505064396,2025-02-22
16124,0.0,2025-02-23
16125,0.0,2025-02-24
16126,0.0,2025-02-25
16127,0.5621477240079308,2025-02-26
16128,0.5163895601628462,2025-02-27
16129,4.68112991021875,2025-02-28
16130,1.379031448308324,2025-03-01
16131,0.0,2025-03-02
16132,0.0,2025-03-03
16133,0.0,2025-03-04
16134,0.0,2025-03-05
16135,0.0,2025-03-06
16136,0.0,2025-03-07
16137,0.0,2025-03-08
16138,0.0,2025-03-09
16139,2.830252064567857,2025-03-10
16140,2.6293174553197147,2025-03-11
16141,0.0,2025-03-12
16142,0.0,2025-03-13
16143,0.0,2025-03-14
16144,0.0,2025-03-15
16145,0.0,2025-03-16
16146,26.734602716032015,2025-03-17
16147,0.07963401967828924,2025-03-18
16148,0.0,2025-03-19
16149,0.0,2025-03-20
16150,0.8872447087967501,2025-03-21
16151,0.0,2025-03-22
16152,0.0,2025-03-23
16153,0.0,2025-03-24
16154,0.0,2025-03-25
16155,0.915557212438052,2025-03-26
16156,0.0,2025-03-27
16157,1.8340244709361684,2025-03-28
16158,0.4974768690629439,2025-03-29
16159,0.0,2025-03-30
16160,4.516854857950967,2025-03-31
16161,0.0027954537847524517,2025-04-01
16162,1.948464722157923,2025-04-02
16163,2.2975095662763048,2025-04-03
16164,0.15024882845165444,2025-04-04
16165,6.093886110607831,2025-04-05
16166,10.327025129368579,2025-04-06
16167,5.166960976284621,2025-04-07
16168,10.996300715533172,2025-04-08
16169,5.438472742265271,2025-04-09
16170,3.0928108226798496,2025-04-10
16171,0.0,2025-04-11
16172,0.0,2025-04-12
16173,0.0,2025-04-13
16174,0.0,2025-04-14
16175,0.0,2025-04-15
16176,0.0,2025-04-16
16177,0.0,2025-04-17
16178,0.0,2025-04-18
16179,0.0,2025-04-19
16180,0.0,2025-04-20
16181,0.003364511808691836,2025-04-21
16182,0.17687217094331892,2025-04-22
16183,0.0,2025-04-23
16184,0.0,2025-04-24
16185,0.0,2025-04-25
16186,0.3605925149581999,2025-04-26
16187,0.0,2025-04-27
16188,0.0,2025-04-28
16189,0.008093838174322134,2025-04-29
16190,0.0,2025-04-30
16191,0.0,2025-05-01
16192,0.054719117799462466,2025-05-02
16193,2.3974256264079705,2025-05-03
16194,3.77995197821922,2025-05-04
16195,4.729084165382945,2025-05-05
16196,0.6484826310070729,2025-05-06
16197,0.35747153166539525,2025-05-07
16198,0.8605554690441428,2025-05-08
16199,5.691786356615533,2025-05-09
16200,38.165577949121214,2025-05-10
16201,7.036867773400025,2025-05-11
16202,0.0,2025-05-12
16203,0.0,2025-05-13
16204,4.203327628021016,2025-05-14
16205,0.5529906892147234,2025-05-15
16206,0.5568680433828459,2025-05-16
16207,0.9388497582558665,2025-05-17
16208,0.6146796355586598,2025-05-18
16209,0.7351392489968858,2025-05-19
16210,0.12153672790138426,2025-05-20
16211,0.40020093845132515,2025-05-21
16212,0.02706681947903899,2025-05-22
16213,2.8402929826495935,2025-05-23
16214,0.0,2025-05-24
16215,0.0,2025-05-25
16216,0.5653476200495298,2025-05-26
16217,0.0,2025-05-27
16218,2.6242611616867384,2025-05-28
16219,1.8004815040375828,2025-05-29
16220,0.0,2025-05-30
16221,0.18239682930305903,2025-05-31
16222,0.17619777864025485,2025-06-01
16223,1.574747689909949,2025-06-02
16224,14.830168723668518,2025-06-03
16225,39.2681115661129,2025-06-04
16226,25.051010713437442,2025-06-05
16227,17.97496967430339,2025-06-06
16228,4.839105775866691,2025-06-07
16229,0.5281840217847629,2025-06-08
16230,0.026229613827120874,2025-06-09
16231,5.343469208943881,2025-06-10
16232,7.297599519326887,2025-06-11
16233,5.63196393947098,2025-06-12
16234,2.9523321798260262,2025-06-13
16235,3.6514591192989423,2025-06-14
16236,15.505417502506731,2025-06-15
16237,17.710325575182516,2025-06-16
16238,23.698233116798736,2025-06-17
16239,18.536397286468233,2025-06-18
16240,28.59163345750826,2025-06-19
16241,40.2128047429921,2025-06-20
16242,20.146470593762896,2025-06-21
16243,2.1252828374286548,2025-06-22
16244,9.59066606488046,2025-06-23
16245,0.0,2025-06-24
16246,0.14992067275508758,2025-06-25
16247,9.249057390990496,2025-06-26
16248,10.531617605175793,2025-06-27
16249,15.780506474279587,2025-06-28
16250,22.639343785820117,2025-06-29
16251,5.571698629289778,2025-06-30
16252,8.137674321778706,2025-07-01
16253,2.7476099349536507,2025-07-02
16254,4.536377632841689,2025-07-03
16255,3.748293489312147,2025-07-04
16256,3.4602085687827513,2025-07-05
16257,7.65935555298657,2025-07-06
16258,16.788986469587627,2025-07-07
16259,22.816735868370078,2025-07-08
16260,0.0,2025-07-09
16261,3.30327914545613,2025-07-10
16262,1.677526864572005,2025-07-11
16263,0.2820058376838035,2025-07-12
16264,3.5766672180544945,2025-07-13
16265,2.9272604781231926,2025-07-14
16266,0.09412005360175438,2025-07-15
16267,0.00731672930228046,2025-07-16
16268,0.0,2025-07-17
16269,1.6419147622899923,2025-07-18
16270,21.113466106677688,2025-07-19
16271,0.9973554429979969,2025-07-20
16272,0.6784016127880018,2025-07-21
16273,0.04012196582783002,2025-07-22
16274,0.0,2025-07-23
16275,1.302889557639874,2025-07-24
16276,13.413402886208901,2025-07-25
16277,0.0,2025-07-26
16278,15.75123011245056,2025-07-27
16279,2.7570844300121857,2025-07-28
16280,15.38646091897467,2025-07-29
16281,13.396139660944339,2025-07-30
16282,18.03501045131963,2025-07-31
16283,3.3861954719230223,2025-08-01
16284,27.731167735102584,2025-08-02
16285,0.0,2025-08-03
16286,0.0,2025-08-04
16287,6.30773197045424,2025-08-05
16288,1.895022736322845,2025-08-06
16289,0.5842534057695496,2025-08-07
16290,0.0,2025-08-08
16291,3.476970231791745,2025-08-09
16292,11.86940040361846,2025-08-10
16293,5.646389120107522,2025-08-11
16294,0.7329987658503468,2025-08-12
16295,0.0,2025-08-13
16296,2.8518019861909307,2025-08-14
16297,2.0556800828861004,2025-08-15
16298,0.0,2025-08-16
16299,3.8979832261608487,2025-08-17
16300,0.0,2025-08-18
16301,0.03574143686602193,2025-08-19
16302,0.0,2025-08-20
16303,9.342025805694266,2025-08-21
16304,19.151068285357564,2025-08-22
16305,4.364084448716508,2025-08-23
16306,3.8884235628748915,2025-08-24
16307,2.0189635059490936,2025-08-25
16308,4.276933677818769,2025-08-26
16309,13.89352442744191,2025-08-27
16310,6.424037055521766,2025-08-28
16311,3.6370816403050577,2025-08-29
16312,26.1648237263632,2025-08-30
16313,8.935708863826093,2025-08-31
16314,0.4579521172207472,2025-09-01
16315,0.9842429127371556,2025-09-02
16316,9.788653563753945,2025-09-03
16317,4.605445619608301,2025-09-04
16318,0.0,2025-09-05
16319,2.125881393522112,2025-09-06
16320,3.3055441057647084,2025-09-07
16321,18.667535877563388,2025-09-08
16322,27.3651443395307,2025-09-09
16323,4.913377739998602,2025-09-10
16324,25.730421181508166,2025-09-11
16325,0.9013361188603288,2025-09-12
16326,0.5928906758999195,2025-09-13
16327,5.941774757642552,2025-09-14
16328,13.584364224542975,2025-09-15
16329,12.582800814609026,2025-09-16
16330,33.005905285161255,2025-09-17
16331,35.34203040931231,2025-09-18
16332,11.357929762843069,2025-09-19
16333,43.37203036367019,2025-09-20
16334,18.65884308672372,2025-09-21
16335,21.94255284664569,2025-09-22
16336,24.18104556903113,2025-09-23
16337,16.568669045803485,2025-09-24
16338,0.0,2025-09-25
16339,0.6974270581779591,2025-09-26
16340,23.643111257469194,2025-09-27
16341,1.2966957394048966,2025-09-28
16342,2.578032055963869,2025-09-29
16343,10.623796102070736,2025-09-30
16344,7.31410499897171,2025-10-01
16345,3.498673708292047,2025-10-02
16346,38.74915165641091,2025-10-03
16347,14.826960283206704,2025-10-04
16348,23.02103926364977,2025-10-05
16349,24.27689045366304,2025-10-06
16350,46.17598127393079,2025-10-07
16351,2.8761792873916745,2025-10-08
16352,12.820743311017841,2025-10-09
16353,8.928594505863805,2025-10-10
16354,24.431825323971832,2025-10-11
16355,0.0,2025-10-12
16356,0.0,2025-10-13
16357,0.0,2025-10-14
16358,1.279056998445841,2025-10-15
16359,0.0,2025-10-16
16360,0.0,2025-10-17
16361,1.5638418275939405,2025-10-18
16362,14.094062481765521,2025-10-19
16363,38.806272068750836,2025-10-20
16364,6.467295777105517,2025-10-21
16365,0.0,2025-10-22
16366,0.0,2025-10-23
16367,0.0,2025-10-24
16368,0.0,2025-10-25
16369,0.0,2025-10-26
16370,0.0,2025-10-27
16371,0.0,2025-10-28
16372,0.0,2025-10-29
16373,0.0,2025-10-30
16374,0.0,2025-10-31
16375,0.0,2025-11-01
16376,0.0,2025-11-02
16377,4.641516157776729,2025-11-03
16378,0.0,2025-11-04
16379,0.0,2025-11-05
16380,0.0,2025-11-06
16381,0.0,2025-11-07
16382,0.6791539078094393,2025-11-08
16383,0.0,2025-11-09
16384,60.25262715415172,2025-11-10
16385,0.0,2025-11-11
16386,1.008070200083892,2025-11-12
16387,0.0,2025-11-13
16388,0.0,2025-11-14
16389,0.0,2025-11-15
16390,0.0,2025-11-16
16391,0.9646361986143497,2025-11-17
16392,0.0,2025-11-18
16393,1.7104480889395886,2025-11-19
16394,0.0,2025-11-20
16395,0.23630951196435956,2025-11-21
16396,1.236184237704249,2025-11-22
16397,3.914616742308887,2025-11-23
16398,2.469402474287318,2025-11-24
16399,0.09126391722506619,2025-11-25
16400,0.7405565374643921,2025-11-26
16401,4.721586900540463,2025-11-27
16402,6.990246485125633,2025-11-28
16403,10.123165134502644,2025-11-29
16404,1.701750380199326,2025-11-30
16405,5.19679146940058,2025-12-01
16406,9.690174817507568,2025-12-02
16407,2.670385014766122,2025-12-03
16408,0.0,2025-12-04
16409,0.19510739796322465,2025-12-05
16410,0.0,2025-12-06
16411,0.0,2025-12-07
16412,0.0,2025-12-08
16413,7.364645884785135,2025-12-09
16414,0.0,2025-12-10
16415,0.0,2025-12-11
16416,0.0,2025-12-12
16417,0.0,2025-12-13
16418,0.29572129025836846,2025-12-14
16419,5.760030992177924,2025-12-15
16420,3.8522922079024777,2025-12-16
16421,3.4761242485885404,2025-12-17
16422,10.698202723505911,2025-12-18
16423,73.97388689653614,2025-12-19
16424,6.117361595707555,2025-12-20
16425,0.3400241229261471,2025-12-21
16426,0.0,2025-12-22
16427,0.08843045925464799,2025-12-23
16428,22.915163223065235,2025-12-24
16429,2.879159963641349,2025-12-25
16430,1.539842442459375,2025-12-26
16431,2.267290249178487,2025-12-27
16432,0.0,2025-12-28
16433,0.0,2025-12-29
16434,5.230413397484162,2025-12-30
